uf,cargo,nome_citado,partido_citado,id_tse,slug,nome_urna,status,motivo,natureza,medida,posicao,percentual,instituto,contratante,registro_tse,campo_inicio,campo_fim,entrevistas,margem,confianca,coleta,tipo,fonte,fonte_url,data_acesso
RJ,depfed,Altineu Cortês,PL,190002532810,,ALTINEU CORTES,resolvido,nome de urna e partido conferem,registrada,citado espontaneamente entre os mais lembrados,,,Prefab Future,Diário do Rio,RJ-02770/2026,2026-07-24,2026-07-29,2000,2.19,95,presencial,espontanea,"Prefab Future / Diário do Rio, registro TSE RJ-02770/2026",https://diariodorio.com/pesquisa-diario-do-rio-prefab-revela-os-candidatos-a-deputado-mais-citados-no-rio/,2026-09-10
RJ,depfed,Áureo Ribeiro,SOLIDARIEDADE,190002534839,,AUREO RIBEIRO,resolvido,nome de urna e partido conferem,registrada,citado espontaneamente entre os mais lembrados,,,Prefab Future,Diário do Rio,RJ-02770/2026,2026-07-24,2026-07-29,2000,2.19,95,presencial,espontanea,"Prefab Future / Diário do Rio, registro TSE RJ-02770/2026",https://diariodorio.com/pesquisa-diario-do-rio-prefab-revela-os-candidatos-a-deputado-mais-citados-no-rio/,2026-09-10
RJ,depfed,Bebeto,PP,190002541063,,BEBETO,resolvido,nome de urna e partido conferem,registrada,citado espontaneamente entre os mais lembrados,,,Prefab Future,Diário do Rio,RJ-02770/2026,2026-07-24,2026-07-29,2000,2.19,95,presencial,espontanea,"Prefab Future / Diário do Rio, registro TSE RJ-02770/2026",https://diariodorio.com/pesquisa-diario-do-rio-prefab-revela-os-candidatos-a-deputado-mais-citados-no-rio/,2026-09-10
RJ,depfed,Daniela Carneiro,REPUBLICANOS,190002543344,,DANIELA DO WAGUINHO,resolvido,"nome civil da matéria dentro do nome completo registrado; concorre como ""DANIELA DO WAGUINHO""",registrada,citado espontaneamente entre os mais lembrados,,,Prefab Future,Diário do Rio,RJ-02770/2026,2026-07-24,2026-07-29,2000,2.19,95,presencial,espontanea,"Prefab Future / Diário do Rio, registro TSE RJ-02770/2026",https://diariodorio.com/pesquisa-diario-do-rio-prefab-revela-os-candidatos-a-deputado-mais-citados-no-rio/,2026-09-10
RJ,depfed,Diogo Balieiro,PL,190002532816,,DIOGO BALIEIRO DINIZ,resolvido,"nome civil da matéria dentro do nome completo registrado; concorre como ""DIOGO BALIEIRO DINIZ""",registrada,citado espontaneamente entre os mais lembrados,,,Prefab Future,Diário do Rio,RJ-02770/2026,2026-07-24,2026-07-29,2000,2.19,95,presencial,espontanea,"Prefab Future / Diário do Rio, registro TSE RJ-02770/2026",https://diariodorio.com/pesquisa-diario-do-rio-prefab-revela-os-candidatos-a-deputado-mais-citados-no-rio/,2026-09-10
RJ,depfed,Dr. João,PSDB,190002550507,,DR. JOÃO,resolvido,nome de urna e partido conferem,registrada,citado espontaneamente entre os mais lembrados,,,Prefab Future,Diário do Rio,RJ-02770/2026,2026-07-24,2026-07-29,2000,2.19,95,presencial,espontanea,"Prefab Future / Diário do Rio, registro TSE RJ-02770/2026",https://diariodorio.com/pesquisa-diario-do-rio-prefab-revela-os-candidatos-a-deputado-mais-citados-no-rio/,2026-09-10
RJ,depfed,Dr. Luizinho,PP,190002541060,,DR. LUIZINHO,resolvido,nome de urna e partido conferem,registrada,citado espontaneamente entre os mais lembrados,,,Prefab Future,Diário do Rio,RJ-02770/2026,2026-07-24,2026-07-29,2000,2.19,95,presencial,espontanea,"Prefab Future / Diário do Rio, registro TSE RJ-02770/2026",https://diariodorio.com/pesquisa-diario-do-rio-prefab-revela-os-candidatos-a-deputado-mais-citados-no-rio/,2026-09-10
RJ,depfed,Fabiano Horta,PT,190002543065,,FABIANO HORTA,resolvido,nome de urna e partido conferem,registrada,citado espontaneamente entre os mais lembrados,,,Prefab Future,Diário do Rio,RJ-02770/2026,2026-07-24,2026-07-29,2000,2.19,95,presencial,espontanea,"Prefab Future / Diário do Rio, registro TSE RJ-02770/2026",https://diariodorio.com/pesquisa-diario-do-rio-prefab-revela-os-candidatos-a-deputado-mais-citados-no-rio/,2026-09-10
RJ,depfed,Felipe Curi,PP,190002541068,,DELEGADO FELIPE CURI,resolvido,"nome civil da matéria dentro do nome completo registrado; concorre como ""DELEGADO FELIPE CURI""",registrada,citado espontaneamente entre os mais lembrados,,,Prefab Future,Diário do Rio,RJ-02770/2026,2026-07-24,2026-07-29,2000,2.19,95,presencial,espontanea,"Prefab Future / Diário do Rio, registro TSE RJ-02770/2026",https://diariodorio.com/pesquisa-diario-do-rio-prefab-revela-os-candidatos-a-deputado-mais-citados-no-rio/,2026-09-10
RJ,depfed,Fernando Jordão,MDB,190002539332,,FERNANDO JORDÃO,resolvido,nome de urna e partido conferem,registrada,citado espontaneamente entre os mais lembrados,,,Prefab Future,Diário do Rio,RJ-02770/2026,2026-07-24,2026-07-29,2000,2.19,95,presencial,espontanea,"Prefab Future / Diário do Rio, registro TSE RJ-02770/2026",https://diariodorio.com/pesquisa-diario-do-rio-prefab-revela-os-candidatos-a-deputado-mais-citados-no-rio/,2026-09-10
RJ,depfed,Filippe Poubel,PL,190002532809,,POUBEL,resolvido,"nome civil da matéria dentro do nome completo registrado; concorre como ""POUBEL""",registrada,citado espontaneamente entre os mais lembrados,,,Prefab Future,Diário do Rio,RJ-02770/2026,2026-07-24,2026-07-29,2000,2.19,95,presencial,espontanea,"Prefab Future / Diário do Rio, registro TSE RJ-02770/2026",https://diariodorio.com/pesquisa-diario-do-rio-prefab-revela-os-candidatos-a-deputado-mais-citados-no-rio/,2026-09-10
RJ,depfed,Glauber Braga,PSOL,190002536155,,GLAUBER BRAGA,resolvido,nome de urna e partido conferem,registrada,citado espontaneamente entre os mais lembrados,,,Prefab Future,Diário do Rio,RJ-02770/2026,2026-07-24,2026-07-29,2000,2.19,95,presencial,espontanea,"Prefab Future / Diário do Rio, registro TSE RJ-02770/2026",https://diariodorio.com/pesquisa-diario-do-rio-prefab-revela-os-candidatos-a-deputado-mais-citados-no-rio/,2026-09-10
RJ,depfed,Gutemberg Reis,MDB,190002539336,,GUTEMBERG REIS,resolvido,nome de urna e partido conferem,registrada,citado espontaneamente entre os mais lembrados,,,Prefab Future,Diário do Rio,RJ-02770/2026,2026-07-24,2026-07-29,2000,2.19,95,presencial,espontanea,"Prefab Future / Diário do Rio, registro TSE RJ-02770/2026",https://diariodorio.com/pesquisa-diario-do-rio-prefab-revela-os-candidatos-a-deputado-mais-citados-no-rio/,2026-09-10
RJ,depfed,Henrique Vieira,PSOL,190002536145,,PASTOR HENRIQUE VIEIRA,resolvido,"nome civil da matéria dentro do nome completo registrado; concorre como ""PASTOR HENRIQUE VIEIRA""",registrada,citado espontaneamente entre os mais lembrados,,,Prefab Future,Diário do Rio,RJ-02770/2026,2026-07-24,2026-07-29,2000,2.19,95,presencial,espontanea,"Prefab Future / Diário do Rio, registro TSE RJ-02770/2026",https://diariodorio.com/pesquisa-diario-do-rio-prefab-revela-os-candidatos-a-deputado-mais-citados-no-rio/,2026-09-10
RJ,depfed,Jandira Feghali,PCDOB,190002543096,,JANDIRA FEGHALI,resolvido,nome de urna e partido conferem,registrada,citado espontaneamente entre os mais lembrados,,,Prefab Future,Diário do Rio,RJ-02770/2026,2026-07-24,2026-07-29,2000,2.19,95,presencial,espontanea,"Prefab Future / Diário do Rio, registro TSE RJ-02770/2026",https://diariodorio.com/pesquisa-diario-do-rio-prefab-revela-os-candidatos-a-deputado-mais-citados-no-rio/,2026-09-10
RJ,depfed,Jorge Miranda,PL,190002532823,,JORGE MIRANDA,resolvido,nome de urna e partido conferem,registrada,citado espontaneamente entre os mais lembrados,,,Prefab Future,Diário do Rio,RJ-02770/2026,2026-07-24,2026-07-29,2000,2.19,95,presencial,espontanea,"Prefab Future / Diário do Rio, registro TSE RJ-02770/2026",https://diariodorio.com/pesquisa-diario-do-rio-prefab-revela-os-candidatos-a-deputado-mais-citados-no-rio/,2026-09-10
RJ,depfed,Juninho do Pneu,PSDB,190002550520,,JUNINHO DO PNEU,resolvido,nome de urna e partido conferem,registrada,citado espontaneamente entre os mais lembrados,,,Prefab Future,Diário do Rio,RJ-02770/2026,2026-07-24,2026-07-29,2000,2.19,95,presencial,espontanea,"Prefab Future / Diário do Rio, registro TSE RJ-02770/2026",https://diariodorio.com/pesquisa-diario-do-rio-prefab-revela-os-candidatos-a-deputado-mais-citados-no-rio/,2026-09-10
RJ,depfed,Lindbergh Farias,PT,190002543101,,LINDBERGH,resolvido,"nome civil da matéria dentro do nome completo registrado; concorre como ""LINDBERGH""",registrada,citado espontaneamente entre os mais lembrados,,,Prefab Future,Diário do Rio,RJ-02770/2026,2026-07-24,2026-07-29,2000,2.19,95,presencial,espontanea,"Prefab Future / Diário do Rio, registro TSE RJ-02770/2026",https://diariodorio.com/pesquisa-diario-do-rio-prefab-revela-os-candidatos-a-deputado-mais-citados-no-rio/,2026-09-10
RJ,depfed,Luciano Vieira,PSDB,190002550510,,LUCIANO VIEIRA,resolvido,nome de urna e partido conferem,registrada,citado espontaneamente entre os mais lembrados,,,Prefab Future,Diário do Rio,RJ-02770/2026,2026-07-24,2026-07-29,2000,2.19,95,presencial,espontanea,"Prefab Future / Diário do Rio, registro TSE RJ-02770/2026",https://diariodorio.com/pesquisa-diario-do-rio-prefab-revela-os-candidatos-a-deputado-mais-citados-no-rio/,2026-09-10
RJ,depfed,Luis Carlos Gomes,REPUBLICANOS,190002543363,,LUIS CARLOS GOMES,resolvido,nome de urna e partido conferem,registrada,citado espontaneamente entre os mais lembrados,,,Prefab Future,Diário do Rio,RJ-02770/2026,2026-07-24,2026-07-29,2000,2.19,95,presencial,espontanea,"Prefab Future / Diário do Rio, registro TSE RJ-02770/2026",https://diariodorio.com/pesquisa-diario-do-rio-prefab-revela-os-candidatos-a-deputado-mais-citados-no-rio/,2026-09-10
RJ,depfed,Luiz Lima,NOVO,190002534633,,LUIZ LIMA,resolvido,nome de urna e partido conferem,registrada,citado espontaneamente entre os mais lembrados,,,Prefab Future,Diário do Rio,RJ-02770/2026,2026-07-24,2026-07-29,2000,2.19,95,presencial,espontanea,"Prefab Future / Diário do Rio, registro TSE RJ-02770/2026",https://diariodorio.com/pesquisa-diario-do-rio-prefab-revela-os-candidatos-a-deputado-mais-citados-no-rio/,2026-09-10
RJ,depfed,Manoela Peres,PL,190002532804,,MANOELA PERES,resolvido,nome de urna e partido conferem,registrada,citado espontaneamente entre os mais lembrados,,,Prefab Future,Diário do Rio,RJ-02770/2026,2026-07-24,2026-07-29,2000,2.19,95,presencial,espontanea,"Prefab Future / Diário do Rio, registro TSE RJ-02770/2026",https://diariodorio.com/pesquisa-diario-do-rio-prefab-revela-os-candidatos-a-deputado-mais-citados-no-rio/,2026-09-10
RJ,depfed,Marcelo Freixo,PT,190002543092,,FREIXO,resolvido,"nome civil da matéria dentro do nome completo registrado; concorre como ""FREIXO""",registrada,citado espontaneamente entre os mais lembrados,,,Prefab Future,Diário do Rio,RJ-02770/2026,2026-07-24,2026-07-29,2000,2.19,95,presencial,espontanea,"Prefab Future / Diário do Rio, registro TSE RJ-02770/2026",https://diariodorio.com/pesquisa-diario-do-rio-prefab-revela-os-candidatos-a-deputado-mais-citados-no-rio/,2026-09-10
RJ,depfed,Renan Ferreirinha,PSD,190002540157,,RENAN FERREIRINHA,resolvido,nome de urna e partido conferem,registrada,citado espontaneamente entre os mais lembrados,,,Prefab Future,Diário do Rio,RJ-02770/2026,2026-07-24,2026-07-29,2000,2.19,95,presencial,espontanea,"Prefab Future / Diário do Rio, registro TSE RJ-02770/2026",https://diariodorio.com/pesquisa-diario-do-rio-prefab-revela-os-candidatos-a-deputado-mais-citados-no-rio/,2026-09-10
RJ,depfed,Renato Araújo,PL,190002532803,,RENATO ARAÚJO,resolvido,nome de urna e partido conferem,registrada,citado espontaneamente entre os mais lembrados,,,Prefab Future,Diário do Rio,RJ-02770/2026,2026-07-24,2026-07-29,2000,2.19,95,presencial,espontanea,"Prefab Future / Diário do Rio, registro TSE RJ-02770/2026",https://diariodorio.com/pesquisa-diario-do-rio-prefab-revela-os-candidatos-a-deputado-mais-citados-no-rio/,2026-09-10
RJ,depfed,Ricardo Abrão,PSDB,190002550483,,RICARDO ABRÃO,resolvido,nome de urna e partido conferem,registrada,citado espontaneamente entre os mais lembrados,,,Prefab Future,Diário do Rio,RJ-02770/2026,2026-07-24,2026-07-29,2000,2.19,95,presencial,espontanea,"Prefab Future / Diário do Rio, registro TSE RJ-02770/2026",https://diariodorio.com/pesquisa-diario-do-rio-prefab-revela-os-candidatos-a-deputado-mais-citados-no-rio/,2026-09-10
RJ,depfed,Rosângela Gomes,REPUBLICANOS,190002543347,,ROSANGELA GOMES,resolvido,nome de urna e partido conferem,registrada,citado espontaneamente entre os mais lembrados,,,Prefab Future,Diário do Rio,RJ-02770/2026,2026-07-24,2026-07-29,2000,2.19,95,presencial,espontanea,"Prefab Future / Diário do Rio, registro TSE RJ-02770/2026",https://diariodorio.com/pesquisa-diario-do-rio-prefab-revela-os-candidatos-a-deputado-mais-citados-no-rio/,2026-09-10
RJ,depfed,Sóstenes Cavalcante,PL,190002532795,,SÓSTENES CAVALCANTE,resolvido,nome de urna e partido conferem,registrada,citado espontaneamente entre os mais lembrados,,,Prefab Future,Diário do Rio,RJ-02770/2026,2026-07-24,2026-07-29,2000,2.19,95,presencial,espontanea,"Prefab Future / Diário do Rio, registro TSE RJ-02770/2026",https://diariodorio.com/pesquisa-diario-do-rio-prefab-revela-os-candidatos-a-deputado-mais-citados-no-rio/,2026-09-10
RJ,depfed,Wellington Braga,AVANTE,,,,nao_registrado,"citado na pesquisa, mas sem candidatura registrada no RJ (o campo foi em julho, antes do registro)",registrada,citado espontaneamente entre os mais lembrados,,,Prefab Future,Diário do Rio,RJ-02770/2026,2026-07-24,2026-07-29,2000,2.19,95,presencial,espontanea,"Prefab Future / Diário do Rio, registro TSE RJ-02770/2026",https://diariodorio.com/pesquisa-diario-do-rio-prefab-revela-os-candidatos-a-deputado-mais-citados-no-rio/,2026-09-10
RJ,depfed,Wladimir Garotinho,PL,190002532805,,WLADIMIR GAROTINHO,resolvido,nome de urna e partido conferem,registrada,citado espontaneamente entre os mais lembrados,,,Prefab Future,Diário do Rio,RJ-02770/2026,2026-07-24,2026-07-29,2000,2.19,95,presencial,espontanea,"Prefab Future / Diário do Rio, registro TSE RJ-02770/2026",https://diariodorio.com/pesquisa-diario-do-rio-prefab-revela-os-candidatos-a-deputado-mais-citados-no-rio/,2026-09-10
RJ,depest,Ana Paula Mendes,PSD,190002538053,,ANA PAULA MENDES,resolvido,nome de urna e partido conferem,registrada,citado espontaneamente entre os mais lembrados,,,Prefab Future,Diário do Rio,RJ-02770/2026,2026-07-24,2026-07-29,2000,2.19,95,presencial,espontanea,"Prefab Future / Diário do Rio, registro TSE RJ-02770/2026",https://diariodorio.com/pesquisa-diario-do-rio-prefab-revela-os-candidatos-a-deputado-mais-citados-no-rio/,2026-09-10
RJ,depest,André Ceciliano,PT,190002543309,,ANDRÉ CECILIANO,resolvido,nome de urna e partido conferem,registrada,citado espontaneamente entre os mais lembrados,,,Prefab Future,Diário do Rio,RJ-02770/2026,2026-07-24,2026-07-29,2000,2.19,95,presencial,espontanea,"Prefab Future / Diário do Rio, registro TSE RJ-02770/2026",https://diariodorio.com/pesquisa-diario-do-rio-prefab-revela-os-candidatos-a-deputado-mais-citados-no-rio/,2026-09-10
RJ,depest,André Corrêa,PSD,190002538043,,ANDRÉ CORREA,resolvido,nome de urna e partido conferem,registrada,citado espontaneamente entre os mais lembrados,,,Prefab Future,Diário do Rio,RJ-02770/2026,2026-07-24,2026-07-29,2000,2.19,95,presencial,espontanea,"Prefab Future / Diário do Rio, registro TSE RJ-02770/2026",https://diariodorio.com/pesquisa-diario-do-rio-prefab-revela-os-candidatos-a-deputado-mais-citados-no-rio/,2026-09-10
RJ,depest,Átila Nunes,PSD,190002538039,,ÁTILA NUNES,resolvido,nome de urna e partido conferem,registrada,citado espontaneamente entre os mais lembrados,,,Prefab Future,Diário do Rio,RJ-02770/2026,2026-07-24,2026-07-29,2000,2.19,95,presencial,espontanea,"Prefab Future / Diário do Rio, registro TSE RJ-02770/2026",https://diariodorio.com/pesquisa-diario-do-rio-prefab-revela-os-candidatos-a-deputado-mais-citados-no-rio/,2026-09-10
RJ,depest,Bruno Boareto,PL,,,,nao_registrado,"citado na pesquisa, mas sem candidatura registrada no RJ (o campo foi em julho, antes do registro)",registrada,citado espontaneamente entre os mais lembrados,,,Prefab Future,Diário do Rio,RJ-02770/2026,2026-07-24,2026-07-29,2000,2.19,95,presencial,espontanea,"Prefab Future / Diário do Rio, registro TSE RJ-02770/2026",https://diariodorio.com/pesquisa-diario-do-rio-prefab-revela-os-candidatos-a-deputado-mais-citados-no-rio/,2026-09-10
RJ,depest,Bruno Porto,PL,190002533705,,BRUNO PORTO,resolvido,nome de urna e partido conferem,registrada,citado espontaneamente entre os mais lembrados,,,Prefab Future,Diário do Rio,RJ-02770/2026,2026-07-24,2026-07-29,2000,2.19,95,presencial,espontanea,"Prefab Future / Diário do Rio, registro TSE RJ-02770/2026",https://diariodorio.com/pesquisa-diario-do-rio-prefab-revela-os-candidatos-a-deputado-mais-citados-no-rio/,2026-09-10
RJ,depest,Carlinhos BNH,PP,190002541679,,CARLINHOS BNH,resolvido,nome de urna e partido conferem,registrada,citado espontaneamente entre os mais lembrados,,,Prefab Future,Diário do Rio,RJ-02770/2026,2026-07-24,2026-07-29,2000,2.19,95,presencial,espontanea,"Prefab Future / Diário do Rio, registro TSE RJ-02770/2026",https://diariodorio.com/pesquisa-diario-do-rio-prefab-revela-os-candidatos-a-deputado-mais-citados-no-rio/,2026-09-10
RJ,depest,Carla Machado,PSD,190002538018,,CARLA MACHADO,resolvido,nome de urna e partido conferem,registrada,citado espontaneamente entre os mais lembrados,,,Prefab Future,Diário do Rio,RJ-02770/2026,2026-07-24,2026-07-29,2000,2.19,95,presencial,espontanea,"Prefab Future / Diário do Rio, registro TSE RJ-02770/2026",https://diariodorio.com/pesquisa-diario-do-rio-prefab-revela-os-candidatos-a-deputado-mais-citados-no-rio/,2026-09-10
RJ,depest,Carlos Macedo,REPUBLICANOS,190002542978,,CARLOS MACEDO,resolvido,nome de urna e partido conferem,registrada,citado espontaneamente entre os mais lembrados,,,Prefab Future,Diário do Rio,RJ-02770/2026,2026-07-24,2026-07-29,2000,2.19,95,presencial,espontanea,"Prefab Future / Diário do Rio, registro TSE RJ-02770/2026",https://diariodorio.com/pesquisa-diario-do-rio-prefab-revela-os-candidatos-a-deputado-mais-citados-no-rio/,2026-09-10
RJ,depest,Carlos Russo,DC,190002548279,,CARLOS RUSSO,resolvido,nome de urna e partido conferem,registrada,citado espontaneamente entre os mais lembrados,,,Prefab Future,Diário do Rio,RJ-02770/2026,2026-07-24,2026-07-29,2000,2.19,95,presencial,espontanea,"Prefab Future / Diário do Rio, registro TSE RJ-02770/2026",https://diariodorio.com/pesquisa-diario-do-rio-prefab-revela-os-candidatos-a-deputado-mais-citados-no-rio/,2026-09-10
RJ,depest,Célia Jordão,PSD,190002538015,,CELIA JORDÃO,resolvido,nome de urna e partido conferem,registrada,citado espontaneamente entre os mais lembrados,,,Prefab Future,Diário do Rio,RJ-02770/2026,2026-07-24,2026-07-29,2000,2.19,95,presencial,espontanea,"Prefab Future / Diário do Rio, registro TSE RJ-02770/2026",https://diariodorio.com/pesquisa-diario-do-rio-prefab-revela-os-candidatos-a-deputado-mais-citados-no-rio/,2026-09-10
RJ,depest,Danniel Librelon,REPUBLICANOS,190002542973,,LIBRELON,resolvido,"nome completo começa pelo citado, partido confere",registrada,citado espontaneamente entre os mais lembrados,,,Prefab Future,Diário do Rio,RJ-02770/2026,2026-07-24,2026-07-29,2000,2.19,95,presencial,espontanea,"Prefab Future / Diário do Rio, registro TSE RJ-02770/2026",https://diariodorio.com/pesquisa-diario-do-rio-prefab-revela-os-candidatos-a-deputado-mais-citados-no-rio/,2026-09-10
RJ,depest,Felipinho Ravis,PP,190002541653,,FELIPINHO RAVIS,resolvido,nome de urna e partido conferem,registrada,citado espontaneamente entre os mais lembrados,,,Prefab Future,Diário do Rio,RJ-02770/2026,2026-07-24,2026-07-29,2000,2.19,95,presencial,espontanea,"Prefab Future / Diário do Rio, registro TSE RJ-02770/2026",https://diariodorio.com/pesquisa-diario-do-rio-prefab-revela-os-candidatos-a-deputado-mais-citados-no-rio/,2026-09-10
RJ,depest,Fernanda Neves,PDT,190002541803,,FERNANDA NEVES,resolvido,nome de urna e partido conferem,registrada,citado espontaneamente entre os mais lembrados,,,Prefab Future,Diário do Rio,RJ-02770/2026,2026-07-24,2026-07-29,2000,2.19,95,presencial,espontanea,"Prefab Future / Diário do Rio, registro TSE RJ-02770/2026",https://diariodorio.com/pesquisa-diario-do-rio-prefab-revela-os-candidatos-a-deputado-mais-citados-no-rio/,2026-09-10
RJ,depest,Guilherme Delaroli,PL,190002533706,,GUILHERME DELAROLI,resolvido,nome de urna e partido conferem,registrada,citado espontaneamente entre os mais lembrados,,,Prefab Future,Diário do Rio,RJ-02770/2026,2026-07-24,2026-07-29,2000,2.19,95,presencial,espontanea,"Prefab Future / Diário do Rio, registro TSE RJ-02770/2026",https://diariodorio.com/pesquisa-diario-do-rio-prefab-revela-os-candidatos-a-deputado-mais-citados-no-rio/,2026-09-10
RJ,depest,Gustavo Tutuca,PP,190002541672,,GUSTAVO TUTUCA,resolvido,nome de urna e partido conferem,registrada,citado espontaneamente entre os mais lembrados,,,Prefab Future,Diário do Rio,RJ-02770/2026,2026-07-24,2026-07-29,2000,2.19,95,presencial,espontanea,"Prefab Future / Diário do Rio, registro TSE RJ-02770/2026",https://diariodorio.com/pesquisa-diario-do-rio-prefab-revela-os-candidatos-a-deputado-mais-citados-no-rio/,2026-09-10
RJ,depest,Índia Armelau,PL,190002533418,,ÍNDIA ARMELAU,resolvido,nome de urna e partido conferem,registrada,citado espontaneamente entre os mais lembrados,,,Prefab Future,Diário do Rio,RJ-02770/2026,2026-07-24,2026-07-29,2000,2.19,95,presencial,espontanea,"Prefab Future / Diário do Rio, registro TSE RJ-02770/2026",https://diariodorio.com/pesquisa-diario-do-rio-prefab-revela-os-candidatos-a-deputado-mais-citados-no-rio/,2026-09-10
RJ,depest,Jari Oliveira,PSB,190002537796,,JARI,resolvido,"nome civil da matéria dentro do nome completo registrado; concorre como ""JARI""",registrada,citado espontaneamente entre os mais lembrados,,,Prefab Future,Diário do Rio,RJ-02770/2026,2026-07-24,2026-07-29,2000,2.19,95,presencial,espontanea,"Prefab Future / Diário do Rio, registro TSE RJ-02770/2026",https://diariodorio.com/pesquisa-diario-do-rio-prefab-revela-os-candidatos-a-deputado-mais-citados-no-rio/,2026-09-10
RJ,depest,João Drummond,PRD,,,,nao_registrado,"citado na pesquisa, mas sem candidatura registrada no RJ (o campo foi em julho, antes do registro)",registrada,citado espontaneamente entre os mais lembrados,,,Prefab Future,Diário do Rio,RJ-02770/2026,2026-07-24,2026-07-29,2000,2.19,95,presencial,espontanea,"Prefab Future / Diário do Rio, registro TSE RJ-02770/2026",https://diariodorio.com/pesquisa-diario-do-rio-prefab-revela-os-candidatos-a-deputado-mais-citados-no-rio/,2026-09-10
RJ,depest,Jorge Felippe Neto,PL,190002533686,,JORGE FELIPPE NETO,resolvido,nome de urna e partido conferem,registrada,citado espontaneamente entre os mais lembrados,,,Prefab Future,Diário do Rio,RJ-02770/2026,2026-07-24,2026-07-29,2000,2.19,95,presencial,espontanea,"Prefab Future / Diário do Rio, registro TSE RJ-02770/2026",https://diariodorio.com/pesquisa-diario-do-rio-prefab-revela-os-candidatos-a-deputado-mais-citados-no-rio/,2026-09-10
RJ,depest,Munir Neto,SOLIDARIEDADE,190002534113,,MUNIR NETO,resolvido,nome de urna e partido conferem,registrada,citado espontaneamente entre os mais lembrados,,,Prefab Future,Diário do Rio,RJ-02770/2026,2026-07-24,2026-07-29,2000,2.19,95,presencial,espontanea,"Prefab Future / Diário do Rio, registro TSE RJ-02770/2026",https://diariodorio.com/pesquisa-diario-do-rio-prefab-revela-os-candidatos-a-deputado-mais-citados-no-rio/,2026-09-10
RJ,depest,Pedro Ricardo,PL,190002533711,,DR. PEDRO RICARDO,resolvido,"nome completo começa pelo citado, partido confere",registrada,citado espontaneamente entre os mais lembrados,,,Prefab Future,Diário do Rio,RJ-02770/2026,2026-07-24,2026-07-29,2000,2.19,95,presencial,espontanea,"Prefab Future / Diário do Rio, registro TSE RJ-02770/2026",https://diariodorio.com/pesquisa-diario-do-rio-prefab-revela-os-candidatos-a-deputado-mais-citados-no-rio/,2026-09-10
RJ,depest,Rafael Nobre,UNIÃO BRASIL,190002541640,,RAFAEL NOBRE,resolvido,"nome de urna único no cargo, partido divergente da matéria",registrada,citado espontaneamente entre os mais lembrados,,,Prefab Future,Diário do Rio,RJ-02770/2026,2026-07-24,2026-07-29,2000,2.19,95,presencial,espontanea,"Prefab Future / Diário do Rio, registro TSE RJ-02770/2026",https://diariodorio.com/pesquisa-diario-do-rio-prefab-revela-os-candidatos-a-deputado-mais-citados-no-rio/,2026-09-10
RJ,depest,Renata Souza,PSOL,190002536120,,RENATA SOUZA,resolvido,nome de urna e partido conferem,registrada,citado espontaneamente entre os mais lembrados,,,Prefab Future,Diário do Rio,RJ-02770/2026,2026-07-24,2026-07-29,2000,2.19,95,presencial,espontanea,"Prefab Future / Diário do Rio, registro TSE RJ-02770/2026",https://diariodorio.com/pesquisa-diario-do-rio-prefab-revela-os-candidatos-a-deputado-mais-citados-no-rio/,2026-09-10
RJ,depest,Renato Machado,PT,190002543307,,RENATO MACHADO,resolvido,nome de urna e partido conferem,registrada,citado espontaneamente entre os mais lembrados,,,Prefab Future,Diário do Rio,RJ-02770/2026,2026-07-24,2026-07-29,2000,2.19,95,presencial,espontanea,"Prefab Future / Diário do Rio, registro TSE RJ-02770/2026",https://diariodorio.com/pesquisa-diario-do-rio-prefab-revela-os-candidatos-a-deputado-mais-citados-no-rio/,2026-09-10
RJ,depest,Rick Azevedo,PSOL,,,,conferir,"a matéria lista neste cargo, mas o registro no TSE é de deputado federal (PSOL)",registrada,citado espontaneamente entre os mais lembrados,,,Prefab Future,Diário do Rio,RJ-02770/2026,2026-07-24,2026-07-29,2000,2.19,95,presencial,espontanea,"Prefab Future / Diário do Rio, registro TSE RJ-02770/2026",https://diariodorio.com/pesquisa-diario-do-rio-prefab-revela-os-candidatos-a-deputado-mais-citados-no-rio/,2026-09-10
RJ,depest,Rodrigo Medeiros,PL,190002533703,,RODRIGO MEDEIROS,resolvido,nome de urna e partido conferem,registrada,citado espontaneamente entre os mais lembrados,,,Prefab Future,Diário do Rio,RJ-02770/2026,2026-07-24,2026-07-29,2000,2.19,95,presencial,espontanea,"Prefab Future / Diário do Rio, registro TSE RJ-02770/2026",https://diariodorio.com/pesquisa-diario-do-rio-prefab-revela-os-candidatos-a-deputado-mais-citados-no-rio/,2026-09-10
RJ,depest,Rosenverg Reis,MDB,190002538819,,ROSENVERG REIS,resolvido,nome de urna e partido conferem,registrada,citado espontaneamente entre os mais lembrados,,,Prefab Future,Diário do Rio,RJ-02770/2026,2026-07-24,2026-07-29,2000,2.19,95,presencial,espontanea,"Prefab Future / Diário do Rio, registro TSE RJ-02770/2026",https://diariodorio.com/pesquisa-diario-do-rio-prefab-revela-os-candidatos-a-deputado-mais-citados-no-rio/,2026-09-10
RJ,depest,Val Ceasa,PRD,190002534108,,VAL CEASA,resolvido,nome de urna e partido conferem,registrada,citado espontaneamente entre os mais lembrados,,,Prefab Future,Diário do Rio,RJ-02770/2026,2026-07-24,2026-07-29,2000,2.19,95,presencial,espontanea,"Prefab Future / Diário do Rio, registro TSE RJ-02770/2026",https://diariodorio.com/pesquisa-diario-do-rio-prefab-revela-os-candidatos-a-deputado-mais-citados-no-rio/,2026-09-10
RJ,depest,Valdecy da Saúde,PL,190002533423,,VALDECY DA SAÚDE,resolvido,nome de urna e partido conferem,registrada,citado espontaneamente entre os mais lembrados,,,Prefab Future,Diário do Rio,RJ-02770/2026,2026-07-24,2026-07-29,2000,2.19,95,presencial,espontanea,"Prefab Future / Diário do Rio, registro TSE RJ-02770/2026",https://diariodorio.com/pesquisa-diario-do-rio-prefab-revela-os-candidatos-a-deputado-mais-citados-no-rio/,2026-09-10
