uf,cargo,categoria,id_tse,nome_urna,nome_completo,numero,partido,coligacao,situacao_tse,totalizacao,bens_total,instagram,slug,url_tse,fonte
RJ,deputado estadual,A,190002533704,ALAN LOPES,ALAN LOPES SANTANA,22377,PL,PL,Deferido,Concorrendo,225000,alanlopesrio,rj-dep-est-alan-lopes,https://divulgacandcontas.tse.jus.br/divulga/#/candidato/2026/20322002026/RJ/190002533704,"TSE DivulgaCandContas (dados/rjsp/candidatos-rjsp.csv, coleta de 7/9/2026); curadoria de imprensa em notas/varredura-deputados-rj-2026-09-07.md e notas/varredura-deputados-sp-2026-09-07.md, cruzada e corrigida em notas/curadoria-deputados-rjsp-2026-09-07.md"
RJ,deputado estadual,A,190002533684,ALEXANDRE KNOPLOCH,ALEXANDRE GOMES KNOPLOCH DOS SANTOS,22722,PL,PL,Deferido,Concorrendo,2026761.79,aknoploch,rj-dep-est-alexandre-knoploch,https://divulgacandcontas.tse.jus.br/divulga/#/candidato/2026/20322002026/RJ/190002533684,"TSE DivulgaCandContas (dados/rjsp/candidatos-rjsp.csv, coleta de 7/9/2026); curadoria de imprensa em notas/varredura-deputados-rj-2026-09-07.md e notas/varredura-deputados-sp-2026-09-07.md, cruzada e corrigida em notas/curadoria-deputados-rjsp-2026-09-07.md"
RJ,deputado estadual,A,190002533433,ANDERSON MORAES,ANDERSON LUIS DE MORAES,22120,PL,PL,Deferido,Concorrendo,1953122.93,deputadoandersonmoraes,rj-dep-est-anderson-moraes,https://divulgacandcontas.tse.jus.br/divulga/#/candidato/2026/20322002026/RJ/190002533433,"TSE DivulgaCandContas (dados/rjsp/candidatos-rjsp.csv, coleta de 7/9/2026); curadoria de imprensa em notas/varredura-deputados-rj-2026-09-07.md e notas/varredura-deputados-sp-2026-09-07.md, cruzada e corrigida em notas/curadoria-deputados-rjsp-2026-09-07.md"
RJ,deputado estadual,A,190002537751,CARLOS MINC,CARLOS MINC BAUMFELD,40000,PSB,PSB,Deferido,Concorrendo,424590.5,carlos.minc,rj-dep-est-carlos-minc,https://divulgacandcontas.tse.jus.br/divulga/#/candidato/2026/20322002026/RJ/190002537751,"TSE DivulgaCandContas (dados/rjsp/candidatos-rjsp.csv, coleta de 7/9/2026); curadoria de imprensa em notas/varredura-deputados-rj-2026-09-07.md e notas/varredura-deputados-sp-2026-09-07.md, cruzada e corrigida em notas/curadoria-deputados-rjsp-2026-09-07.md"
RJ,deputado estadual,A,190002533425,CHICO MACHADO,FRANCISCO ALVES MACHADO NETO,22611,PL,PL,Deferido,Concorrendo,48026625,,rj-dep-est-chico-machado,https://divulgacandcontas.tse.jus.br/divulga/#/candidato/2026/20322002026/RJ/190002533425,"TSE DivulgaCandContas (dados/rjsp/candidatos-rjsp.csv, coleta de 7/9/2026); curadoria de imprensa em notas/varredura-deputados-rj-2026-09-07.md e notas/varredura-deputados-sp-2026-09-07.md, cruzada e corrigida em notas/curadoria-deputados-rjsp-2026-09-07.md"
RJ,deputado estadual,A,190002533674,DELEGADO CARLOS AUGUSTO,CARLOS AUGUSTO NOGUEIRA PINTO,22045,PL,PL,Deferido,Concorrendo,1167566.08,delegadocarlosaugusto,rj-dep-est-delegado-carlos-augusto,https://divulgacandcontas.tse.jus.br/divulga/#/candidato/2026/20322002026/RJ/190002533674,"TSE DivulgaCandContas (dados/rjsp/candidatos-rjsp.csv, coleta de 7/9/2026); curadoria de imprensa em notas/varredura-deputados-rj-2026-09-07.md e notas/varredura-deputados-sp-2026-09-07.md, cruzada e corrigida em notas/curadoria-deputados-rjsp-2026-09-07.md"
RJ,deputado estadual,A,190002533419,DR. DEODALTO,DEODALTO JOSE FERREIRA,22456,PL,PL,Deferido,Concorrendo,2767074.04,dr.deodalto,rj-dep-est-dr-deodalto,https://divulgacandcontas.tse.jus.br/divulga/#/candidato/2026/20322002026/RJ/190002533419,"TSE DivulgaCandContas (dados/rjsp/candidatos-rjsp.csv, coleta de 7/9/2026); curadoria de imprensa em notas/varredura-deputados-rj-2026-09-07.md e notas/varredura-deputados-sp-2026-09-07.md, cruzada e corrigida em notas/curadoria-deputados-rjsp-2026-09-07.md"
RJ,deputado estadual,A,190002533711,DR. PEDRO RICARDO,PEDRO RICARDO DE CARVALHO OLIVEIRA,22000,PL,PL,Deferido,Concorrendo,1180904.77,pedroricardorj,rj-dep-est-dr-pedro-ricardo,https://divulgacandcontas.tse.jus.br/divulga/#/candidato/2026/20322002026/RJ/190002533711,"TSE DivulgaCandContas (dados/rjsp/candidatos-rjsp.csv, coleta de 7/9/2026); curadoria de imprensa em notas/varredura-deputados-rj-2026-09-07.md e notas/varredura-deputados-sp-2026-09-07.md, cruzada e corrigida em notas/curadoria-deputados-rjsp-2026-09-07.md"
RJ,deputado estadual,A,190002533716,FRED PACHECO,FREDERICO AUGUSTO CRUZ PACHECO,22010,PL,PL,Deferido,Concorrendo,2521362.31,fredpachecorj,rj-dep-est-fred-pacheco,https://divulgacandcontas.tse.jus.br/divulga/#/candidato/2026/20322002026/RJ/190002533716,"TSE DivulgaCandContas (dados/rjsp/candidatos-rjsp.csv, coleta de 7/9/2026); curadoria de imprensa em notas/varredura-deputados-rj-2026-09-07.md e notas/varredura-deputados-sp-2026-09-07.md, cruzada e corrigida em notas/curadoria-deputados-rjsp-2026-09-07.md"
RJ,deputado estadual,A,190002533429,GISELLE MONTEIRO,GISELLE LOUISE MONTEIRO DE OLIVEIRA,22500,PL,PL,Deferido,Concorrendo,149246.72,gisellemonteiro.br,rj-dep-est-giselle-monteiro,https://divulgacandcontas.tse.jus.br/divulga/#/candidato/2026/20322002026/RJ/190002533429,"TSE DivulgaCandContas (dados/rjsp/candidatos-rjsp.csv, coleta de 7/9/2026); curadoria de imprensa em notas/varredura-deputados-rj-2026-09-07.md e notas/varredura-deputados-sp-2026-09-07.md, cruzada e corrigida em notas/curadoria-deputados-rjsp-2026-09-07.md"
RJ,deputado estadual,A,190002533706,GUILHERME DELAROLI,GUILHERME JANDRE DELAROLI,22222,PL,PL,Deferido,Concorrendo,1581060,guilherme.delaroli,rj-dep-est-guilherme-delaroli,https://divulgacandcontas.tse.jus.br/divulga/#/candidato/2026/20322002026/RJ/190002533706,"TSE DivulgaCandContas (dados/rjsp/candidatos-rjsp.csv, coleta de 7/9/2026); curadoria de imprensa em notas/varredura-deputados-rj-2026-09-07.md e notas/varredura-deputados-sp-2026-09-07.md, cruzada e corrigida em notas/curadoria-deputados-rjsp-2026-09-07.md"
RJ,deputado estadual,A,190002533424,JAIR BITTENCOURT,JAIR DE SIQUEIRA BITTENCOURT JUNIOR,22300,PL,PL,Aguardando julgamento,Concorrendo,2601092.79,jairbittencourtoficial,rj-dep-est-jair-bittencourt,https://divulgacandcontas.tse.jus.br/divulga/#/candidato/2026/20322002026/RJ/190002533424,"TSE DivulgaCandContas (dados/rjsp/candidatos-rjsp.csv, coleta de 7/9/2026); curadoria de imprensa em notas/varredura-deputados-rj-2026-09-07.md e notas/varredura-deputados-sp-2026-09-07.md, cruzada e corrigida em notas/curadoria-deputados-rjsp-2026-09-07.md"
RJ,deputado estadual,A,190002533686,JORGE FELIPPE NETO,JORGE MIGUEL FELIPPE POYARES BETHLEM,22800,PL,PL,Aguardando julgamento,Concorrendo,690484,depjorgefelippeneto,rj-dep-est-jorge-felippe-neto,https://divulgacandcontas.tse.jus.br/divulga/#/candidato/2026/20322002026/RJ/190002533686,"TSE DivulgaCandContas (dados/rjsp/candidatos-rjsp.csv, coleta de 7/9/2026); curadoria de imprensa em notas/varredura-deputados-rj-2026-09-07.md e notas/varredura-deputados-sp-2026-09-07.md, cruzada e corrigida em notas/curadoria-deputados-rjsp-2026-09-07.md"
RJ,deputado estadual,A,190002538037,LUIZ PAULO,LUIZ PAULO CORRÊA DA ROCHA,55678,PSD,PSD,Deferido,Concorrendo,2663675.89,luizpaulo_dep,rj-dep-est-luiz-paulo,https://divulgacandcontas.tse.jus.br/divulga/#/candidato/2026/20322002026/RJ/190002538037,"TSE DivulgaCandContas (dados/rjsp/candidatos-rjsp.csv, coleta de 7/9/2026); curadoria de imprensa em notas/varredura-deputados-rj-2026-09-07.md e notas/varredura-deputados-sp-2026-09-07.md, cruzada e corrigida em notas/curadoria-deputados-rjsp-2026-09-07.md"
RJ,deputado estadual,A,190002533710,MARCELO DINO,MARCELO FERREIRA RIBEIRO,22190,PL,PL,Deferido,Concorrendo,726000,marcelodinorj,rj-dep-est-marcelo-dino,https://divulgacandcontas.tse.jus.br/divulga/#/candidato/2026/20322002026/RJ/190002533710,"TSE DivulgaCandContas (dados/rjsp/candidatos-rjsp.csv, coleta de 7/9/2026); curadoria de imprensa em notas/varredura-deputados-rj-2026-09-07.md e notas/varredura-deputados-sp-2026-09-07.md, cruzada e corrigida em notas/curadoria-deputados-rjsp-2026-09-07.md"
RJ,deputado estadual,A,190002533420,MÁRCIO GUALBERTO,MARCIO GUALBERTO DOS SANTOS,22070,PL,PL,Deferido,Concorrendo,17904.57,depmgualberto,rj-dep-est-marcio-gualberto,https://divulgacandcontas.tse.jus.br/divulga/#/candidato/2026/20322002026/RJ/190002533420,"TSE DivulgaCandContas (dados/rjsp/candidatos-rjsp.csv, coleta de 7/9/2026); curadoria de imprensa em notas/varredura-deputados-rj-2026-09-07.md e notas/varredura-deputados-sp-2026-09-07.md, cruzada e corrigida em notas/curadoria-deputados-rjsp-2026-09-07.md"
RJ,deputado estadual,A,190002541658,RAFAEL PICCIANI,RAFAEL CARNEIRO MONTEIRO PICCIANI,44333,UNIÃO,FEDERAÇÃO UNIÃO PROGRESSISTA(UNIÃO/PP),Deferido,Concorrendo,20885976.57,,rj-dep-est-rafael-picciani,https://divulgacandcontas.tse.jus.br/divulga/#/candidato/2026/20322002026/RJ/190002541658,"TSE DivulgaCandContas (dados/rjsp/candidatos-rjsp.csv, coleta de 7/9/2026); curadoria de imprensa em notas/varredura-deputados-rj-2026-09-07.md e notas/varredura-deputados-sp-2026-09-07.md, cruzada e corrigida em notas/curadoria-deputados-rjsp-2026-09-07.md"
RJ,deputado estadual,A,190002533430,RENAN JORDY,CARLOS RENAN LEAL DE MATTOS,22111,PL,PL,Deferido,Concorrendo,1700000,renanjordybr,rj-dep-est-renan-jordy,https://divulgacandcontas.tse.jus.br/divulga/#/candidato/2026/20322002026/RJ/190002533430,"TSE DivulgaCandContas (dados/rjsp/candidatos-rjsp.csv, coleta de 7/9/2026); curadoria de imprensa em notas/varredura-deputados-rj-2026-09-07.md e notas/varredura-deputados-sp-2026-09-07.md, cruzada e corrigida em notas/curadoria-deputados-rjsp-2026-09-07.md"
RJ,deputado estadual,A,190002533695,RENATO MIRANDA,SERGIO RENATO FERREIRA MIRANDA,22345,PL,PL,Deferido,Concorrendo,887875.01,renato.mirandarj,rj-dep-est-renato-miranda,https://divulgacandcontas.tse.jus.br/divulga/#/candidato/2026/20322002026/RJ/190002533695,"TSE DivulgaCandContas (dados/rjsp/candidatos-rjsp.csv, coleta de 7/9/2026); curadoria de imprensa em notas/varredura-deputados-rj-2026-09-07.md e notas/varredura-deputados-sp-2026-09-07.md, cruzada e corrigida em notas/curadoria-deputados-rjsp-2026-09-07.md"
RJ,deputado estadual,A,190002533423,VALDECY DA SAÚDE,VALDECIR DIAS DA SILVA,22615,PL,PL,Deferido,Concorrendo,3505671,valdecydasaude,rj-dep-est-valdecy-da-saude,https://divulgacandcontas.tse.jus.br/divulga/#/candidato/2026/20322002026/RJ/190002533423,"TSE DivulgaCandContas (dados/rjsp/candidatos-rjsp.csv, coleta de 7/9/2026); curadoria de imprensa em notas/varredura-deputados-rj-2026-09-07.md e notas/varredura-deputados-sp-2026-09-07.md, cruzada e corrigida em notas/curadoria-deputados-rjsp-2026-09-07.md"
RJ,deputado estadual,A,190002533418,ÍNDIA ARMELAU,AMANDA BRANDÃO PAES ARMELAU,22322,PL,PL,Deferido,Concorrendo,989302.63,india_armelau,rj-dep-est-india-armelau,https://divulgacandcontas.tse.jus.br/divulga/#/candidato/2026/20322002026/RJ/190002533418,"TSE DivulgaCandContas (dados/rjsp/candidatos-rjsp.csv, coleta de 7/9/2026); curadoria de imprensa em notas/varredura-deputados-rj-2026-09-07.md e notas/varredura-deputados-sp-2026-09-07.md, cruzada e corrigida em notas/curadoria-deputados-rjsp-2026-09-07.md"
RJ,deputado estadual,B,190002548321,CONRADO,CONRADO FERNANDES ANTUNES,27200,DC,DC,Aguardando julgamento,Concorrendo,,conradooficial,rj-dep-est-conrado,https://divulgacandcontas.tse.jus.br/divulga/#/candidato/2026/20322002026/RJ/190002548321,"TSE DivulgaCandContas (dados/rjsp/candidatos-rjsp.csv, coleta de 7/9/2026); curadoria de imprensa em notas/varredura-deputados-rj-2026-09-07.md e notas/varredura-deputados-sp-2026-09-07.md, cruzada e corrigida em notas/curadoria-deputados-rjsp-2026-09-07.md"
RJ,deputado estadual,B,190002537773,INÊS BRASIL,INES TANIA LIMA DA SILVA,40169,PSB,PSB,Deferido,Concorrendo,,inesbrasil__tv,rj-dep-est-ines-brasil,https://divulgacandcontas.tse.jus.br/divulga/#/candidato/2026/20322002026/RJ/190002537773,"TSE DivulgaCandContas (dados/rjsp/candidatos-rjsp.csv, coleta de 7/9/2026); curadoria de imprensa em notas/varredura-deputados-rj-2026-09-07.md e notas/varredura-deputados-sp-2026-09-07.md, cruzada e corrigida em notas/curadoria-deputados-rjsp-2026-09-07.md"
RJ,deputado estadual,B,190002536119,MC SMITH,WALLACE FERREIRA DA MOTA,18123,REDE,FEDERAÇÃO PSOL REDE(PSOL/REDE),Deferido,Concorrendo,390600,mcsmithoriginal,rj-dep-est-mc-smith,https://divulgacandcontas.tse.jus.br/divulga/#/candidato/2026/20322002026/RJ/190002536119,"TSE DivulgaCandContas (dados/rjsp/candidatos-rjsp.csv, coleta de 7/9/2026); curadoria de imprensa em notas/varredura-deputados-rj-2026-09-07.md e notas/varredura-deputados-sp-2026-09-07.md, cruzada e corrigida em notas/curadoria-deputados-rjsp-2026-09-07.md"
RJ,deputado estadual,C,190002538053,ANA PAULA MENDES,ANA PAULA GOMES MENDES GABRI,55500,PSD,PSD,Deferido,Concorrendo,455570.43,euanapaulamendes,rj-dep-est-ana-paula-mendes,https://divulgacandcontas.tse.jus.br/divulga/#/candidato/2026/20322002026/RJ/190002538053,"TSE DivulgaCandContas (dados/rjsp/candidatos-rjsp.csv, coleta de 7/9/2026); entrou por ser citado espontaneamente na pesquisa Prefab Future / Diario do Rio, registro TSE RJ-02770/2026, campo de 24 a 29/7/2026 (dados/rjsp/_pesquisa-deputados-rj.csv)"
RJ,deputado estadual,C,190002543309,ANDRÉ CECILIANO,ANDRE LUIZ CECILIANO,13567,PT,FEDERAÇÃO BRASIL DA ESPERANÇA - FE BRASIL(PT/PC do B/PV),Aguardando julgamento,Concorrendo,3158124,andrececiliano,rj-dep-est-andre-ceciliano,https://divulgacandcontas.tse.jus.br/divulga/#/candidato/2026/20322002026/RJ/190002543309,"TSE DivulgaCandContas (dados/rjsp/candidatos-rjsp.csv, coleta de 7/9/2026); entrou por ser citado espontaneamente na pesquisa Prefab Future / Diario do Rio, registro TSE RJ-02770/2026, campo de 24 a 29/7/2026 (dados/rjsp/_pesquisa-deputados-rj.csv)"
RJ,deputado estadual,C,190002538043,ANDRÉ CORREA,ANDRÉ GUSTAVO PEREIRA CORRÊA DA SILVA,55321,PSD,PSD,Deferido,Concorrendo,998485.14,depandrecorrea,rj-dep-est-andre-correa,https://divulgacandcontas.tse.jus.br/divulga/#/candidato/2026/20322002026/RJ/190002538043,"TSE DivulgaCandContas (dados/rjsp/candidatos-rjsp.csv, coleta de 7/9/2026); entrou por ser citado espontaneamente na pesquisa Prefab Future / Diario do Rio, registro TSE RJ-02770/2026, campo de 24 a 29/7/2026 (dados/rjsp/_pesquisa-deputados-rj.csv)"
RJ,deputado estadual,C,190002533705,BRUNO PORTO,BRUNO PORTO DE ALMEIDA,22220,PL,PL,Deferido,Concorrendo,381375.43,brunoportodealmeida,rj-dep-est-bruno-porto,https://divulgacandcontas.tse.jus.br/divulga/#/candidato/2026/20322002026/RJ/190002533705,"TSE DivulgaCandContas (dados/rjsp/candidatos-rjsp.csv, coleta de 7/9/2026); entrou por ser citado espontaneamente na pesquisa Prefab Future / Diario do Rio, registro TSE RJ-02770/2026, campo de 24 a 29/7/2026 (dados/rjsp/_pesquisa-deputados-rj.csv)"
RJ,deputado estadual,C,190002538018,CARLA MACHADO,CARLA MARIA MACHADO DOS SANTOS,55088,PSD,PSD,Deferido,Concorrendo,1351288.7,,rj-dep-est-carla-machado,https://divulgacandcontas.tse.jus.br/divulga/#/candidato/2026/20322002026/RJ/190002538018,"TSE DivulgaCandContas (dados/rjsp/candidatos-rjsp.csv, coleta de 7/9/2026); entrou por ser citado espontaneamente na pesquisa Prefab Future / Diario do Rio, registro TSE RJ-02770/2026, campo de 24 a 29/7/2026 (dados/rjsp/_pesquisa-deputados-rj.csv)"
RJ,deputado estadual,C,190002541679,CARLINHOS BNH,CARLOS ALBERTO RIBEIRO DA SILVA,11777,PP,FEDERAÇÃO UNIÃO PROGRESSISTA(UNIÃO/PP),Deferido,Concorrendo,2608074.05,carlinhosbnh,rj-dep-est-carlinhos-bnh,https://divulgacandcontas.tse.jus.br/divulga/#/candidato/2026/20322002026/RJ/190002541679,"TSE DivulgaCandContas (dados/rjsp/candidatos-rjsp.csv, coleta de 7/9/2026); entrou por ser citado espontaneamente na pesquisa Prefab Future / Diario do Rio, registro TSE RJ-02770/2026, campo de 24 a 29/7/2026 (dados/rjsp/_pesquisa-deputados-rj.csv)"
RJ,deputado estadual,C,190002542978,CARLOS MACEDO,WALCYSNEU CARLOS MACEDO DE OLIVEIRA,10100,REPUBLICANOS,REPUBLICANOS,Deferido,Concorrendo,263205.51,deputadocarlosmacedo,rj-dep-est-carlos-macedo,https://divulgacandcontas.tse.jus.br/divulga/#/candidato/2026/20322002026/RJ/190002542978,"TSE DivulgaCandContas (dados/rjsp/candidatos-rjsp.csv, coleta de 7/9/2026); entrou por ser citado espontaneamente na pesquisa Prefab Future / Diario do Rio, registro TSE RJ-02770/2026, campo de 24 a 29/7/2026 (dados/rjsp/_pesquisa-deputados-rj.csv)"
RJ,deputado estadual,C,190002548279,CARLOS RUSSO,CARLOS ALBERTO SIQUEIRA DA SILVA,27777,DC,DC,Aguardando julgamento,Concorrendo,,carlosrussorj,rj-dep-est-carlos-russo,https://divulgacandcontas.tse.jus.br/divulga/#/candidato/2026/20322002026/RJ/190002548279,"TSE DivulgaCandContas (dados/rjsp/candidatos-rjsp.csv, coleta de 7/9/2026); entrou por ser citado espontaneamente na pesquisa Prefab Future / Diario do Rio, registro TSE RJ-02770/2026, campo de 24 a 29/7/2026 (dados/rjsp/_pesquisa-deputados-rj.csv)"
RJ,deputado estadual,C,190002538015,CELIA JORDÃO,CELIA CRISTINA AMORIM SILVA JORDÃO,55155,PSD,PSD,Deferido,Concorrendo,799914.64,deputadaceliajordao,rj-dep-est-celia-jordao,https://divulgacandcontas.tse.jus.br/divulga/#/candidato/2026/20322002026/RJ/190002538015,"TSE DivulgaCandContas (dados/rjsp/candidatos-rjsp.csv, coleta de 7/9/2026); entrou por ser citado espontaneamente na pesquisa Prefab Future / Diario do Rio, registro TSE RJ-02770/2026, campo de 24 a 29/7/2026 (dados/rjsp/_pesquisa-deputados-rj.csv)"
RJ,deputado estadual,C,190002541653,FELIPINHO RAVIS,FELIPE RANGEL GARCIA,11500,PP,FEDERAÇÃO UNIÃO PROGRESSISTA(UNIÃO/PP),Deferido,Concorrendo,1501701.09,felipinhoravis,rj-dep-est-felipinho-ravis,https://divulgacandcontas.tse.jus.br/divulga/#/candidato/2026/20322002026/RJ/190002541653,"TSE DivulgaCandContas (dados/rjsp/candidatos-rjsp.csv, coleta de 7/9/2026); entrou por ser citado espontaneamente na pesquisa Prefab Future / Diario do Rio, registro TSE RJ-02770/2026, campo de 24 a 29/7/2026 (dados/rjsp/_pesquisa-deputados-rj.csv)"
RJ,deputado estadual,C,190002541803,FERNANDA NEVES,FERNANDA SIXEL BARRETO,12000,PDT,PDT,Deferido,Concorrendo,700000,fernandasixelneves,rj-dep-est-fernanda-neves,https://divulgacandcontas.tse.jus.br/divulga/#/candidato/2026/20322002026/RJ/190002541803,"TSE DivulgaCandContas (dados/rjsp/candidatos-rjsp.csv, coleta de 7/9/2026); entrou por ser citado espontaneamente na pesquisa Prefab Future / Diario do Rio, registro TSE RJ-02770/2026, campo de 24 a 29/7/2026 (dados/rjsp/_pesquisa-deputados-rj.csv)"
RJ,deputado estadual,C,190002541672,GUSTAVO TUTUCA,GUSTAVO REIS FERREIRA,11212,PP,FEDERAÇÃO UNIÃO PROGRESSISTA(UNIÃO/PP),Deferido,Concorrendo,783185.9400000001,gustavotutuca,rj-dep-est-gustavo-tutuca,https://divulgacandcontas.tse.jus.br/divulga/#/candidato/2026/20322002026/RJ/190002541672,"TSE DivulgaCandContas (dados/rjsp/candidatos-rjsp.csv, coleta de 7/9/2026); entrou por ser citado espontaneamente na pesquisa Prefab Future / Diario do Rio, registro TSE RJ-02770/2026, campo de 24 a 29/7/2026 (dados/rjsp/_pesquisa-deputados-rj.csv)"
RJ,deputado estadual,C,190002537796,JARI,JARI SIMAO DE OLIVEIRA JUNIOR,40100,PSB,PSB,Deferido,Concorrendo,312389,jarioliveiraoficial,rj-dep-est-jari,https://divulgacandcontas.tse.jus.br/divulga/#/candidato/2026/20322002026/RJ/190002537796,"TSE DivulgaCandContas (dados/rjsp/candidatos-rjsp.csv, coleta de 7/9/2026); entrou por ser citado espontaneamente na pesquisa Prefab Future / Diario do Rio, registro TSE RJ-02770/2026, campo de 24 a 29/7/2026 (dados/rjsp/_pesquisa-deputados-rj.csv)"
RJ,deputado estadual,C,190002542973,LIBRELON,DANNIEL LIBRELON DIAS DE CASTRO,10000,REPUBLICANOS,REPUBLICANOS,Deferido,Concorrendo,,danniellibrelonrj,rj-dep-est-librelon,https://divulgacandcontas.tse.jus.br/divulga/#/candidato/2026/20322002026/RJ/190002542973,"TSE DivulgaCandContas (dados/rjsp/candidatos-rjsp.csv, coleta de 7/9/2026); entrou por ser citado espontaneamente na pesquisa Prefab Future / Diario do Rio, registro TSE RJ-02770/2026, campo de 24 a 29/7/2026 (dados/rjsp/_pesquisa-deputados-rj.csv)"
RJ,deputado estadual,C,190002534113,MUNIR NETO,MUNIR FRANCISCO,77777,SOLIDARIEDADE,FEDERAÇÃO RENOVAÇÃO SOLIDÁRIA(PRD/SOLIDARIEDADE),Deferido,Concorrendo,737738,munirneto_,rj-dep-est-munir-neto,https://divulgacandcontas.tse.jus.br/divulga/#/candidato/2026/20322002026/RJ/190002534113,"TSE DivulgaCandContas (dados/rjsp/candidatos-rjsp.csv, coleta de 7/9/2026); entrou por ser citado espontaneamente na pesquisa Prefab Future / Diario do Rio, registro TSE RJ-02770/2026, campo de 24 a 29/7/2026 (dados/rjsp/_pesquisa-deputados-rj.csv)"
RJ,deputado estadual,C,190002541640,RAFAEL NOBRE,RAFAEL PEREIRA NOBRE,44000,UNIÃO,FEDERAÇÃO UNIÃO PROGRESSISTA(UNIÃO/PP),Aguardando julgamento,Concorrendo,2088085.42,rafaelnobre.rj,rj-dep-est-rafael-nobre,https://divulgacandcontas.tse.jus.br/divulga/#/candidato/2026/20322002026/RJ/190002541640,"TSE DivulgaCandContas (dados/rjsp/candidatos-rjsp.csv, coleta de 7/9/2026); entrou por ser citado espontaneamente na pesquisa Prefab Future / Diario do Rio, registro TSE RJ-02770/2026, campo de 24 a 29/7/2026 (dados/rjsp/_pesquisa-deputados-rj.csv)"
RJ,deputado estadual,C,190002536120,RENATA SOUZA,RENATA DA SILVA SOUZA,50007,PSOL,FEDERAÇÃO PSOL REDE(PSOL/REDE),Deferido,Concorrendo,843000,renatasouzario,rj-dep-est-renata-souza,https://divulgacandcontas.tse.jus.br/divulga/#/candidato/2026/20322002026/RJ/190002536120,"TSE DivulgaCandContas (dados/rjsp/candidatos-rjsp.csv, coleta de 7/9/2026); entrou por ser citado espontaneamente na pesquisa Prefab Future / Diario do Rio, registro TSE RJ-02770/2026, campo de 24 a 29/7/2026 (dados/rjsp/_pesquisa-deputados-rj.csv)"
RJ,deputado estadual,C,190002543307,RENATO MACHADO,RENATO DA COSTA MACHADO,13444,PT,FEDERAÇÃO BRASIL DA ESPERANÇA - FE BRASIL(PT/PC do B/PV),Aguardando julgamento,Concorrendo,1351041,dep.renatomachado,rj-dep-est-renato-machado,https://divulgacandcontas.tse.jus.br/divulga/#/candidato/2026/20322002026/RJ/190002543307,"TSE DivulgaCandContas (dados/rjsp/candidatos-rjsp.csv, coleta de 7/9/2026); entrou por ser citado espontaneamente na pesquisa Prefab Future / Diario do Rio, registro TSE RJ-02770/2026, campo de 24 a 29/7/2026 (dados/rjsp/_pesquisa-deputados-rj.csv)"
RJ,deputado estadual,C,190002533703,RODRIGO MEDEIROS,RODRIGO DA COSTA MEDEIROS,22333,PL,PL,Deferido,Concorrendo,173109.54,rodrigomedeiros.oficial,rj-dep-est-rodrigo-medeiros,https://divulgacandcontas.tse.jus.br/divulga/#/candidato/2026/20322002026/RJ/190002533703,"TSE DivulgaCandContas (dados/rjsp/candidatos-rjsp.csv, coleta de 7/9/2026); entrou por ser citado espontaneamente na pesquisa Prefab Future / Diario do Rio, registro TSE RJ-02770/2026, campo de 24 a 29/7/2026 (dados/rjsp/_pesquisa-deputados-rj.csv)"
RJ,deputado estadual,C,190002538819,ROSENVERG REIS,ROSENVERG REIS DE OLIVEIRA,15016,MDB,MDB,Deferido,Concorrendo,104597.61,rosenvergreis,rj-dep-est-rosenverg-reis,https://divulgacandcontas.tse.jus.br/divulga/#/candidato/2026/20322002026/RJ/190002538819,"TSE DivulgaCandContas (dados/rjsp/candidatos-rjsp.csv, coleta de 7/9/2026); entrou por ser citado espontaneamente na pesquisa Prefab Future / Diario do Rio, registro TSE RJ-02770/2026, campo de 24 a 29/7/2026 (dados/rjsp/_pesquisa-deputados-rj.csv)"
RJ,deputado estadual,C,190002534108,VAL CEASA,ROOSEVELT BARRETO BARCELOS,25888,PRD,FEDERAÇÃO RENOVAÇÃO SOLIDÁRIA(PRD/SOLIDARIEDADE),Aguardando julgamento,Concorrendo,6230135.32,val.ceasa,rj-dep-est-val-ceasa,https://divulgacandcontas.tse.jus.br/divulga/#/candidato/2026/20322002026/RJ/190002534108,"TSE DivulgaCandContas (dados/rjsp/candidatos-rjsp.csv, coleta de 7/9/2026); entrou por ser citado espontaneamente na pesquisa Prefab Future / Diario do Rio, registro TSE RJ-02770/2026, campo de 24 a 29/7/2026 (dados/rjsp/_pesquisa-deputados-rj.csv)"
RJ,deputado estadual,C,190002538039,ÁTILA NUNES,ATILA NUNES PEREIRA FILHO,55055,PSD,PSD,Deferido,Concorrendo,8304004.69,atilanunesoficial,rj-dep-est-atila-nunes,https://divulgacandcontas.tse.jus.br/divulga/#/candidato/2026/20322002026/RJ/190002538039,"TSE DivulgaCandContas (dados/rjsp/candidatos-rjsp.csv, coleta de 7/9/2026); entrou por ser citado espontaneamente na pesquisa Prefab Future / Diario do Rio, registro TSE RJ-02770/2026, campo de 24 a 29/7/2026 (dados/rjsp/_pesquisa-deputados-rj.csv)"
RJ,deputado federal,A,190002532810,ALTINEU CORTES,ALTINEU CORTES FREITAS COUTINHO,2269,PL,PL,Deferido,Concorrendo,2319487.82,altineucortesrj,rj-dep-fed-altineu-cortes,https://divulgacandcontas.tse.jus.br/divulga/#/candidato/2026/20322002026/RJ/190002532810,"TSE DivulgaCandContas (dados/rjsp/candidatos-rjsp.csv, coleta de 7/9/2026); curadoria de imprensa em notas/varredura-deputados-rj-2026-09-07.md e notas/varredura-deputados-sp-2026-09-07.md, cruzada e corrigida em notas/curadoria-deputados-rjsp-2026-09-07.md"
RJ,deputado federal,A,190002536144,CHICO ALENCAR,FRANCISCO RODRIGUES DE ALENCAR FILHO,5050,PSOL,FEDERAÇÃO PSOL REDE(PSOL/REDE),Deferido,Concorrendo,961600,chico.alencar,rj-dep-fed-chico-alencar,https://divulgacandcontas.tse.jus.br/divulga/#/candidato/2026/20322002026/RJ/190002536144,"TSE DivulgaCandContas (dados/rjsp/candidatos-rjsp.csv, coleta de 7/9/2026); curadoria de imprensa em notas/varredura-deputados-rj-2026-09-07.md e notas/varredura-deputados-sp-2026-09-07.md, cruzada e corrigida em notas/curadoria-deputados-rjsp-2026-09-07.md"
RJ,deputado federal,A,190002539672,DELEGADA MARTHA ROCHA,MARTHA MESQUITA DA ROCHA,1240,PDT,PDT,Deferido,Concorrendo,3173307.7800000003,delmartharocha,rj-dep-fed-delegada-martha-rocha,https://divulgacandcontas.tse.jus.br/divulga/#/candidato/2026/20322002026/RJ/190002539672,"TSE DivulgaCandContas (dados/rjsp/candidatos-rjsp.csv, coleta de 7/9/2026); curadoria de imprensa em notas/varredura-deputados-rj-2026-09-07.md e notas/varredura-deputados-sp-2026-09-07.md, cruzada e corrigida em notas/curadoria-deputados-rjsp-2026-09-07.md"
RJ,deputado federal,A,190002532819,GENERAL PAZUELLO,EDUARDO PAZUELLO,2212,PL,PL,Deferido,Concorrendo,1135737,generalpazuello.oficial,rj-dep-fed-general-pazuello,https://divulgacandcontas.tse.jus.br/divulga/#/candidato/2026/20322002026/RJ/190002532819,"TSE DivulgaCandContas (dados/rjsp/candidatos-rjsp.csv, coleta de 7/9/2026); curadoria de imprensa em notas/varredura-deputados-rj-2026-09-07.md e notas/varredura-deputados-sp-2026-09-07.md, cruzada e corrigida em notas/curadoria-deputados-rjsp-2026-09-07.md"
RJ,deputado federal,A,190002543096,JANDIRA FEGHALI,JANDIRA FEGHALI,6565,PCDOB,FEDERAÇÃO BRASIL DA ESPERANÇA - FE BRASIL(PT/PC do B/PV),Aguardando julgamento,Concorrendo,406383.7,jandira_feghali,rj-dep-fed-jandira-feghali,https://divulgacandcontas.tse.jus.br/divulga/#/candidato/2026/20322002026/RJ/190002543096,"TSE DivulgaCandContas (dados/rjsp/candidatos-rjsp.csv, coleta de 7/9/2026); curadoria de imprensa em notas/varredura-deputados-rj-2026-09-07.md e notas/varredura-deputados-sp-2026-09-07.md, cruzada e corrigida em notas/curadoria-deputados-rjsp-2026-09-07.md"
RJ,deputado federal,A,190002532807,SORAYA SANTOS,SORAYA ALENCAR DOS SANTOS,2222,PL,PL,Deferido,Concorrendo,34587.61,dep.sorayasantos,rj-dep-fed-soraya-santos,https://divulgacandcontas.tse.jus.br/divulga/#/candidato/2026/20322002026/RJ/190002532807,"TSE DivulgaCandContas (dados/rjsp/candidatos-rjsp.csv, coleta de 7/9/2026); curadoria de imprensa em notas/varredura-deputados-rj-2026-09-07.md e notas/varredura-deputados-sp-2026-09-07.md, cruzada e corrigida em notas/curadoria-deputados-rjsp-2026-09-07.md"
RJ,deputado federal,A,190002532795,SÓSTENES CAVALCANTE,SÓSTENES SILVA CAVALCANTE,2277,PL,PL,Deferido,Concorrendo,600000,sostenescavalcante,rj-dep-fed-sostenes-cavalcante,https://divulgacandcontas.tse.jus.br/divulga/#/candidato/2026/20322002026/RJ/190002532795,"TSE DivulgaCandContas (dados/rjsp/candidatos-rjsp.csv, coleta de 7/9/2026); curadoria de imprensa em notas/varredura-deputados-rj-2026-09-07.md e notas/varredura-deputados-sp-2026-09-07.md, cruzada e corrigida em notas/curadoria-deputados-rjsp-2026-09-07.md"
RJ,deputado federal,A,190002536156,TALÍRIA PETRONE,TALÍRIA PETRONE SOARES,5077,PSOL,FEDERAÇÃO PSOL REDE(PSOL/REDE),Deferido,Concorrendo,25000,taliriapetrone,rj-dep-fed-taliria-petrone,https://divulgacandcontas.tse.jus.br/divulga/#/candidato/2026/20322002026/RJ/190002536156,"TSE DivulgaCandContas (dados/rjsp/candidatos-rjsp.csv, coleta de 7/9/2026); curadoria de imprensa em notas/varredura-deputados-rj-2026-09-07.md e notas/varredura-deputados-sp-2026-09-07.md, cruzada e corrigida em notas/curadoria-deputados-rjsp-2026-09-07.md"
RJ,deputado federal,A,190002536152,TARCÍSIO MOTTA,TARCISIO MOTTA DE CARVALHO,5000,PSOL,FEDERAÇÃO PSOL REDE(PSOL/REDE),Deferido,Concorrendo,99100,tarcisiomottapsol,rj-dep-fed-tarcisio-motta,https://divulgacandcontas.tse.jus.br/divulga/#/candidato/2026/20322002026/RJ/190002536152,"TSE DivulgaCandContas (dados/rjsp/candidatos-rjsp.csv, coleta de 7/9/2026); curadoria de imprensa em notas/varredura-deputados-rj-2026-09-07.md e notas/varredura-deputados-sp-2026-09-07.md, cruzada e corrigida em notas/curadoria-deputados-rjsp-2026-09-07.md"
RJ,deputado federal,B,190002543890,ANDREA SORVETÃO,ANDREA MARIA DE FARIA ANTUNES,2720,DC,DC,Aguardando julgamento,Concorrendo,144932,andreasorvetaooficial,rj-dep-fed-andrea-sorvetao,https://divulgacandcontas.tse.jus.br/divulga/#/candidato/2026/20322002026/RJ/190002543890,"TSE DivulgaCandContas (dados/rjsp/candidatos-rjsp.csv, coleta de 7/9/2026); curadoria de imprensa em notas/varredura-deputados-rj-2026-09-07.md e notas/varredura-deputados-sp-2026-09-07.md, cruzada e corrigida em notas/curadoria-deputados-rjsp-2026-09-07.md"
RJ,deputado federal,B,190002550493,ANTÔNIA FONTENELLE,ANTONIA FONTENELE DE BRITO,4540,PSDB,FEDERAÇÃO PSDB CIDADANIA(PSDB/CIDADANIA),Aguardando julgamento,Concorrendo,25000,canalnalataco,rj-dep-fed-antonia-fontenelle,https://divulgacandcontas.tse.jus.br/divulga/#/candidato/2026/20322002026/RJ/190002550493,"TSE DivulgaCandContas (dados/rjsp/candidatos-rjsp.csv, coleta de 7/9/2026); curadoria de imprensa em notas/varredura-deputados-rj-2026-09-07.md e notas/varredura-deputados-sp-2026-09-07.md, cruzada e corrigida em notas/curadoria-deputados-rjsp-2026-09-07.md"
RJ,deputado federal,B,190002543064,BENNY BRIOLLY,BENNY BRIOLLY ROSA DA SILVA SANTOS,1350,PT,FEDERAÇÃO BRASIL DA ESPERANÇA - FE BRASIL(PT/PC do B/PV),Aguardando julgamento,Concorrendo,10000,bennybriolly,rj-dep-fed-benny-briolly,https://divulgacandcontas.tse.jus.br/divulga/#/candidato/2026/20322002026/RJ/190002543064,"TSE DivulgaCandContas (dados/rjsp/candidatos-rjsp.csv, coleta de 7/9/2026); curadoria de imprensa em notas/varredura-deputados-rj-2026-09-07.md e notas/varredura-deputados-sp-2026-09-07.md, cruzada e corrigida em notas/curadoria-deputados-rjsp-2026-09-07.md"
RJ,deputado federal,B,190002550515,CRISTINA MEL,MARIA CRISTINA MEL DE ALMEIDA COSTA,4553,PSDB,FEDERAÇÃO PSDB CIDADANIA(PSDB/CIDADANIA),Deferido,Concorrendo,2352360,cristinamelreal,rj-dep-fed-cristina-mel,https://divulgacandcontas.tse.jus.br/divulga/#/candidato/2026/20322002026/RJ/190002550515,"TSE DivulgaCandContas (dados/rjsp/candidatos-rjsp.csv, coleta de 7/9/2026); curadoria de imprensa em notas/varredura-deputados-rj-2026-09-07.md e notas/varredura-deputados-sp-2026-09-07.md, cruzada e corrigida em notas/curadoria-deputados-rjsp-2026-09-07.md"
RJ,deputado federal,B,190002538439,DARLAN PRAXEDES,DARLAN PRAXEDES DA COSTA CABISTANI,4087,PSB,PSB,Deferido,Concorrendo,,mcdarlanoficial,rj-dep-fed-darlan-praxedes,https://divulgacandcontas.tse.jus.br/divulga/#/candidato/2026/20322002026/RJ/190002538439,"TSE DivulgaCandContas (dados/rjsp/candidatos-rjsp.csv, coleta de 7/9/2026); curadoria de imprensa em notas/varredura-deputados-rj-2026-09-07.md e notas/varredura-deputados-sp-2026-09-07.md, cruzada e corrigida em notas/curadoria-deputados-rjsp-2026-09-07.md"
RJ,deputado federal,B,190002550491,EDMUNDO,EDMUNDO ALVES DE SOUZA NETO,4510,PSDB,FEDERAÇÃO PSDB CIDADANIA(PSDB/CIDADANIA),Aguardando julgamento,Concorrendo,16059865.5,edmundosouza10,rj-dep-fed-edmundo,https://divulgacandcontas.tse.jus.br/divulga/#/candidato/2026/20322002026/RJ/190002550491,"TSE DivulgaCandContas (dados/rjsp/candidatos-rjsp.csv, coleta de 7/9/2026); curadoria de imprensa em notas/varredura-deputados-rj-2026-09-07.md e notas/varredura-deputados-sp-2026-09-07.md, cruzada e corrigida em notas/curadoria-deputados-rjsp-2026-09-07.md"
RJ,deputado federal,B,190002543092,FREIXO,MARCELO RIBEIRO FREIXO,1331,PT,FEDERAÇÃO BRASIL DA ESPERANÇA - FE BRASIL(PT/PC do B/PV),Aguardando julgamento,Concorrendo,719857.67,marcelofreixo,rj-dep-fed-freixo,https://divulgacandcontas.tse.jus.br/divulga/#/candidato/2026/20322002026/RJ/190002543092,"TSE DivulgaCandContas (dados/rjsp/candidatos-rjsp.csv, coleta de 7/9/2026); curadoria de imprensa em notas/varredura-deputados-rj-2026-09-07.md e notas/varredura-deputados-sp-2026-09-07.md, cruzada e corrigida em notas/curadoria-deputados-rjsp-2026-09-07.md"
RJ,deputado federal,B,190002543884,HUMBERTO MARTINS,HUMBERTO MARTINS DUARTE,2707,DC,DC,Aguardando julgamento,Concorrendo,3609173.69,humbertomartins.oficial,rj-dep-fed-humberto-martins,https://divulgacandcontas.tse.jus.br/divulga/#/candidato/2026/20322002026/RJ/190002543884,"TSE DivulgaCandContas (dados/rjsp/candidatos-rjsp.csv, coleta de 7/9/2026); curadoria de imprensa em notas/varredura-deputados-rj-2026-09-07.md e notas/varredura-deputados-sp-2026-09-07.md, cruzada e corrigida em notas/curadoria-deputados-rjsp-2026-09-07.md"
RJ,deputado federal,B,190002535140,THIAGO GAGLIASSO,THIAGO GAGLIASSO ONOFRE FERREIRA,2227,PL,PL,Deferido,Concorrendo,54000,thigagliasso,rj-dep-fed-thiago-gagliasso,https://divulgacandcontas.tse.jus.br/divulga/#/candidato/2026/20322002026/RJ/190002535140,"TSE DivulgaCandContas (dados/rjsp/candidatos-rjsp.csv, coleta de 7/9/2026); curadoria de imprensa em notas/varredura-deputados-rj-2026-09-07.md e notas/varredura-deputados-sp-2026-09-07.md, cruzada e corrigida em notas/curadoria-deputados-rjsp-2026-09-07.md"
RJ,deputado federal,C,190002534839,AUREO RIBEIRO,AUREO LIDIO MOREIRA RIBEIRO,7733,SOLIDARIEDADE,FEDERAÇÃO RENOVAÇÃO SOLIDÁRIA(PRD/SOLIDARIEDADE),Deferido,Concorrendo,4816816.17,aureo.ribeiro,rj-dep-fed-aureo-ribeiro,https://divulgacandcontas.tse.jus.br/divulga/#/candidato/2026/20322002026/RJ/190002534839,"TSE DivulgaCandContas (dados/rjsp/candidatos-rjsp.csv, coleta de 7/9/2026); entrou por ser citado espontaneamente na pesquisa Prefab Future / Diario do Rio, registro TSE RJ-02770/2026, campo de 24 a 29/7/2026 (dados/rjsp/_pesquisa-deputados-rj.csv)"
RJ,deputado federal,C,190002541063,BEBETO,CARLOS ROBERTO RODRIGUES,1133,PP,FEDERAÇÃO UNIÃO PROGRESSISTA(UNIÃO/PP),Aguardando julgamento,Concorrendo,2958321.56,bebetorj,rj-dep-fed-bebeto,https://divulgacandcontas.tse.jus.br/divulga/#/candidato/2026/20322002026/RJ/190002541063,"TSE DivulgaCandContas (dados/rjsp/candidatos-rjsp.csv, coleta de 7/9/2026); entrou por ser citado espontaneamente na pesquisa Prefab Future / Diario do Rio, registro TSE RJ-02770/2026, campo de 24 a 29/7/2026 (dados/rjsp/_pesquisa-deputados-rj.csv)"
RJ,deputado federal,C,190002543344,DANIELA DO WAGUINHO,DANIELA MOTE DE SOUZA CARNEIRO,1045,REPUBLICANOS,REPUBLICANOS,Aguardando julgamento,Concorrendo,1517067.17,danielacarneirooficial,rj-dep-fed-daniela-do-waguinho,https://divulgacandcontas.tse.jus.br/divulga/#/candidato/2026/20322002026/RJ/190002543344,"TSE DivulgaCandContas (dados/rjsp/candidatos-rjsp.csv, coleta de 7/9/2026); entrou por ser citado espontaneamente na pesquisa Prefab Future / Diario do Rio, registro TSE RJ-02770/2026, campo de 24 a 29/7/2026 (dados/rjsp/_pesquisa-deputados-rj.csv)"
RJ,deputado federal,C,190002541068,DELEGADO FELIPE CURI,FELIPE LOBATO CURI,1122,PP,FEDERAÇÃO UNIÃO PROGRESSISTA(UNIÃO/PP),Deferido,Concorrendo,2468556.58,,rj-dep-fed-delegado-felipe-curi,https://divulgacandcontas.tse.jus.br/divulga/#/candidato/2026/20322002026/RJ/190002541068,"TSE DivulgaCandContas (dados/rjsp/candidatos-rjsp.csv, coleta de 7/9/2026); entrou por ser citado espontaneamente na pesquisa Prefab Future / Diario do Rio, registro TSE RJ-02770/2026, campo de 24 a 29/7/2026 (dados/rjsp/_pesquisa-deputados-rj.csv)"
RJ,deputado federal,C,190002532816,DIOGO BALIEIRO DINIZ,DIOGO GONÇALVES BALIEIRO DINIZ,2211,PL,PL,Deferido,Concorrendo,1669501.89,diogo.balieiro,rj-dep-fed-diogo-balieiro-diniz,https://divulgacandcontas.tse.jus.br/divulga/#/candidato/2026/20322002026/RJ/190002532816,"TSE DivulgaCandContas (dados/rjsp/candidatos-rjsp.csv, coleta de 7/9/2026); entrou por ser citado espontaneamente na pesquisa Prefab Future / Diario do Rio, registro TSE RJ-02770/2026, campo de 24 a 29/7/2026 (dados/rjsp/_pesquisa-deputados-rj.csv)"
RJ,deputado federal,C,190002550507,DR. JOÃO,JOÃO FERREIRA NETO,4522,PSDB,FEDERAÇÃO PSDB CIDADANIA(PSDB/CIDADANIA),Aguardando julgamento,Concorrendo,2180000,doutorjoaooficial,rj-dep-fed-dr-joao,https://divulgacandcontas.tse.jus.br/divulga/#/candidato/2026/20322002026/RJ/190002550507,"TSE DivulgaCandContas (dados/rjsp/candidatos-rjsp.csv, coleta de 7/9/2026); entrou por ser citado espontaneamente na pesquisa Prefab Future / Diario do Rio, registro TSE RJ-02770/2026, campo de 24 a 29/7/2026 (dados/rjsp/_pesquisa-deputados-rj.csv)"
RJ,deputado federal,C,190002541060,DR. LUIZINHO,LUIZ ANTONIO DE SOUZA TEIXEIRA JUNIOR,1177,PP,FEDERAÇÃO UNIÃO PROGRESSISTA(UNIÃO/PP),Deferido,Concorrendo,5817982.26,doutorluizinho,rj-dep-fed-dr-luizinho,https://divulgacandcontas.tse.jus.br/divulga/#/candidato/2026/20322002026/RJ/190002541060,"TSE DivulgaCandContas (dados/rjsp/candidatos-rjsp.csv, coleta de 7/9/2026); entrou por ser citado espontaneamente na pesquisa Prefab Future / Diario do Rio, registro TSE RJ-02770/2026, campo de 24 a 29/7/2026 (dados/rjsp/_pesquisa-deputados-rj.csv)"
RJ,deputado federal,C,190002543065,FABIANO HORTA,FABIANO TAQUES HORTA,1303,PT,FEDERAÇÃO BRASIL DA ESPERANÇA - FE BRASIL(PT/PC do B/PV),Deferido,Concorrendo,810763,fabianohorta_oficial,rj-dep-fed-fabiano-horta,https://divulgacandcontas.tse.jus.br/divulga/#/candidato/2026/20322002026/RJ/190002543065,"TSE DivulgaCandContas (dados/rjsp/candidatos-rjsp.csv, coleta de 7/9/2026); entrou por ser citado espontaneamente na pesquisa Prefab Future / Diario do Rio, registro TSE RJ-02770/2026, campo de 24 a 29/7/2026 (dados/rjsp/_pesquisa-deputados-rj.csv)"
RJ,deputado federal,C,190002539332,FERNANDO JORDÃO,FERNANDO ANTONIO CECILIANO JORDAO,1550,MDB,MDB,Aguardando julgamento,Concorrendo,703023.1900000001,fernandojordaooficial,rj-dep-fed-fernando-jordao,https://divulgacandcontas.tse.jus.br/divulga/#/candidato/2026/20322002026/RJ/190002539332,"TSE DivulgaCandContas (dados/rjsp/candidatos-rjsp.csv, coleta de 7/9/2026); entrou por ser citado espontaneamente na pesquisa Prefab Future / Diario do Rio, registro TSE RJ-02770/2026, campo de 24 a 29/7/2026 (dados/rjsp/_pesquisa-deputados-rj.csv)"
RJ,deputado federal,C,190002536155,GLAUBER BRAGA,GLAUBER DE MEDEIROS BRAGA,5080,PSOL,FEDERAÇÃO PSOL REDE(PSOL/REDE),Deferido,Concorrendo,1130354,glauberbraga_oficial,rj-dep-fed-glauber-braga,https://divulgacandcontas.tse.jus.br/divulga/#/candidato/2026/20322002026/RJ/190002536155,"TSE DivulgaCandContas (dados/rjsp/candidatos-rjsp.csv, coleta de 7/9/2026); entrou por ser citado espontaneamente na pesquisa Prefab Future / Diario do Rio, registro TSE RJ-02770/2026, campo de 24 a 29/7/2026 (dados/rjsp/_pesquisa-deputados-rj.csv)"
RJ,deputado federal,C,190002539336,GUTEMBERG REIS,GUTEMBERG REIS DE OLIVEIRA,1516,MDB,MDB,Deferido,Concorrendo,581300,ghutembergreisoficial,rj-dep-fed-gutemberg-reis,https://divulgacandcontas.tse.jus.br/divulga/#/candidato/2026/20322002026/RJ/190002539336,"TSE DivulgaCandContas (dados/rjsp/candidatos-rjsp.csv, coleta de 7/9/2026); entrou por ser citado espontaneamente na pesquisa Prefab Future / Diario do Rio, registro TSE RJ-02770/2026, campo de 24 a 29/7/2026 (dados/rjsp/_pesquisa-deputados-rj.csv)"
RJ,deputado federal,C,190002532823,JORGE MIRANDA,JORGE LUCIO FERREIRA MIRANDA,2234,PL,PL,Deferido,Concorrendo,3354542.06,soujorgemiranda,rj-dep-fed-jorge-miranda,https://divulgacandcontas.tse.jus.br/divulga/#/candidato/2026/20322002026/RJ/190002532823,"TSE DivulgaCandContas (dados/rjsp/candidatos-rjsp.csv, coleta de 7/9/2026); entrou por ser citado espontaneamente na pesquisa Prefab Future / Diario do Rio, registro TSE RJ-02770/2026, campo de 24 a 29/7/2026 (dados/rjsp/_pesquisa-deputados-rj.csv)"
RJ,deputado federal,C,190002550520,JUNINHO DO PNEU,ROGERIO TEIXEIRA JUNIOR,4554,PSDB,FEDERAÇÃO PSDB CIDADANIA(PSDB/CIDADANIA),Deferido,Concorrendo,3110108.15,juninhodopneu,rj-dep-fed-juninho-do-pneu,https://divulgacandcontas.tse.jus.br/divulga/#/candidato/2026/20322002026/RJ/190002550520,"TSE DivulgaCandContas (dados/rjsp/candidatos-rjsp.csv, coleta de 7/9/2026); entrou por ser citado espontaneamente na pesquisa Prefab Future / Diario do Rio, registro TSE RJ-02770/2026, campo de 24 a 29/7/2026 (dados/rjsp/_pesquisa-deputados-rj.csv)"
RJ,deputado federal,C,190002543101,LINDBERGH,LUIZ LINDBERGH FARIAS FILHO,1300,PT,FEDERAÇÃO BRASIL DA ESPERANÇA - FE BRASIL(PT/PC do B/PV),Aguardando julgamento,Concorrendo,301008.08,lindberghfarias,rj-dep-fed-lindbergh,https://divulgacandcontas.tse.jus.br/divulga/#/candidato/2026/20322002026/RJ/190002543101,"TSE DivulgaCandContas (dados/rjsp/candidatos-rjsp.csv, coleta de 7/9/2026); entrou por ser citado espontaneamente na pesquisa Prefab Future / Diario do Rio, registro TSE RJ-02770/2026, campo de 24 a 29/7/2026 (dados/rjsp/_pesquisa-deputados-rj.csv)"
RJ,deputado federal,C,190002550510,LUCIANO VIEIRA,LUCIANO VIEIRA MENDES,4545,PSDB,FEDERAÇÃO PSDB CIDADANIA(PSDB/CIDADANIA),Deferido,Concorrendo,9844156.9,,rj-dep-fed-luciano-vieira,https://divulgacandcontas.tse.jus.br/divulga/#/candidato/2026/20322002026/RJ/190002550510,"TSE DivulgaCandContas (dados/rjsp/candidatos-rjsp.csv, coleta de 7/9/2026); entrou por ser citado espontaneamente na pesquisa Prefab Future / Diario do Rio, registro TSE RJ-02770/2026, campo de 24 a 29/7/2026 (dados/rjsp/_pesquisa-deputados-rj.csv)"
RJ,deputado federal,C,190002543363,LUIS CARLOS GOMES,LUIS CARLOS GOMES DA SILVA,1010,REPUBLICANOS,REPUBLICANOS,Deferido,Concorrendo,291.53,luiscarlosgomesrj,rj-dep-fed-luis-carlos-gomes,https://divulgacandcontas.tse.jus.br/divulga/#/candidato/2026/20322002026/RJ/190002543363,"TSE DivulgaCandContas (dados/rjsp/candidatos-rjsp.csv, coleta de 7/9/2026); entrou por ser citado espontaneamente na pesquisa Prefab Future / Diario do Rio, registro TSE RJ-02770/2026, campo de 24 a 29/7/2026 (dados/rjsp/_pesquisa-deputados-rj.csv)"
RJ,deputado federal,C,190002534633,LUIZ LIMA,LUIZ EDUARDO CARNEIRO DA SILVA DE SOUZA LIMA,3030,NOVO,NOVO,Deferido,Concorrendo,5561213.37,oficialluizlima,rj-dep-fed-luiz-lima,https://divulgacandcontas.tse.jus.br/divulga/#/candidato/2026/20322002026/RJ/190002534633,"TSE DivulgaCandContas (dados/rjsp/candidatos-rjsp.csv, coleta de 7/9/2026); entrou por ser citado espontaneamente na pesquisa Prefab Future / Diario do Rio, registro TSE RJ-02770/2026, campo de 24 a 29/7/2026 (dados/rjsp/_pesquisa-deputados-rj.csv)"
RJ,deputado federal,C,190002532804,MANOELA PERES,MANOELA RAMOS DE SOUZA GOMES ALVES,2200,PL,PL,Deferido,Concorrendo,1379818,manoelaperes,rj-dep-fed-manoela-peres,https://divulgacandcontas.tse.jus.br/divulga/#/candidato/2026/20322002026/RJ/190002532804,"TSE DivulgaCandContas (dados/rjsp/candidatos-rjsp.csv, coleta de 7/9/2026); entrou por ser citado espontaneamente na pesquisa Prefab Future / Diario do Rio, registro TSE RJ-02770/2026, campo de 24 a 29/7/2026 (dados/rjsp/_pesquisa-deputados-rj.csv)"
RJ,deputado federal,C,190002536145,PASTOR HENRIQUE VIEIRA,HENRIQUE DOS SANTOS VIEIRA LIMA,5001,PSOL,FEDERAÇÃO PSOL REDE(PSOL/REDE),Deferido,Concorrendo,25900,pastorhenriquevieira,rj-dep-fed-pastor-henrique-vieira,https://divulgacandcontas.tse.jus.br/divulga/#/candidato/2026/20322002026/RJ/190002536145,"TSE DivulgaCandContas (dados/rjsp/candidatos-rjsp.csv, coleta de 7/9/2026); entrou por ser citado espontaneamente na pesquisa Prefab Future / Diario do Rio, registro TSE RJ-02770/2026, campo de 24 a 29/7/2026 (dados/rjsp/_pesquisa-deputados-rj.csv)"
RJ,deputado federal,C,190002532809,POUBEL,FILIPPE MEDEIROS POUBEL,2262,PL,PL,Deferido,Concorrendo,1158038.02,deputadopoubel,rj-dep-fed-poubel,https://divulgacandcontas.tse.jus.br/divulga/#/candidato/2026/20322002026/RJ/190002532809,"TSE DivulgaCandContas (dados/rjsp/candidatos-rjsp.csv, coleta de 7/9/2026); entrou por ser citado espontaneamente na pesquisa Prefab Future / Diario do Rio, registro TSE RJ-02770/2026, campo de 24 a 29/7/2026 (dados/rjsp/_pesquisa-deputados-rj.csv)"
RJ,deputado federal,C,190002540157,RENAN FERREIRINHA,RENAN FERREIRINHA CARNEIRO,5521,PSD,PSD,Deferido,Concorrendo,158694.83,renanferreirinha,rj-dep-fed-renan-ferreirinha,https://divulgacandcontas.tse.jus.br/divulga/#/candidato/2026/20322002026/RJ/190002540157,"TSE DivulgaCandContas (dados/rjsp/candidatos-rjsp.csv, coleta de 7/9/2026); entrou por ser citado espontaneamente na pesquisa Prefab Future / Diario do Rio, registro TSE RJ-02770/2026, campo de 24 a 29/7/2026 (dados/rjsp/_pesquisa-deputados-rj.csv)"
RJ,deputado federal,C,190002532803,RENATO ARAÚJO,RENATO DE ARAUJO CORREA,2223,PL,PL,Aguardando julgamento,Concorrendo,3590088.35,renatoaraujorj,rj-dep-fed-renato-araujo,https://divulgacandcontas.tse.jus.br/divulga/#/candidato/2026/20322002026/RJ/190002532803,"TSE DivulgaCandContas (dados/rjsp/candidatos-rjsp.csv, coleta de 7/9/2026); entrou por ser citado espontaneamente na pesquisa Prefab Future / Diario do Rio, registro TSE RJ-02770/2026, campo de 24 a 29/7/2026 (dados/rjsp/_pesquisa-deputados-rj.csv)"
RJ,deputado federal,C,190002550483,RICARDO ABRÃO,RICARDO MARTINS DAVID,4544,PSDB,FEDERAÇÃO PSDB CIDADANIA(PSDB/CIDADANIA),Aguardando julgamento,Concorrendo,44497052.1,ricardoabraooficial,rj-dep-fed-ricardo-abrao,https://divulgacandcontas.tse.jus.br/divulga/#/candidato/2026/20322002026/RJ/190002550483,"TSE DivulgaCandContas (dados/rjsp/candidatos-rjsp.csv, coleta de 7/9/2026); entrou por ser citado espontaneamente na pesquisa Prefab Future / Diario do Rio, registro TSE RJ-02770/2026, campo de 24 a 29/7/2026 (dados/rjsp/_pesquisa-deputados-rj.csv)"
RJ,deputado federal,C,190002543347,ROSANGELA GOMES,ROSANGELA DE SOUZA GOMES,1033,REPUBLICANOS,REPUBLICANOS,Deferido,Concorrendo,844867.31,deputadarosangelagomes,rj-dep-fed-rosangela-gomes,https://divulgacandcontas.tse.jus.br/divulga/#/candidato/2026/20322002026/RJ/190002543347,"TSE DivulgaCandContas (dados/rjsp/candidatos-rjsp.csv, coleta de 7/9/2026); entrou por ser citado espontaneamente na pesquisa Prefab Future / Diario do Rio, registro TSE RJ-02770/2026, campo de 24 a 29/7/2026 (dados/rjsp/_pesquisa-deputados-rj.csv)"
RJ,deputado federal,C,190002532805,WLADIMIR GAROTINHO,WLADIMIR BARROS ASSED MATHEUS DE OLIVEIRA,2258,PL,PL,Deferido,Concorrendo,2427139.21,wladimirgarotinho,rj-dep-fed-wladimir-garotinho,https://divulgacandcontas.tse.jus.br/divulga/#/candidato/2026/20322002026/RJ/190002532805,"TSE DivulgaCandContas (dados/rjsp/candidatos-rjsp.csv, coleta de 7/9/2026); entrou por ser citado espontaneamente na pesquisa Prefab Future / Diario do Rio, registro TSE RJ-02770/2026, campo de 24 a 29/7/2026 (dados/rjsp/_pesquisa-deputados-rj.csv)"
SP,deputado estadual,A,250002548910,ANA CAROLINA SERRA,ANA CAROLINA ROSSI BARRETO SERRA,45045,PSDB,FEDERAÇÃO PSDB CIDADANIA(PSDB/CIDADANIA),Deferido,Concorrendo,2394020.49,anacarolinaserra,sp-dep-est-ana-carolina-serra,https://divulgacandcontas.tse.jus.br/divulga/#/candidato/2026/20322002026/SP/250002548910,"TSE DivulgaCandContas (dados/rjsp/candidatos-rjsp.csv, coleta de 7/9/2026); curadoria de imprensa em notas/varredura-deputados-rj-2026-09-07.md e notas/varredura-deputados-sp-2026-09-07.md, cruzada e corrigida em notas/curadoria-deputados-rjsp-2026-09-07.md"
SP,deputado estadual,A,250002536240,BARBA,TEONILIO MONTEIRO DA COSTA,13110,PT,FEDERAÇÃO BRASIL DA ESPERANÇA - FE BRASIL(PT/PC do B/PV),Deferido,Concorrendo,718178.87,teonilio_barba,sp-dep-est-barba,https://divulgacandcontas.tse.jus.br/divulga/#/candidato/2026/20322002026/SP/250002536240,"TSE DivulgaCandContas (dados/rjsp/candidatos-rjsp.csv, coleta de 7/9/2026); curadoria de imprensa em notas/varredura-deputados-rj-2026-09-07.md e notas/varredura-deputados-sp-2026-09-07.md, cruzada e corrigida em notas/curadoria-deputados-rjsp-2026-09-07.md"
SP,deputado estadual,A,250002540562,CARLA MORANDO,CARLA SARDANO MORANDO,55155,PSD,PSD,Deferido,Concorrendo,7545793.96,deputadacarlamorando,sp-dep-est-carla-morando,https://divulgacandcontas.tse.jus.br/divulga/#/candidato/2026/20322002026/SP/250002540562,"TSE DivulgaCandContas (dados/rjsp/candidatos-rjsp.csv, coleta de 7/9/2026); curadoria de imprensa em notas/varredura-deputados-rj-2026-09-07.md e notas/varredura-deputados-sp-2026-09-07.md, cruzada e corrigida em notas/curadoria-deputados-rjsp-2026-09-07.md"
SP,deputado estadual,A,250002538904,EDIANE MARIA,EDIANE MARIA DO NASCIMENTO,50110,PSOL,FEDERAÇÃO PSOL REDE(PSOL/REDE),Deferido,Concorrendo,20393.73,edianemariamtst,sp-dep-est-ediane-maria,https://divulgacandcontas.tse.jus.br/divulga/#/candidato/2026/20322002026/SP/250002538904,"TSE DivulgaCandContas (dados/rjsp/candidatos-rjsp.csv, coleta de 7/9/2026); curadoria de imprensa em notas/varredura-deputados-rj-2026-09-07.md e notas/varredura-deputados-sp-2026-09-07.md, cruzada e corrigida em notas/curadoria-deputados-rjsp-2026-09-07.md"
SP,deputado estadual,A,250002534232,ITAMAR BORGES,ITAMAR FRANCISCO MACHADO BORGES,15300,MDB,MDB,Deferido,Concorrendo,6588140.76,itamar.borges,sp-dep-est-itamar-borges,https://divulgacandcontas.tse.jus.br/divulga/#/candidato/2026/20322002026/SP/250002534232,"TSE DivulgaCandContas (dados/rjsp/candidatos-rjsp.csv, coleta de 7/9/2026); curadoria de imprensa em notas/varredura-deputados-rj-2026-09-07.md e notas/varredura-deputados-sp-2026-09-07.md, cruzada e corrigida em notas/curadoria-deputados-rjsp-2026-09-07.md"
SP,deputado estadual,A,250002536270,LUIZ FERNANDO,LUIZ FERNANDO TEIXEIRA FERREIRA,13134,PT,FEDERAÇÃO BRASIL DA ESPERANÇA - FE BRASIL(PT/PC do B/PV),Deferido,Concorrendo,7223757.8,luizfernandopt13,sp-dep-est-luiz-fernando,https://divulgacandcontas.tse.jus.br/divulga/#/candidato/2026/20322002026/SP/250002536270,"TSE DivulgaCandContas (dados/rjsp/candidatos-rjsp.csv, coleta de 7/9/2026); curadoria de imprensa em notas/varredura-deputados-rj-2026-09-07.md e notas/varredura-deputados-sp-2026-09-07.md, cruzada e corrigida em notas/curadoria-deputados-rjsp-2026-09-07.md"
SP,deputado estadual,A,250002536397,OSEIAS DE MADUREIRA,OSEIAS SANTOS DA SILVA,22223,PL,PL,Deferido,Concorrendo,1297819.27,pr_oseiasdemadureira,sp-dep-est-oseias-de-madureira,https://divulgacandcontas.tse.jus.br/divulga/#/candidato/2026/20322002026/SP/250002536397,"TSE DivulgaCandContas (dados/rjsp/candidatos-rjsp.csv, coleta de 7/9/2026); curadoria de imprensa em notas/varredura-deputados-rj-2026-09-07.md e notas/varredura-deputados-sp-2026-09-07.md, cruzada e corrigida em notas/curadoria-deputados-rjsp-2026-09-07.md"
SP,deputado estadual,A,250002536836,RÔMULO,ROMULO CESAR FERNANDES,13789,PT,FEDERAÇÃO BRASIL DA ESPERANÇA - FE BRASIL(PT/PC do B/PV),Deferido,Concorrendo,499788,13romulofernandes,sp-dep-est-romulo,https://divulgacandcontas.tse.jus.br/divulga/#/candidato/2026/20322002026/SP/250002536836,"TSE DivulgaCandContas (dados/rjsp/candidatos-rjsp.csv, coleta de 7/9/2026); curadoria de imprensa em notas/varredura-deputados-rj-2026-09-07.md e notas/varredura-deputados-sp-2026-09-07.md, cruzada e corrigida em notas/curadoria-deputados-rjsp-2026-09-07.md"
SP,deputado estadual,A,250002533757,TELHADINHA - CAPITÃO TELHADA,RAFAEL HENRIQUE CANO TELHADA,11190,PP,FEDERAÇÃO UNIÃO PROGRESSISTA(UNIÃO/PP),Deferido,Concorrendo,1904059.3499999999,capitaotelhada,sp-dep-est-telhadinha-capitao-telhada,https://divulgacandcontas.tse.jus.br/divulga/#/candidato/2026/20322002026/SP/250002533757,"TSE DivulgaCandContas (dados/rjsp/candidatos-rjsp.csv, coleta de 7/9/2026); curadoria de imprensa em notas/varredura-deputados-rj-2026-09-07.md e notas/varredura-deputados-sp-2026-09-07.md, cruzada e corrigida em notas/curadoria-deputados-rjsp-2026-09-07.md"
SP,deputado estadual,A,250002536423,THIAGO AURICCHIO,THIAGO REIS AURICCHIO,22343,PL,PL,Deferido,Concorrendo,5684784.72,thiagoauricchio_,sp-dep-est-thiago-auricchio,https://divulgacandcontas.tse.jus.br/divulga/#/candidato/2026/20322002026/SP/250002536423,"TSE DivulgaCandContas (dados/rjsp/candidatos-rjsp.csv, coleta de 7/9/2026); curadoria de imprensa em notas/varredura-deputados-rj-2026-09-07.md e notas/varredura-deputados-sp-2026-09-07.md, cruzada e corrigida em notas/curadoria-deputados-rjsp-2026-09-07.md"
SP,deputado estadual,A,250002536392,VALERIA BOLSONARO,VALERIA MULLER RAMOS BOLSONARO,22922,PL,PL,Deferido,Concorrendo,157826.27,bolsonarovaleria,sp-dep-est-valeria-bolsonaro,https://divulgacandcontas.tse.jus.br/divulga/#/candidato/2026/20322002026/SP/250002536392,"TSE DivulgaCandContas (dados/rjsp/candidatos-rjsp.csv, coleta de 7/9/2026); curadoria de imprensa em notas/varredura-deputados-rj-2026-09-07.md e notas/varredura-deputados-sp-2026-09-07.md, cruzada e corrigida em notas/curadoria-deputados-rjsp-2026-09-07.md"
SP,deputado estadual,B,250002536385,MARCELO BOLSONARO,MARCELO BOLSONARO,22202,PL,PL,Deferido,Concorrendo,356231.53,dr.marcelobolsonaro,sp-dep-est-marcelo-bolsonaro,https://divulgacandcontas.tse.jus.br/divulga/#/candidato/2026/20322002026/SP/250002536385,"TSE DivulgaCandContas (dados/rjsp/candidatos-rjsp.csv, coleta de 7/9/2026); curadoria de imprensa em notas/varredura-deputados-rj-2026-09-07.md e notas/varredura-deputados-sp-2026-09-07.md, cruzada e corrigida em notas/curadoria-deputados-rjsp-2026-09-07.md"
SP,deputado estadual,B,250002536412,PAULO KOGOS,PAULO HUGENNEYER KOGOS,22038,PL,PL,Deferido,Concorrendo,254347.81,opropriokogos,sp-dep-est-paulo-kogos,https://divulgacandcontas.tse.jus.br/divulga/#/candidato/2026/20322002026/SP/250002536412,"TSE DivulgaCandContas (dados/rjsp/candidatos-rjsp.csv, coleta de 7/9/2026); curadoria de imprensa em notas/varredura-deputados-rj-2026-09-07.md e notas/varredura-deputados-sp-2026-09-07.md, cruzada e corrigida em notas/curadoria-deputados-rjsp-2026-09-07.md"
SP,deputado federal,A,250002533647,BALEIA ROSSI,LUIZ FELIPE BALEIA TENUTO ROSSI,1515,MDB,MDB,Deferido,Concorrendo,1506200.57,baleia.rossi,sp-dep-fed-baleia-rossi,https://divulgacandcontas.tse.jus.br/divulga/#/candidato/2026/20322002026/SP/250002533647,"TSE DivulgaCandContas (dados/rjsp/candidatos-rjsp.csv, coleta de 7/9/2026); curadoria de imprensa em notas/varredura-deputados-rj-2026-09-07.md e notas/varredura-deputados-sp-2026-09-07.md, cruzada e corrigida em notas/curadoria-deputados-rjsp-2026-09-07.md"
SP,deputado federal,A,250002539612,ERIKA HILTON,ERIKA HILTON,5070,PSOL,FEDERAÇÃO PSOL REDE(PSOL/REDE),Deferido,Concorrendo,15975.73,hilton_erika,sp-dep-fed-erika-hilton,https://divulgacandcontas.tse.jus.br/divulga/#/candidato/2026/20322002026/SP/250002539612,"TSE DivulgaCandContas (dados/rjsp/candidatos-rjsp.csv, coleta de 7/9/2026); curadoria de imprensa em notas/varredura-deputados-rj-2026-09-07.md e notas/varredura-deputados-sp-2026-09-07.md, cruzada e corrigida em notas/curadoria-deputados-rjsp-2026-09-07.md"
SP,deputado federal,A,250002546642,KIM KATAGUIRI,KIM PATROCA KATAGUIRI,1414,MISSÃO,MISSÃO,Deferido,Concorrendo,1109702.79,kimkataguiri,sp-dep-fed-kim-kataguiri,https://divulgacandcontas.tse.jus.br/divulga/#/candidato/2026/20322002026/SP/250002546642,"TSE DivulgaCandContas (dados/rjsp/candidatos-rjsp.csv, coleta de 7/9/2026); curadoria de imprensa em notas/varredura-deputados-rj-2026-09-07.md e notas/varredura-deputados-sp-2026-09-07.md, cruzada e corrigida em notas/curadoria-deputados-rjsp-2026-09-07.md"
SP,deputado federal,A,250002535951,PASTOR MARCO FELICIANO,MARCO ANTONIO FELICIANO,2270,PL,PL,Deferido,Concorrendo,5402023,marcofeliciano,sp-dep-fed-pastor-marco-feliciano,https://divulgacandcontas.tse.jus.br/divulga/#/candidato/2026/20322002026/SP/250002535951,"TSE DivulgaCandContas (dados/rjsp/candidatos-rjsp.csv, coleta de 7/9/2026); curadoria de imprensa em notas/varredura-deputados-rj-2026-09-07.md e notas/varredura-deputados-sp-2026-09-07.md, cruzada e corrigida em notas/curadoria-deputados-rjsp-2026-09-07.md"
SP,deputado federal,A,250002544340,RENATA ABREU,RENATA HELLMEISTER DE ABREU MELO,2020,PODE,PODE,Deferido,Concorrendo,4758519.62,renataabreu.2020,sp-dep-fed-renata-abreu,https://divulgacandcontas.tse.jus.br/divulga/#/candidato/2026/20322002026/SP/250002544340,"TSE DivulgaCandContas (dados/rjsp/candidatos-rjsp.csv, coleta de 7/9/2026); curadoria de imprensa em notas/varredura-deputados-rj-2026-09-07.md e notas/varredura-deputados-sp-2026-09-07.md, cruzada e corrigida em notas/curadoria-deputados-rjsp-2026-09-07.md"
SP,deputado federal,A,250002535972,ROSANA VALLE,ROSANA DE OLIVEIRA VALLE,2227,PL,PL,Deferido,Concorrendo,2295059,rosanavalleoficial,sp-dep-fed-rosana-valle,https://divulgacandcontas.tse.jus.br/divulga/#/candidato/2026/20322002026/SP/250002535972,"TSE DivulgaCandContas (dados/rjsp/candidatos-rjsp.csv, coleta de 7/9/2026); curadoria de imprensa em notas/varredura-deputados-rj-2026-09-07.md e notas/varredura-deputados-sp-2026-09-07.md, cruzada e corrigida em notas/curadoria-deputados-rjsp-2026-09-07.md"
SP,deputado federal,A,250002539604,SÂMIA BOMFIM,SÂMIA DE SOUZA BOMFIM,5000,PSOL,FEDERAÇÃO PSOL REDE(PSOL/REDE),Deferido,Concorrendo,498640.73,timesamia5000,sp-dep-fed-samia-bomfim,https://divulgacandcontas.tse.jus.br/divulga/#/candidato/2026/20322002026/SP/250002539604,"TSE DivulgaCandContas (dados/rjsp/candidatos-rjsp.csv, coleta de 7/9/2026); curadoria de imprensa em notas/varredura-deputados-rj-2026-09-07.md e notas/varredura-deputados-sp-2026-09-07.md, cruzada e corrigida em notas/curadoria-deputados-rjsp-2026-09-07.md"
SP,deputado federal,B,250002532381,ADRILLES JORGE,ADRILLES REIS JORGE,4401,UNIÃO,FEDERAÇÃO UNIÃO PROGRESSISTA(UNIÃO/PP),Deferido,Concorrendo,542495.69,adrillesjorge,sp-dep-fed-adrilles-jorge,https://divulgacandcontas.tse.jus.br/divulga/#/candidato/2026/20322002026/SP/250002532381,"TSE DivulgaCandContas (dados/rjsp/candidatos-rjsp.csv, coleta de 7/9/2026); curadoria de imprensa em notas/varredura-deputados-rj-2026-09-07.md e notas/varredura-deputados-sp-2026-09-07.md, cruzada e corrigida em notas/curadoria-deputados-rjsp-2026-09-07.md"
SP,deputado federal,B,250002551049,CANETA AZUL - MANOEL GOMES,MANOEL JARDIM GOMES,7030,AVANTE,AVANTE,Deferido,Concorrendo,,manoelgomesbr,sp-dep-fed-caneta-azul-manoel-gomes,https://divulgacandcontas.tse.jus.br/divulga/#/candidato/2026/20322002026/SP/250002551049,"TSE DivulgaCandContas (dados/rjsp/candidatos-rjsp.csv, coleta de 7/9/2026); curadoria de imprensa em notas/varredura-deputados-rj-2026-09-07.md e notas/varredura-deputados-sp-2026-09-07.md, cruzada e corrigida em notas/curadoria-deputados-rjsp-2026-09-07.md"
SP,deputado federal,B,250002551068,GERALDO LUÍS,GERALDO LUIS SACRAMENTO,7077,AVANTE,AVANTE,Deferido,Concorrendo,7212252.79,geraldoluistv,sp-dep-fed-geraldo-luis,https://divulgacandcontas.tse.jus.br/divulga/#/candidato/2026/20322002026/SP/250002551068,"TSE DivulgaCandContas (dados/rjsp/candidatos-rjsp.csv, coleta de 7/9/2026); curadoria de imprensa em notas/varredura-deputados-rj-2026-09-07.md e notas/varredura-deputados-sp-2026-09-07.md, cruzada e corrigida em notas/curadoria-deputados-rjsp-2026-09-07.md"
SP,deputado federal,B,250002536760,JEAN WYLLYS,JEAN WYLLYS DE MATOS SANTOS,1350,PT,FEDERAÇÃO BRASIL DA ESPERANÇA - FE BRASIL(PT/PC do B/PV),Deferido,Concorrendo,250000,jeanwyllys_real,sp-dep-fed-jean-wyllys,https://divulgacandcontas.tse.jus.br/divulga/#/candidato/2026/20322002026/SP/250002536760,"TSE DivulgaCandContas (dados/rjsp/candidatos-rjsp.csv, coleta de 7/9/2026); curadoria de imprensa em notas/varredura-deputados-rj-2026-09-07.md e notas/varredura-deputados-sp-2026-09-07.md, cruzada e corrigida em notas/curadoria-deputados-rjsp-2026-09-07.md"
SP,deputado federal,B,250002535995,LUCAS PAVANATO,LUCAS PAVANATO DE OLIVEIRA,2211,PL,PL,Deferido,Concorrendo,43661.77,lucaspavanato,sp-dep-fed-lucas-pavanato,https://divulgacandcontas.tse.jus.br/divulga/#/candidato/2026/20322002026/SP/250002535995,"TSE DivulgaCandContas (dados/rjsp/candidatos-rjsp.csv, coleta de 7/9/2026); curadoria de imprensa em notas/varredura-deputados-rj-2026-09-07.md e notas/varredura-deputados-sp-2026-09-07.md, cruzada e corrigida em notas/curadoria-deputados-rjsp-2026-09-07.md"
SP,deputado federal,B,250002536739,LUCAS PENTEADO,LUCAS PRATA PENTEADO,1303,PT,FEDERAÇÃO BRASIL DA ESPERANÇA - FE BRASIL(PT/PC do B/PV),Deferido,Concorrendo,1200,lucaskokapenteado,sp-dep-fed-lucas-penteado,https://divulgacandcontas.tse.jus.br/divulga/#/candidato/2026/20322002026/SP/250002536739,"TSE DivulgaCandContas (dados/rjsp/candidatos-rjsp.csv, coleta de 7/9/2026); curadoria de imprensa em notas/varredura-deputados-rj-2026-09-07.md e notas/varredura-deputados-sp-2026-09-07.md, cruzada e corrigida em notas/curadoria-deputados-rjsp-2026-09-07.md"
SP,deputado federal,B,250002533626,LUIS FABIANO,LUIS FABIANO CLEMENTE,1509,MDB,MDB,Deferido,Concorrendo,20103841.12,luisfabianooficial,sp-dep-fed-luis-fabiano,https://divulgacandcontas.tse.jus.br/divulga/#/candidato/2026/20322002026/SP/250002533626,"TSE DivulgaCandContas (dados/rjsp/candidatos-rjsp.csv, coleta de 7/9/2026); curadoria de imprensa em notas/varredura-deputados-rj-2026-09-07.md e notas/varredura-deputados-sp-2026-09-07.md, cruzada e corrigida em notas/curadoria-deputados-rjsp-2026-09-07.md"
SP,deputado federal,B,250002541118,MC GUI,GUILHERME KAUE CASTANHEIRA ALVES,5544,PSD,PSD,Deferido,Concorrendo,1190301.1,mcgui,sp-dep-fed-mc-gui,https://divulgacandcontas.tse.jus.br/divulga/#/candidato/2026/20322002026/SP/250002541118,"TSE DivulgaCandContas (dados/rjsp/candidatos-rjsp.csv, coleta de 7/9/2026); curadoria de imprensa em notas/varredura-deputados-rj-2026-09-07.md e notas/varredura-deputados-sp-2026-09-07.md, cruzada e corrigida em notas/curadoria-deputados-rjsp-2026-09-07.md"
SP,deputado federal,B,250002541158,RACHEL SHEHERAZADE,RACHEL SHEHERAZADE BARBOSA,5560,PSD,PSD,Deferido,Concorrendo,140293.01,rachelsherazade,sp-dep-fed-rachel-sheherazade,https://divulgacandcontas.tse.jus.br/divulga/#/candidato/2026/20322002026/SP/250002541158,"TSE DivulgaCandContas (dados/rjsp/candidatos-rjsp.csv, coleta de 7/9/2026); curadoria de imprensa em notas/varredura-deputados-rj-2026-09-07.md e notas/varredura-deputados-sp-2026-09-07.md, cruzada e corrigida em notas/curadoria-deputados-rjsp-2026-09-07.md"
SP,deputado federal,B,250002535947,RENATO BOLSONARO,RENATO ANTONIO BOLSONARO,2222,PL,PL,Deferido,Concorrendo,3327848.02,renatobolsonaro,sp-dep-fed-renato-bolsonaro,https://divulgacandcontas.tse.jus.br/divulga/#/candidato/2026/20322002026/SP/250002535947,"TSE DivulgaCandContas (dados/rjsp/candidatos-rjsp.csv, coleta de 7/9/2026); curadoria de imprensa em notas/varredura-deputados-rj-2026-09-07.md e notas/varredura-deputados-sp-2026-09-07.md, cruzada e corrigida em notas/curadoria-deputados-rjsp-2026-09-07.md"
SP,deputado federal,B,250002541151,SILVIA ABRAVANEL,SILVIA ABRAVANEL DE MOURA,5590,PSD,PSD,Deferido,Concorrendo,47546965.91,silviaabravanel,sp-dep-fed-silvia-abravanel,https://divulgacandcontas.tse.jus.br/divulga/#/candidato/2026/20322002026/SP/250002541151,"TSE DivulgaCandContas (dados/rjsp/candidatos-rjsp.csv, coleta de 7/9/2026); curadoria de imprensa em notas/varredura-deputados-rj-2026-09-07.md e notas/varredura-deputados-sp-2026-09-07.md, cruzada e corrigida em notas/curadoria-deputados-rjsp-2026-09-07.md"
SP,deputado federal,B,250002536752,THIAGO DOS REIS,THIAGO DOS REIS PEREIRA DOS SANTOS,1399,PT,FEDERAÇÃO BRASIL DA ESPERANÇA - FE BRASIL(PT/PC do B/PV),Deferido,Concorrendo,1600000,thiagoresiste,sp-dep-fed-thiago-dos-reis,https://divulgacandcontas.tse.jus.br/divulga/#/candidato/2026/20322002026/SP/250002536752,"TSE DivulgaCandContas (dados/rjsp/candidatos-rjsp.csv, coleta de 7/9/2026); curadoria de imprensa em notas/varredura-deputados-rj-2026-09-07.md e notas/varredura-deputados-sp-2026-09-07.md, cruzada e corrigida em notas/curadoria-deputados-rjsp-2026-09-07.md"
SP,deputado federal,B,250002537986,VAL MARCHIORI,VALDIRENE APARECIDA DE MARCHIORI,1077,REPUBLICANOS,REPUBLICANOS,Deferido,Concorrendo,1317778.6,valmarchiori,sp-dep-fed-val-marchiori,https://divulgacandcontas.tse.jus.br/divulga/#/candidato/2026/20322002026/SP/250002537986,"TSE DivulgaCandContas (dados/rjsp/candidatos-rjsp.csv, coleta de 7/9/2026); curadoria de imprensa em notas/varredura-deputados-rj-2026-09-07.md e notas/varredura-deputados-sp-2026-09-07.md, cruzada e corrigida em notas/curadoria-deputados-rjsp-2026-09-07.md"
