data,candidato,evento,categoria,descricao,url
2025-04-04,Ronaldo Caiado,"Lança pré-candidatura em Salvador pelo União Brasil (contexto, 2025)",contexto,Exame (4/4/2025): lançamento em evento em Salvador sem a presença do presidente nacional do União Brasil.,https://exame.com/brasil/caiado-lanca-candidatura-a-presidencia-sem-a-presenca-do-presidente-nacional-do-uniao-brasil/
2025-08-16,Romeu Zema,"Lança pré-candidatura à Presidência em São Paulo (contexto, 2025)",contexto,CartaCapital (16/8/2025): oficializou a pré-candidatura em cerimônia em SP com discurso anti-STF e promessa de tirar o Brasil do Brics.,https://www.cartacapital.com.br/politica/zema-lanca-pre-candidatura-a-presidencia-com-discurso-anti-pt-e-promessa-de-tirar-o-brasil-do-brics/
2025-11,Renan Santos,"TSE aprova o registro do partido Missão (contexto, 2025)",contexto,"Agência Pública (31/7/2026): 'no início de novembro de 2025, a criação do Partido Missão' foi aprovada pelo TSE; Correio Braziliense (28/8) confirma novembro de 2025. Dia exato não localizado. Renan foi escolhido pré-candidato em convenção online ainda em 2025 (Correio Braziliense).",https://apublica.org/2026/07/partido-missao-o-projeto-de-poder-de-renan-santos-e-do-mbl/
2025-12,Pablo Marçal,"TRE-SP mantém inelegibilidade por 8 anos (contexto, 2025)",justiça eleitoral,"Congresso em Foco (5/8/2026): 'A condenação original foi estabelecida pelo tribunal em dezembro de 2025' por uso indevido dos meios de comunicação ('campeonato de cortes'); em novembro de 2025 o TRE-SP havia revertido a condenação por venda de apoio (Gazeta do Povo, 26/8). Dia exato não localizado.",https://www.congressoemfoco.com.br/noticia/121052/por-unanimidade-tre-sp-mantem-pablo-marcal-inelegivel-ate-2032
2025-12-05,Flávio Bolsonaro,"Anuncia pré-candidatura com aval de Jair Bolsonaro (contexto, 2025)",contexto,Poder360 (8/12/2025) fala em 'anúncio de candidatura em 5 de dezembro'; Al Jazeera (6/12/2025) descreve o post com foto beijando a cabeça do pai e a nota de Valdemar Costa Neto confirmando o nome.,https://www.poder360.com.br/poder-gente/flavio-cresce-100-000-por-dia-no-instagram-diz-eduardo/
2026-01-01,todos,Início do registro obrigatório de pesquisas eleitorais,calendário,"Data em que passa a ser obrigatório o registro das pesquisas de opinião sobre a eleição na Justiça Eleitoral (calendário TSE, notícia de 6/3/2026 atualizada em 14/7/2026).",https://www.tse.jus.br/comunicacao/noticias/2026/Marco/eleicoes-2026-confira-as-principais-datas-do-calendario-eleitoral
2026-02-01,Samara Martins,Diretório Nacional da UP aprova Samara como pré-candidata,contexto,"Site da Unidade Popular (6/2/2026): 'Em reunião do Diretório Nacional, neste domingo, 01 de fevereiro, de forma unânime, foi aprovado o nome de Samara Martins'. CNN (7/4) e CartaCapital (10/4) confirmam 'em fevereiro'.",https://unidadepopular.org.br/blog/samara-e-a-pre-candidata-da-unidade-popular-a-presidencia-do-brasil
2026-03-05,todos,Início da janela partidária (5/3 a 3/4),calendário,Período em que detentores de mandato podem trocar de partido sem perda do cargo; também prazo para o TSE publicar as instruções das eleições.,https://www.tse.jus.br/comunicacao/noticias/2026/Marco/eleicoes-2026-confira-as-principais-datas-do-calendario-eleitoral
2026-03-06,Pablo Marçal,Deixa o PRTB e se filia ao União Brasil,contexto,"Poder360 (7/3/2026): 'nesta 6ª feira (6.mar.2026), sua filiação ao União Brasil'; pediu perdão a Tarcísio.",https://www.poder360.com.br/poder-partidos-politicos/pablo-marcal-se-filia-ao-uniao-brasil-e-pede-perdao-a-tarcisio/
2026-03-22,Romeu Zema,Renuncia ao governo de Minas; Mateus Simões (PSD) assume,contexto,Gazeta do Povo (22/3/2026): ALMG deu posse ao vice no domingo 22/3; Zema deixou o cargo para disputar a Presidência.,https://www.gazetadopovo.com.br/eleicoes/2026/zema-renuncia-e-mateus-simoes-assume-governo-de-mg/
2026-03-23,Ronaldo Caiado,Ratinho Junior desiste da disputa interna no PSD,contexto,Gazeta do Povo (30/3/2026): 'o caminho ... ficou livre após a desistência de Ratinho Junior (PSD) na última segunda-feira (23)'. Caiado havia se filiado ao PSD após deixar o União Brasil (Gazeta fala em fim de janeiro; Poder360 26/7 fala em março).,https://www.gazetadopovo.com.br/eleicoes/2026/ronaldo-caiado-sera-candidato-a-presidente-pelo-psd/
2026-03-24,Ronaldo Caiado,Anuncia que deixará o governo de Goiás em 31/3,contexto,Brasil 247 (24/3/2026): Caiado anunciou que deixaria o comando do estado em 31 de março; vice Daniel Vilela (MDB) assume.,https://www.brasil247.com/brasil/ronaldo-caiado-anuncia-que-deixara-o-governo-de-goias-em-31-de-marco
2026-03-30,Ronaldo Caiado,PSD confirma Caiado como pré-candidato à Presidência,contexto,"Gilberto Kassab: 'O PSD encerrou essa importante etapa de definição de nosso pré-candidato' (Gazeta do Povo, 30/3/2026).",https://www.gazetadopovo.com.br/eleicoes/2026/ronaldo-caiado-sera-candidato-a-presidente-pelo-psd/
2026-03-31,Lula,Lula confirma Alckmin como vice na chapa de 2026,contexto,"Reuters (31/3/2026): em reunião ministerial de terça-feira, Lula disse que Geraldo Alckmin 'will again be his running mate'; Alckmin deixaria o MDIC para se desincompatibilizar.",https://www.aol.com/articles/brazils-lula-confirms-alckmin-running-135304964.html
2026-04-04,Augusto Cury,Anuncia filiação ao Avante e pré-candidatura à Presidência,contexto,"O Tempo (5/4/2026): 'anunciou, neste domingo (4/4), sua filiação ao partido Avante', em Brasília, pelas redes sociais; no início de março dizia procurar partido. CNN (22/8) situa a confirmação da pré-candidatura pelo Avante em abril.",https://www.otempo.com.br/eleicoes/2026/2026/4/5/augusto-cury-se-filia-ao-avante-e-lanca-pre-candidatura-a-presidencia-da-republica
2026-04-04,todos,"Prazo de filiação partidária, domicílio eleitoral e desincompatibilização",calendário,"Último dia para filiação ao partido pelo qual o candidato concorre, fixação de domicílio eleitoral e desincompatibilização de cargos (seis meses antes do pleito). Marçal obteve filiação retroativa a esta data (ver 15/8).",https://www.tse.jus.br/comunicacao/noticias/2026/Marco/eleicoes-2026-confira-as-principais-datas-do-calendario-eleitoral
2026-04-23,Renan Santos,Chega a 1 milhão de seguidores no Instagram (registro de conta de apoiadores),contexto,"Post da conta 'Contagem da Missão' no X: 'Quinta-feira, 23 de abril de 2026. Renan Santos chega à marca de 1 milhão de seguidores no Instagram'. Não é veículo de imprensa; sem confirmação jornalística.",https://x.com/ContagemMissao/status/2047411125562528202
2026-04-27,Romeu Zema,Ganha quase 1 milhão de seguidores em uma semana após atrito com Gilmar Mendes/STF,contexto,"CNN Brasil (28/4/2026): +716 mil no Instagram entre 20 e 27/4, chegando a mais de 3,3 milhões; Bites via Poder360 (9/5) registra +1,4 milhão no total de abril.",https://www.cnnbrasil.com.br/blogs/isabel-mega/politica/zema-aposta-nas-redes-e-ganha-quase-1-milhao-de-seguidores-em-uma-semana/
2026-05-06,Augusto Cury,Avante lança oficialmente a pré-candidatura de Cury em Belo Horizonte,contexto,"Quarta-feira, BeFly Hall, BH (InfoMoney, 6/5/2026; Poder360 chamou de lançamento 'nesta 4ª').",https://www.infomoney.com.br/politica/augusto-cury-estreia-na-politica-e-lanca-pre-candidatura-ao-planalto-pelo-avante/
2026-05-07,todos,Fechamento do cadastro eleitoral,calendário,Cadastro eleitoral fechado; 6/5 foi o prazo para pedidos de título e transferências.,https://www.tse.jus.br/comunicacao/noticias/2026/Marco/eleicoes-2026-confira-as-principais-datas-do-calendario-eleitoral
2026-05-13,Flávio Bolsonaro,Caso Master: Intercept revela áudios com Vorcaro sobre R$ 134 mi para o filme Dark Horse,contexto,"Intercept Brasil (13/5/2026): Flávio negociou com Daniel Vorcaro, dono do Banco Master, R$ 134 milhões para o filme sobre Jair Bolsonaro; ao menos R$ 61 milhões transferidos entre fevereiro e maio de 2025 via fundo Havengate.",https://www.intercept.com.br/2026/05/13/audio-flavio-negociou-vorcaro-milhoes/
2026-06-02,Flávio Bolsonaro,Caso Master: Intercept publica que Vorcaro tratou pagamento do filme como prioridade,contexto,"Segunda reportagem do Intercept (2/6/2026): 'Esse é o mais importante disparado', segundo mensagens de Vorcaro após cobrança de Flávio.",https://www.intercept.com.br/2026/06/02/mais-importante-disparado-vorcaro-bolsonaro/
2026-06-08,Flávio Bolsonaro,Datrix: caso Master faz Flávio perder liderança digital em maio,contexto,"CNN Brasil (8/6/2026): Flávio perdeu 21,8% de performance no Índice Datrix após as revelações; Lula assumiu a liderança de maio.",https://www.cnnbrasil.com.br/blogs/iuri-pitta/eleicoes/datrix-master-faz-flavio-perder-para-lula-lideranca-de-ranking-digital/
2026-06-30,todos,Vedação a programas de rádio e TV com pré-candidatos,calendário,A partir desta data emissoras ficam impedidas de transmitir programas apresentados ou comentados por pré-candidatos.,https://www.tse.jus.br/comunicacao/noticias/2026/Marco/eleicoes-2026-confira-as-principais-datas-do-calendario-eleitoral
2026-07-01,Lula,PT marca convenção para 2/8 em São Paulo,convenção,Gazeta do Povo (1/7/2026): convenção inicialmente prevista para 1/8 em Brasília foi remarcada para 2/8 em São Paulo.,https://www.gazetadopovo.com.br/eleicoes/2026/pt-marca-oficializacao-da-candidatura-de-lula-para-2-de-agosto/
2026-07-20,Renan Santos,Convenção virtual do Missão oficializa Renan e o vice Aroldo 'Coronel' Medina,convenção,"Convenção antecipada de 1/8 para 20/7 por 'motivos de segurança', online e sem transmissão; primeiro candidato a presidente oficializado em 2026 (Diário do Grande ABC e Gazeta do Povo, 20/7/2026).",https://www.dgabc.com.br/Noticia/4336354/missao-oficializa-candidatura-de-renan-santos-a-presidencia
2026-07-20,todos,Início do período de convenções partidárias (20/7 a 5/8),calendário,Convenções para escolha de candidatos e formação de coligações; notícia do TSE de 6/3/2026 confirma o intervalo de 20 de julho a 5 de agosto.,https://www.tse.jus.br/comunicacao/noticias/2026/Marco/eleicoes-2026-confira-as-principais-datas-do-calendario-eleitoral
2026-07-25,Flávio Bolsonaro,Convenção nacional do PL oficializa Flávio à Presidência,convenção,"Sábado, em São Paulo; vice ainda não definido (CNN Brasil, 25/7/2026).",https://www.cnnbrasil.com.br/eleicoes/pl-oficializa-candidatura-de-flavio-bolsonaro-a-presidencia/
2026-07-25,Lula,Caso Lulinha: PF pede ao STF autorização para investigar Fábio Luís,contexto,"Poder360 (31/7/2026): 'A PF enviou o pedido ao STF no dia 25 de julho, durante o recesso do Judiciário'; caso ligado ao 'Careca do INSS' e à empresa World Cannabis.",https://www.poder360.com.br/poder-justica/entenda-a-investigacao-da-pf-sobre-lulinha-e-trafico-de-influencia/
2026-07-26,Ronaldo Caiado,Convenção nacional do PSD oficializa Caiado com Kassab (PSD) de vice,convenção,"Domingo, sede do PSD em São Paulo (Folha BV e Poder360, 26/7/2026).",https://www.folhabv.com.br/politica/psd-oficializa-ronaldo-caiado-como-candidato-a-presidencia-gilberto-kassab-sera-o-vice/
2026-07-27,Romeu Zema,Convenção nacional do Novo oficializa Zema em Brasília,convenção,Agência Brasil (27/7/2026): vice ainda não definido na data.,https://agenciabrasil.ebc.com.br/politica/noticia/2026-07/novo-oficializa-candidatura-de-romeu-zema-presidencia-da-republica
2026-07-27,Samara Martins,Convenção da UP oficializa Samara com Raquel Brício de vice,convenção,"Domingo, Universidade Zumbi dos Palmares, São Paulo; chapa 100% feminina (CNN Brasil, 27/7/2026).",https://www.cnnbrasil.com.br/eleicoes/up-oficializa-candidatura-de-samara-martins-a-presidencia/
2026-07-29,Pablo Marçal,PRTB oficializa Leonardo Avalanche (não Marçal) em convenção em Goiânia,convenção,"Poder360 (3/8/2026): o PRTB pretendia lançar Marçal, mas ele estava inelegível e filiado ao União Brasil; Avalanche escolhido, vice indefinido.",https://www.poder360.com.br/poder-eleicoes-2026/prtb-oficializa-leonardo-avalanche-como-candidato-a-presidencia/
2026-07-30,Flávio Bolsonaro,"Caso Master: divulgada foto de Flávio com 'Sicário', capanga de Vorcaro",contexto,TVT News (26/8/2026) registra em 30/7 a foto ao lado de Luiz Phillipi Mourão ('Sicário'); PF avaliava inclusão na Interpol.,https://tvtnews.com.br/flavio-bolsonaro-e-vorcaro-3-meses-de-dark-horse/
2026-07-30,Lula,Caso Lulinha: Mendonça autoriza 1º inquérito (cannabis medicinal / Careca do INSS),contexto,"Ministro André Mendonça autorizou em 30/7 a investigação; Lula declarou que 'Lulinha não vai ter ajuda minha se estiver errado' (Poder360, 31/7; CNN, 20/8).",https://www.cnnbrasil.com.br/politica/entenda-os-tres-inqueritos-em-que-lulinha-e-investigado/
2026-07-31,Lula,Caso Lulinha: 2º inquérito (Dataprev) autorizado,contexto,"CNN Brasil (20/8/2026): segundo inquérito, sobre atuação junto à Dataprev, autorizado em 31/7 por André Mendonça.",https://www.cnnbrasil.com.br/politica/entenda-os-tres-inqueritos-em-que-lulinha-e-investigado/
2026-08-01,Renan Santos,Evento presencial de lançamento da candidatura no Komplexo Tempo (SP),convenção,"Brasil de Fato (1/8/2026): sábado, zona leste de São Paulo, com Aroldo Medina como vice.",https://www.brasildefato.com.br/2026/08/01/partido-missao-oficializa-candidatura-de-renan-santos-a-presidencia/
2026-08-02,Lula,Convenção nacional do PT oficializa Lula à reeleição com Alckmin (PSB),convenção,"Domingo, Expo Center Norte, zona norte de São Paulo (BandNews FM, 2/8/2026).",https://www.band.com.br/bandnews-fm/noticias/pt-oficializa-lula-como-candidato-a-reeleicao-em-evento-em-sao-paulo-202608021056
2026-08-03,Augusto Cury,Convenção nacional do Avante oficializa Cury na Alesp,convenção,"Segunda-feira, Assembleia Legislativa de SP, com Tarcísio de Freitas, Ricardo Nunes e André do Prado; vice indefinido; Cury disse que a aliança com Zema/Novo 'não avançou' (Agência Brasil e Poder360, 3/8/2026).",https://agenciabrasil.ebc.com.br/politica/noticia/2026-08/avante-oficializa-augusto-cury-como-candidato-presidencia
2026-08-04,Lula,Caso Lulinha: Dino autoriza 3º inquérito (grupo de favorecimento de empresas),contexto,CNN Brasil (20/8/2026): ministro Flávio Dino autorizou em 4/8 investigação sobre 'atuação de um grupo de pessoas em prol de favorecimento de empresas junto ao governo federal'.,https://www.cnnbrasil.com.br/politica/entenda-os-tres-inqueritos-em-que-lulinha-e-investigado/
2026-08-04,Romeu Zema,Novo anuncia senador Eduardo Girão (Novo-CE) como vice; chapa pura,convenção,"JOTA (4/8/2026): Girão aceitou o convite 'pelos brasileiros sedentos por justiça'; conversas de chapa com Cury/Avante não avançaram (Poder360, 3/8).",https://www.jota.info/eleicoes/eleicoes-2026/com-girao-na-vice-de-zema-novo-tera-chapa-pura-para-a-presidencia
2026-08-05,Augusto Cury,Anuncia Júlio Delgado (Avante) como vice,convenção,"Poder360 (5/8/2026): ex-deputado federal Júlio Delgado anunciado na quarta-feira, último dia das convenções.",https://www.poder360.com.br/poder-eleicoes-2026/augusto-cury-anuncia-julio-delgado-como-vice-na-disputa-presidencial/
2026-08-05,Flávio Bolsonaro,Anuncia Alfredo Gaspar (PL) como vice; chapa pura,convenção,"Anúncio no último dia das convenções após PP, União Brasil, Republicanos e Podemos recusarem coligação formal; Flávio havia prometido o nome até 15 de março (CNN Brasil, 5/8/2026).",https://www.cnnbrasil.com.br/eleicoes/flavio-anuncia-alfredo-gaspar-como-vice-em-chapa-pura-a-presidencia/
2026-08-05,Pablo Marçal,TRE-SP nega recurso por unanimidade e mantém inelegibilidade até 2032,justiça eleitoral,"Sete votos contra o recurso; multa de R$ 420 mil mantida (Congresso em Foco, 5/8/2026).",https://www.congressoemfoco.com.br/noticia/121052/por-unanimidade-tre-sp-mantem-pablo-marcal-inelegivel-ate-2032
2026-08-05,todos,Fim do período de convenções partidárias,calendário,Último dia para convenções; no mesmo dia Flávio Bolsonaro e Augusto Cury anunciaram seus vices.,https://www.tse.jus.br/comunicacao/noticias/2026/Marco/eleicoes-2026-confira-as-principais-datas-do-calendario-eleitoral
2026-08-14,todos,Quaest usada como critério das sabatinas do JN,contexto,"Genial/Quaest divulgada em 14/8 (campo 10 a 13/8): Lula 38%, Flávio 31%, Renan Santos 4%, Caiado 4%, Zema 2%, Cury 2%, Samara Martins 1% (Gazeta do Povo, 14/8). Os seis mais bem colocados foram os sabatinados pelo JN, em ordem sorteada (TV Sim Brasil, 24/8).",https://www.gazetadopovo.com.br/eleicoes/2026/pesquisa-eleitoral-2026/quaest-pesquisa-presidente-agosto-2026/
2026-08-15,Pablo Marçal,Liminar para voltar ao PRTB (filiação retroativa a 4/4) e registro da candidatura às 18h51; Avalanche vira vice,registro,"Gazeta do Povo (15/8): liminar de 1ª instância fixou a filiação retroativa; Correio Braziliense (15/8): pedido protocolado às 18h51, patrimônio declarado de R$ 7,418 bilhões, Avalanche trocou a cabeça de chapa pela vice.",https://www.correiobraziliense.com.br/politica/2026/08/7480858-pablo-marcal-registra-candidatura-a-presidencia-pelo-prtb.html
2026-08-15,todos,Prazo final para registro de candidaturas (19h),calendário,Notícia do TSE de 14/8/2026: registro até as 19h de sábado 15/8; também último dia para abertura de conta bancária de campanha. Treze candidaturas presidenciais foram protocoladas.,https://www.tse.jus.br/comunicacao/noticias/2026/Agosto/prazo-para-registro-de-candidaturas-nas-eleicoes-2026-termina-neste-sabado-15
2026-08-16,todos,Início da propaganda eleitoral (campanha),calendário,"A partir de 16/8 é permitido o pedido explícito de voto, inclusive na internet (TSE, 14/8/2026).",https://www.tse.jus.br/comunicacao/noticias/2026/Agosto/prazo-para-registro-de-candidaturas-nas-eleicoes-2026-termina-neste-sabado-15
2026-08-18,Lula,Decisão de não ir ao debate da Band,debate,"Campanha de Lula anuncia ausência no debate Band/Estadão de 23/8 e se queixa do convite a Zema e Renan Santos, cujos partidos não têm os 5 parlamentares que obrigam o convite. Lula já dissera que não iria a debate 'para ouvir bobagem'.","https://www.terra.com.br/noticias/brasil/politica/lula-se-queixa-da-presenca-de-zema-e-renan-santos-e-decide-nao-ir-ao-debate-bandestadao,8d3ae6bed811bc0df3847cf81d2c168719kyamzx.html"
2026-08-20,Flávio Bolsonaro,Diz que Dark Horse é 'página virada',declaração,"Brasil de Fato (20/8/2026): sem explicar o dinheiro de Vorcaro e do Master, Flávio afirmou que o caso é 'página virada'.",https://www.brasildefato.com.br/2026/08/20/sem-explicar-dinheiro-de-vorcaro-e-do-banco-master-flavio-bolsonaro-diz-que-dark-horse-e-pagina-virada/
2026-08-20,Pablo Marçal,TSE concede liminar unânime restringindo campanha,justiça eleitoral,"Plenário do TSE, relatora Estela Aranha, a pedido do MP Eleitoral, proíbe Marçal de usar FEFC e fundo partidário, propaganda gratuita em rádio/TV e participação em debates até o julgamento do registro (RCand 0601586-09.2026.6.00.0000). Fundamentos: filiação ao PRTB sem comprovação no prazo (estava no União Brasil em abril) e inelegibilidade até 2032 por condenação do TRE-SP.",https://www.tse.jus.br/comunicacao/noticias/2026/Agosto/tse-concede-liminar-proibindo-pablo-marcal-de-usar-recursos-oficiais-para-campanha
2026-08-20,Pablo Marçal,Debates: proibido de participar,debate,"Liminar do TSE de 20/8 veda 'todos os atos de promoção da candidatura, incluindo debates'; não foi convidado pela Band (23/8) nem pelo consórcio de 14/9, que chamou seis candidatos.",https://www.tse.jus.br/comunicacao/noticias/2026/Agosto/tse-concede-liminar-proibindo-pablo-marcal-de-usar-recursos-oficiais-para-campanha
2026-08-21,Pablo Marçal,Presidente do TRE-SP rejeita recurso de Marçal,justiça eleitoral,Gazeta do Povo (26/8/2026) registra a rejeição em 21/8.,https://www.gazetadopovo.com.br/eleicoes/2026/tre-sp-derruba-uma-das-condenacoes-que-tornava-pablo-marcal-inelegivel/
2026-08-21,Rui Costa Pimenta,Critica PF após operação contra o PCO,declaração,Após operação da PF de 11/8 sobre suspeita de desvio de fundo partidário e FEFC atingindo o PCO e ele próprio: 'Essa Polícia Federal é uma polícia política'.,https://www.poder360.com.br/poder-eleicoes-2026/rui-costa-pimenta-critica-atuacao-da-pf-e-fala-em-uso-politico/
2026-08-23,Augusto Cury; Renan Santos; Ronaldo Caiado,"Primeiro debate presidencial, Band",debate,"Debate mais esvaziado desde 1989: média de 1,9 ponto de audiência e pico de 2,9, contra 5,4 de uma entrevista gravada de Lula na Record no mesmo horário. Ausentes: Lula, Flávio Bolsonaro e Romeu Zema. Cury anunciou que não participaria, em protesto, e voltou atrás.",
2026-08-23,Clariana Barão,Critica exclusão de mulheres do debate da Band,declaração,"'O primeiro debate presidencial das eleições deste ano excluiu as mulheres', afirmou a candidata do DC.",https://canalmynews.com.br/eleicoes-2026/debate-presidencial-da-band-entenda-as-regras-e-as-polemicas-pela-ausencia-de-alguns-candidatos/
2026-08-23,Flávio Bolsonaro,Ausente no debate da Band,debate,Não compareceu. Motivo alegado: só vai a debate com Lula presente; sem Lula seria o alvo principal dos demais. Valdemar Costa Neto: 'O debate dele tem que ser com Lula e acabou'.,https://www.gazetadopovo.com.br/eleicoes/2026/flavio-bolsonaro-lula-debates-primeiro-turno/
2026-08-23,Lula,Ausente no debate da Band,debate,Não compareceu. Motivo alegado: não vai a debate 'para ouvir bobagem' e a campanha contestou o convite a Zema e Renan. Foi o principal alvo dos presentes (Renan e Caiado).,https://www.congressoemfoco.com.br/noticia/121577/band-realiza-primeiro-debate-presidencial-veja-quem-participa
2026-08-23,Lula,Entrevista à Record no horário do debate,entrevista,"Record exibe entrevista exclusiva de Lula no Domingo Espetacular às 20h30, meia hora após o início do debate da Band. Lula diz que Lulinha 'terá de se defender como qualquer cidadão'. Cury chamou a exibição simultânea de 'desrespeito à democracia'.",https://www.gazetadopovo.com.br/eleicoes/2026/lula-troca-debate-da-band-por-contraponto-na-record-e-responde-sobre-lulinha/
2026-08-23,Renan Santos,Participa do debate da Band,debate,"Mais agressivo dos três: leva fraldas com nomes de Lula e Flávio, chama-os de 'covardes', põe placa de 'ladrão' no púlpito vazio de Lula, chama Lula de 'canalha' e diz que Flávio tem 'déficits cognitivos graves'. Defende 'estado de defesa, à GLO' em áreas dominadas pelo crime; contra o fim da 6x1.","https://www.terra.com.br/noticias/eleicoes/em-debate-esvaziado-lula-vira-principal-alvo-de-renan-e-flavio-acaba-poupado-cury-e-caiado-trocam-afagos-e-zema-e-ignorado,ee39a548d31faeb0a95e79a9b596602b3egpcpka.html"
2026-08-23,Renan Santos,Cury critica sua agressividade no debate,ataque,Cury repreende Renan ('sua agressividade me assombra') por atacar eleitores e adversários; Renan defende o confronto direto.,https://www.band.com.br/eleicoes/noticias/augusto-cury-critica-agressividade-de-renan-santos-me-assombra-202608232034
2026-08-23,Renan Santos,Checagem da Band/Lupa no debate,debate,Checagem: 'favelização aumenta' verdadeiro; 'Brasil não produz pesquisa sobre terras raras' falso; 'Casas Bahia quebrou' falso (recuperação judicial); afirmações sobre analfabetismo funcional e jornada nos países concorrentes com falta de contexto.,https://www.band.com.br/politica/eleicoes/2026/lupa-renan-santos-caiado-e-cury-falam-sobre-economia-e-seguranca-202608232308
2026-08-23,Romeu Zema,Desiste do debate da Band horas antes,debate,Campanha alega que a mudança de data (16/8 para 23/8) fora aceita na expectativa de Lula participar; sem Lula e Flávio o debate perderia o propósito. Renan chamou as desistências de 'vergonha'.,https://www.cnnbrasil.com.br/eleicoes/romeu-zema-desiste-de-debate-presidencial-na-band-e-atribui-ausencia-a-lula/
2026-08-23,Ronaldo Caiado,Participa do debate da Band,debate,Um dos três presentes. Chama Lula e Flávio de 'fujões'; usa a fórmula 'Dark Horse de um lado e dark lobby do outro'. Promete 40 presídios federais e uso de IA na segurança. Troca elogios com Cury.,https://www.congressoemfoco.com.br/noticia/121583/ausentes-lula-e-flavio-viram-principais-alvos-do-debate-da-band
2026-08-23,Ronaldo Caiado,Troca de convites com Cury no debate,declaração,Cury convida Caiado para ser 'xerife do Brasil' em seu governo; Caiado responde que estará na Presidência e que Cury 'sem dúvida vai fazer parte de uma equipe' na área de saúde mental.,"https://www.terra.com.br/noticias/eleicoes/cury-e-caiado-trocam-convites-para-ministerio-e-area-de-saude-mental-de-eventuais-governos,44fef1c3f524ad5b1f5d0587674f074980n4n3ti.html"
2026-08-23,Ronaldo Caiado,Checagem da Band/Lupa no debate,debate,Checagem: 'Lula e Flávio têm maior rejeição' verdadeiro; '7 dos 10 melhores colégios médios estão em Goiás' falta contexto; 'maior parte do território controlada por facções' insustentável.,https://www.band.com.br/politica/eleicoes/2026/lupa-renan-santos-caiado-e-cury-falam-sobre-economia-e-seguranca-202608232308
2026-08-23,Samara Martins,Excluída do debate da Band; protesto da UP,debate,"Militantes da UP protestam na porta da Band no Morumbi contra a exclusão. Band só era obrigada a convidar partidos com 5 parlamentares (Lula, Flávio, Caiado, Cury); Zema e Renan entraram por decisão da emissora.",https://www.tribunadosertao.com.br/geral/2026/08/23/965508-militantes-protestam-contra-ausencia-de-samara-martins-em-debate-da-band
2026-08-24,Flávio Bolsonaro,Agenda com Fiesp e premiação Veja,contexto,"Reunião da diretoria da Fiesp na Paulista e evento Veja TOP30 no Palácio Tangará, em SP.",https://agenciabrasil.ebc.com.br/politica/noticia/2026-08/veja-como-foi-segunda-feira-24-dos-candidatos-presidente
2026-08-24,Lula,Audiência da entrevista supera o debate,contexto,"Vermelho (site do PCdoB) reporta 5,4 pontos de média para a entrevista na Record contra 1,9 do debate da Band, 'o mais esvaziado desde 1989'.",https://vermelho.org.br/2026/08/24/audiencia-mostra-decisao-acertada-de-lula-em-dar-entrevista-ao-inves-de-ir-a-debate/
2026-08-24,Pablo Marçal,TSE dá 7 dias para contestar impugnações,justiça eleitoral,"Ministra Estela Aranha abre prazo de 7 dias para defesa contra impugnações do MP Eleitoral, Erciley Santana (Novo), Tabata Amaral (PSB), Paula Nunes e Guilherme Cortez (PSOL). Restrições de 20/8 mantidas. Publicado em 25/8.",https://www.metropoles.com/colunas/grande-angular/tse-da-sete-dias-para-marcal-contestar-impugnacoes-a-candidatura
2026-08-24,Romeu Zema,Sabatina no Jornal Nacional,entrevista,"Primeiro da série do JN. Atribui alta da dívida de MG a decisões anteriores; defende privatizar Petrobras, idade mínima automática na Previdência, vacinação como escolha individual, modelo Bukele e anistia aos condenados do 8/1. Checagem Ranking dos Políticos: 45% verdadeiras, 46% parciais.",https://exame.com/brasil/eleicoes-2026-o-que-caiado-e-zema-falaram-na-sabatina-do-jornal-nacional/
2026-08-24,Romeu Zema,Encontro com pastores e vítimas de apostas,proposta,"Em Belford Roxo (RJ), na Assembleia de Deus, diz que as igrejas trabalham 'para tirar essa desgraça' das famílias; reitera que seu primeiro ato será acabar com as bets (reafirmado em Porto Alegre em 28/8).",https://agenciabrasil.ebc.com.br/politica/noticia/2026-08/veja-como-foi-segunda-feira-24-dos-candidatos-presidente
2026-08-25,Flávio Bolsonaro,Carreata em Maceió e convenção da Assembleia de Deus,contexto,"Carreata em Maceió (AL), encontro com empresários e Convenção dos Ministros das Assembleias de Deus.",https://www.portalafnews.com/noticia/17459/politica/confira-a-agenda-dos-presidenciaveis-nesta-terca-feira-25.html
2026-08-25,Pablo Marçal,TRE-SP derruba uma das condenações (5 a 1); duas pendem no TSE,justiça eleitoral,"Ação por abuso de poder e uso indevido de meios de comunicação julgada improcedente; restam a venda de apoio por Pix e o concurso de cortes (Gazeta do Povo, 26/8/2026).",https://www.gazetadopovo.com.br/eleicoes/2026/tre-sp-derruba-uma-das-condenacoes-que-tornava-pablo-marcal-inelegivel/
2026-08-25,Romeu Zema,Sabatina O Globo/Valor/CBN,entrevista,Sabatina no Rio de Janeiro.,https://www.portalafnews.com/noticia/17459/politica/confira-a-agenda-dos-presidenciaveis-nesta-terca-feira-25.html
2026-08-25,Ronaldo Caiado,Sabatina no Jornal Nacional,entrevista,"Descreve o Brasil como 'Disneylândia do narcotráfico'; propõe polícia integrada com 10 países vizinhos; erra ao atribuir poder de prisão à Europol (embate com Tralli); evita detalhar ajuste fiscal ('medo de iluminados', 'não estamos numa mesa examinadora'); promete anistia 'geral, ampla e irrestrita' ao 8/1 incluindo Bolsonaro.",https://www.infomoney.com.br/politica/caiado-evita-detalhar-plano-economico-e-diz-ter-medo-de-iluminados-em-sabatina/
2026-08-26,Augusto Cury,Pico de buscas por Augusto Cury,rito de reclassificação,"Índice do Google Trends chega a 100 na noite de 26/8, contra média pré-debate de 2,9. Cury passa a ser mais buscado que Lula e Flávio Bolsonaro.",
2026-08-26,Flávio Bolsonaro,Convoca ato de 7 de Setembro na Paulista,contexto,"Em vídeo, pede a lideranças que convoquem apoiadores para ato na Av. Paulista às 15h de 7/9, retomando o palco histórico do pai. Lançamento em Copacabana (16/8) reunira cerca de 8.900 pessoas.",https://www.poder360.com.br/poder-eleicoes-2026/flavio-bolsonaro-convoca-ato-na-paulista-em-7-de-setembro/
2026-08-26,Flávio Bolsonaro,Motociata em Arapiraca (AL),contexto,"Motociata e encontros com empresários do Agreste e Sertão alagoanos, com ênfase em segurança.",https://www.acessa.com/politica/2026/08/338024-veja-como-foi-a-quarta-feira-26-dos-candidatos-a-presidente.html
2026-08-26,Hertz Dias,Entrevistas à Globo e podcast,entrevista,"Entrevistas à TV Globo e ao podcast A Arte da Guerra, defendendo reestatização de empresas; em 31/8 panfletagem com trabalhadores dos Correios em Porto Alegre.",https://www.acessa.com/politica/2026/08/338024-veja-como-foi-a-quarta-feira-26-dos-candidatos-a-presidente.html
2026-08-26,Lula,Caso Lulinha levado ao Ministério Público da Espanha,contexto,"Oswaldo Eustáquio e o advogado de Carla Zambelli apresentaram ao MP espanhol pedido de investigação da Synapta SL, empresa de Lulinha em Madri (Metrópoles, 26/8/2026).",https://www.metropoles.com/colunas/milena-teixeira/eustaquio-e-advogado-de-zambelli-levam-caso-de-lulinha-ao-mp-da-espanha
2026-08-26,Renan Santos,Sabatina no Jornal Nacional,entrevista,"Colunistas da Globo dão nota média 2,6 (acima de Zema 2,0 e Caiado 1,4). Defende bomba atômica, estado de exceção em periferias e descumprir decisões do STF; Traumann classifica como antidemocrático. Checagem Ranking dos Políticos: 55% verdadeiras.",https://canalmynews.com.br/eleicoes-2026/renan-santos-alcanca-nota-26-no-jn-com-postura-fluida/
2026-08-26,Romeu Zema,Campanha em Teófilo Otoni (MG),contexto,Rádios locais e visita ao Hospital Regional; defende privatizações e novo pacto federativo.,https://www.acessa.com/politica/2026/08/338024-veja-como-foi-a-quarta-feira-26-dos-candidatos-a-presidente.html
2026-08-26,Ronaldo Caiado,Sabatina O Globo/Valor/CBN e visita à Penha,entrevista,Sabatina no Rio; visita ao santuário da Penha com foco em crime organizado.,https://www.acessa.com/politica/2026/08/338024-veja-como-foi-a-quarta-feira-26-dos-candidatos-a-presidente.html
2026-08-26,Samara Martins,Sabatina no DCE da Ufal e panfletagem em Maceió,contexto,"Sabatina no DCE da Ufal, panfletagem na Nova Orla e comunidade do Vergel; defende investimento industrial.",https://www.acessa.com/politica/2026/08/338024-veja-como-foi-a-quarta-feira-26-dos-candidatos-a-presidente.html
2026-08-27,Augusto Cury,Vídeos de endosso de grandes influenciadores,endosso,"Peça de Yuri Meirelles com mais de 12 milhões de visualizações e mais de 1 milhão de curtidas; peça de Raphael Soares com mais de 1 milhão de curtidas, entre 27 e 28/8. Salvar cópias com urgência na pasta de evidências.",
2026-08-27,Augusto Cury,Busca 'Augusto Cury é de esquerda ou direita' ultrapassa 10 mil consultas,rito de reclassificação,Crescimento próximo de 900% no termo. Marcador datado da tentativa do eleitorado de localizar o candidato no eixo.,
2026-08-27,Augusto Cury,Adversários levantam suspeita de crescimento artificial,ataque,"Acusações de inflação artificial de seguidores e de uso de influenciadores pagos, entre 27 e 28/8.",
2026-08-27,Augusto Cury,Ganha mais de 1 milhão de seguidores em 24h e chega a 10 milhões no Instagram,contexto,"Estado de Minas (27/8/2026); adversários passam a cogitar acionar o TSE pelo crescimento 'suspeito' (Metrópoles, coluna Igor Gadelha).",https://www.em.com.br/politica/2026/08/7488857-augusto-cury-ganha-1-milhao-de-seguidores-em-24h-e-vira-sensacao-nas-redes.html
2026-08-27,Edmilson Costa,Entrevista ao Monitor Mercantil,entrevista,"Economista de 76 anos propõe jornada de 30h, nacionalização do sistema financeiro e estatização do ensino universitário privado; critica Lula por não revogar reformas trabalhista e previdenciária.",https://monitormercantil.com.br/conversa-com-edmilson-costa-candidato-a-presidencia-pelo-pcb/
2026-08-27,Lula,Sabatina no Jornal Nacional,entrevista,"Com Tralli e Renata Vasconcellos. Primeira pergunta sobre o filho Fábio: 'se cometeu ilícito, pagará como qualquer brasileiro'. Diz 'se tem alguém que tem responsabilidade fiscal, sou eu'; sobre Banco Master brinca estar 'no Ministério Público'. Confronta âncoras sobre 'powerpoints'. Flávio, no dia seguinte, prestou solidariedade a Renata pela 'descortesia'.",https://tvtnews.com.br/lula-na-globo-sabatina-no-jornal-nacional/
2026-08-27,Lula,Sem sinalização sobre próximos debates,debate,O Tempo: Lula 'tem evitado marcar presença em sabatinas' e 'ainda não há sinalização de que o presidente compareça aos próximos debates'.,https://www.otempo.com.br/eleicoes/2026/presidentes/2026/8/27/sem-outras-agendas-no-dia-lula-viaja-para-sabatina-do-jornal-nacional
2026-08-27,Renan Santos,Sabatina O Globo/Valor/CBN,entrevista,"No Rio, defende o fim da Justiça do Trabalho e critica a discussão sobre a escala 6x1.",https://www.acessa.com/politica/2026/08/338139-veja-como-foi-a-quinta-feira-27-dos-candidatos-a-presidente.html
2026-08-27,Ronaldo Caiado,Promessas para o SUS em SP,proposta,Visita ao Hospital Santa Marcelina; promete investir em atenção primária e elevar repasses federais a hospitais do SUS.,https://www.acessa.com/politica/2026/08/338139-veja-como-foi-a-quinta-feira-27-dos-candidatos-a-presidente.html
2026-08-28,Augusto Cury,Campanha responde às acusações,declaração,"Campanha informa 854 mil comentários entre 24 e 27/8, nega influenciadores pagos e inflação artificial e afirma que 96% dos seguidores estão no Brasil.",
2026-08-28,Augusto Cury,Início do horário eleitoral gratuito,rito de reclassificação,Primeiro rito institucional que apresenta o candidato como candidato a um público amplo.,
2026-08-28,Clariana Barão,Perfil no Correio Braziliense,contexto,"Advogada de Cuiabá, 39 anos, número 27, vice Fabiana Torquato; promete 50% de mulheres no governo e quatro ministras no STF; primeira candidatura do DC sem Eymael desde 1995.",https://www.correiobraziliense.com.br/politica/2026/08/7489268-quem-e-clariana-barao-candidata-a-presidencia-pelo-dc.html
2026-08-28,Flávio Bolsonaro,Sabatina no Jornal Nacional,entrevista,"Esquiva-se sobre o contrato do filme Dark Horse com Vorcaro ('o contrato não cabe a mim'); nega contrapartidas; diz que Eduardo 'errou ao agradecer' as tarifas de Trump; promete vencer 'no primeiro turno'; convida Cláudio Lottenberg para a Saúde; levava anotações com 'Mudança', 'Futuro' e '7/set'.",https://www.metropoles.com/brasil/flavio-se-esquiva-sobre-contrato-de-dark-horse-e-vorcaro-nao-cabe-a-mim
2026-08-28,Flávio Bolsonaro,Checagem da Lupa na sabatina do JN,entrevista,"Lupa aponta como falsos: negar aquecimento global, Pix criado no governo Bolsonaro, negar ter questionado urnas, Adriano da Nóbrega 'não tinha feito nada de errado'. Exageros sobre CPI do Master e cargos comissionados (22 mil vs 5,7 mil).",https://www.agencialupa.org/checagem/2026/08/28/ao-vivo-checagem-da-entrevista-de-flavio-bolsonaro-ao-jornal-nacional/
2026-08-28,Flávio Bolsonaro,Cury anuncia carta a Lula e Flávio contra a polarização,declaração,Cury diz que prepara carta aos dois líderes. Não localizei resposta de Flávio ou do PL.,https://www.otempo.com.br/eleicoes/2026/presidentes/2026/8/28/com-o-objetivo-de-combater-a-polarizacao-augusto-cury-diz-que-prepara-carta-a-lula-e-flavio
2026-08-28,Lula,Caminhada em Salvador,contexto,Caminhada em Salvador com ênfase em educação e escolha de cursos para 'disputar tecnologia'.,https://www.aonca.com.br/confira-como-foi-a-sexta-feira-28-dos-presidenciaveis/
2026-08-28,Lula,Cury anuncia carta a Lula e Flávio contra a polarização,declaração,Cury diz que prepara carta aos dois líderes com o objetivo de combater a polarização. Não localizei resposta de Lula ou do PT.,https://www.otempo.com.br/eleicoes/2026/presidentes/2026/8/28/com-o-objetivo-de-combater-a-polarizacao-augusto-cury-diz-que-prepara-carta-a-lula-e-flavio
2026-08-28,Renan Santos,Visita à favela do Taquaril (BH),contexto,Ação com candidatos apoiadores no centro de Belo Horizonte e encontro partidário.,https://www.aonca.com.br/confira-como-foi-a-sexta-feira-28-dos-presidenciaveis/
2026-08-28,Ronaldo Caiado,Promete 'resgatar' a reforma trabalhista,proposta,"No Rio: 'dia da posse, estarei pronto com o resgate da reforma trabalhista'.",https://www.aonca.com.br/confira-como-foi-a-sexta-feira-28-dos-presidenciaveis/
2026-08-29,Augusto Cury,Sabatina de Augusto Cury na Globo,entrevista,"Encerrou a série de sabatinas. Avaliação preliminar do acompanhamento: momento mais difícil do candidato até aqui, sobretudo a análise dos comentaristas na sequência. O campo da BTG/Nexus, encerrado em 30/8, não capturou queda.",
2026-08-29,Augusto Cury,Sabatina no Jornal Nacional,entrevista,Último dia da série do JN (sábado).,https://tvsimbrasil.com.br/eleicoes-2026/calendario-sabatinas-6-presidenciaveis-jornal-nacional
2026-08-29,Flávio Bolsonaro,Motocarreata e barqueata em Angra dos Reis,contexto,Motocarreata e barqueata em Angra (RJ).,https://www.acessa.com/politica/2026/08/338354-veja-como-foi-o-fim-de-semana-dos-candidatos-a-presidente-da-republica.html
2026-08-29,Flávio Bolsonaro,Debate de 14/9: não vai sem Lula,debate,"Gazeta do Povo: Flávio 'confirmou que não participará de debates sem presença de Lula'; presença indefinida em 14/9, 27/9 e 1/10.",https://www.gazetadopovo.com.br/eleicoes/2026/proximos-debates-tv-candidatos-presidente/
2026-08-29,Hertz Dias,Sabatina no SBT News,entrevista,Sabatina no SBT News e visita à Casa da Estudante em Natal; em 30/8 plenária online de lançamento.,https://www.acessa.com/politica/2026/08/338354-veja-como-foi-o-fim-de-semana-dos-candidatos-a-presidente-da-republica.html
2026-08-29,Lula,Estreia da propaganda eleitoral na TV,contexto,"Programa com Alckmin e tema 'soberania nacional' (tarifas dos EUA); coligação tem 5min31s contra 4min20s do PL. Metrópoles antecipa que a campanha intensificará críticas a Flávio com o caso Dark Horse. Veiculação às terças, quintas e sábados até 1/10.",https://www.metropoles.com/brasil/lula-estreia-propaganda-eleitoral-com-alckmin-e-defesa-da-soberania
2026-08-29,Lula,Encontro nacional com mulheres em BH,contexto,Sobre trabalho não remunerado: 'essa pessoa está trabalhando'. Em 30/8 gravou programas eleitorais em Brasília.,https://www.acessa.com/politica/2026/08/338354-veja-como-foi-o-fim-de-semana-dos-candidatos-a-presidente-da-republica.html
2026-08-29,Lula,Debate de 14/9: presença indefinida,debate,"Gazeta do Povo (29/8): Lula e Flávio 'indefinidos' para o consórcio SBT/RedeTV!/CNN de 14/9 (22h); sem confirmações divulgadas para Record (27/9, 21h) e Globo (1/10, 21h30). Correio Braziliense (17/8) listava os seis como convidados/confirmados, mas com as mesmas condicionais.",https://www.gazetadopovo.com.br/eleicoes/2026/proximos-debates-tv-candidatos-presidente/
2026-08-29,Renan Santos,Carreata e adesivaço em SP,proposta,Propõe prontuário eletrônico único no SUS.,https://www.acessa.com/politica/2026/08/338354-veja-como-foi-o-fim-de-semana-dos-candidatos-a-presidente-da-republica.html
2026-08-29,Romeu Zema,Agenda no RS: Feliz e Expointer,contexto,Propostas de infraestrutura em Feliz (RS) e reunião com mulheres do Novo; em 30/8 participa da Expointer em Porto Alegre.,https://www.acessa.com/politica/2026/08/338354-veja-como-foi-o-fim-de-semana-dos-candidatos-a-presidente-da-republica.html
2026-08-29,Romeu Zema,Debate de 14/9: convidado pelo consórcio,debate,Convidado para 14/9 (Correio Braziliense o lista entre os confirmados em 17/8). Não localizei nova posição após a desistência da Band.,https://www.correiobraziliense.com.br/mundo/2026/08/7481270-debates-presidenciais-2026-datas-calendario-e-regras-dos-principais-debates.html
2026-08-29,Ronaldo Caiado,Festa do Peão de Barretos e caminhada na Paulista,contexto,Em Barretos defende ampliar o seguro rural; em 30/8 caminhada na Av. Paulista.,https://www.acessa.com/politica/2026/08/338354-veja-como-foi-o-fim-de-semana-dos-candidatos-a-presidente-da-republica.html
2026-08-29,Ronaldo Caiado,Debate de 14/9: convidado pelo consórcio,debate,Convidado para o consórcio de 14/9; Correio Braziliense (17/8) o lista entre os seis confirmados. Sem confirmação divulgada para Record e Globo.,https://www.correiobraziliense.com.br/mundo/2026/08/7481270-debates-presidenciais-2026-datas-calendario-e-regras-dos-principais-debates.html
2026-08-29,Rui Costa Pimenta,Lançamento de candidatura em Porto Alegre,contexto,Lançamento no Sindicato dos Metalúrgicos de Porto Alegre.,https://www.acessa.com/politica/2026/08/338354-veja-como-foi-o-fim-de-semana-dos-candidatos-a-presidente-da-republica.html
2026-08-29,Samara Martins,Caminhada em Mauá e carreata em João Pessoa,contexto,Caminhada em Mauá (SP) e reunião na zona norte de SP; em 30/8 carreata em João Pessoa (PB).,https://www.acessa.com/politica/2026/08/338354-veja-como-foi-o-fim-de-semana-dos-candidatos-a-presidente-da-republica.html
2026-08-29,Samara Martins,Debates: fora dos convites,debate,"Consórcio de 14/9 convidou seis candidatos (Lula, Flávio, Caiado, Zema, Renan, Cury); UP não tem 5 parlamentares. Sem convite localizado para Record e Globo.",https://www.gazetadopovo.com.br/eleicoes/2026/proximos-debates-tv-candidatos-presidente/
2026-08-29,todos,TSE marca julgamento virtual dos 13 registros presidenciais (31/8 a 2/9),registro,eJornais (29/8/2026): sessão virtual aberta à meia-noite de segunda 31/8 até 2/9 para os 13 candidatos; Marçal com liminar de restrição pendente do julgamento definitivo.,https://ejornais.com.br/index.php/2026/08/29/tse-marca-julgamento-de-registros-dos-candidatos-a-presidencia/
2026-08-30,Flávio Bolsonaro,Entrevista ao Domingo Espetacular (Record) e reunião com ministro de El Salvador,entrevista,"Reunião com o ministro salvadorenho de Segurança e sabatina na Record: 'Tem pouco preso no Brasil, tinha que ter mais'. Record já entrevistara Lula em 23/8 e prevê Zema e Caiado nas semanas seguintes; Jornal da Record fará sabatinas em 15 a 18/9 (Flávio em 18/9).","https://www.terra.com.br/noticias/eleicoes/flavio-bolsonaro-no-domingo-espetacular-em-2026-saiba-data-e-como-assistir-a-entrevista,82dac5a3598f3eb772c4ec5d5d4967d7044u6tu3.html"
2026-08-30,Flávio Bolsonaro,TSE suspende propaganda de Lula contra Flávio,justiça eleitoral,Defesa de Flávio obtém liminar da ministra Estela Aranha suspendendo a peça 'Currículo de Flávio Bolsonaro' da campanha de Lula; Flávio tem 24h para enviar texto de direito de resposta.,https://www.correiobraziliense.com.br/politica/2026/08/7490462-tse-suspende-propaganda-de-lula-com-curriculo-de-flavio-bolsonaro.html
2026-08-30,Lula,TSE suspende propaganda 'Currículo de Flávio Bolsonaro',justiça eleitoral,"Ministra auxiliar Estela Aranha, a pedido da defesa de Flávio, suspende liminarmente peça que listava rachadinha, Banco Master e homenagem a Adriano da Nóbrega em formato de currículo: informações verdadeiras 'descontextualizadas'. Emissoras devem retirar; 24h para Flávio apresentar texto de resposta; PGE e plenário ainda vão analisar.",https://www.correiobraziliense.com.br/politica/2026/08/7490462-tse-suspende-propaganda-de-lula-com-curriculo-de-flavio-bolsonaro.html
2026-08-31,Augusto Cury,Renan Santos chama o crescimento de Cury de inorgânico,ataque,"Ao Estadão, Renan diz que Cury 'não tem muita substância', que 'pode não resistir a sabatinas e debates' e que vive-se 'um momento de forte despolitização no Brasil, a eleição mais desengajada desde 2010'. É a comparação Cury x Renan mais explícita do período, feita pelo próprio Renan.",https://www.moneytimes.com.br/renan-santos-pais-tem-cenario-de-forte-despolitizacao-e-crescimento-de-cury-foi-inorganico-gaep/
2026-08-31,Augusto Cury,Cury responde às acusações em Curitiba,declaração,"No Sebrae: 'Eles que investiguem. Nós investimos em torno de R$ 50 mil. Não tem história de robô.' Marqueteiro Sérgio Lima havia citado cerca de R$ 20 mil em impulsionamento na Meta (28/8). Pede: 'não me enquadrem num partido, numa ideologia'. Fala em 'pacificar essa nação com os maiores especialistas, dos mais diversos partidos'. Inaugurou comitê em Gravataí (RS).",https://oantagonista.com.br/brasil/cury-nega-contratacao-de-influenciadores-e-uso-de-robos-eles-que-investiguem/
2026-08-31,Augusto Cury,Campanhas de Lula e Flávio avaliam ir ao TSE contra Cury,ataque,"O Antagonista: campanhas 'avaliam' representações por robôs. ICL (1/9) afirma que PT, Missão e PL já provocaram a Justiça Eleitoral, com técnicos analisando robôs em IVR e recrutamento digital; não confirmado por outro veículo. GloboNews (via Fórum, 30/8) apontou ao menos 200 influenciadores de pequeno e médio porte declarando voto 'de forma simultânea e padronizada'.",https://oantagonista.com.br/brasil/cury-ganha-25-milhoes-de-seguidores-e-campanhas-avaliam-ir-ao-tse/
2026-08-31,Augusto Cury,"BTG/Nexus: Cury chega a 11%, primeiro nome da terceira via com dois dígitos",contexto,Exame (31/8/2026): Cury sobe de 2% para 11%; Lula cai de 41% para 39% e Flávio de 37% para 33%.,https://exame.com/brasil/com-11-cury-conquista-eleitor-que-votava-em-lula-e-flavio-a-contragosto-diz-ceo-da-nexus/
2026-08-31,Augusto Cury,Marqueteiro Sérgio Lima à frente da campanha,cenário,"Publicitário que trabalhou em campanhas de Jair Bolsonaro assumiu a campanha de Cury ainda em agosto e coordena a estratégia de comunicação. Diz ter projetado o crescimento quando a própria equipe era cética. Primeiro quadro profissional de campanha identificado, o que qualifica a premissa de fenômeno sem estrutura profissional visível registrada no briefing. Não há, até aqui, informação sobre financiadores ou quadros econômicos.",https://www.brasilemfolhas.com.br/2026/08/sergio-lima-assume-campanha-de-augusto-cury-a-presidencia/
2026-08-31,Augusto Cury,Perde mais de 40 mil seguidores após a sabatina da Globo,contexto,"Social Blade registra queda de 19 mil seguidores no Instagram em 30/8 e outros 21 mil até a tarde de 31/8, primeira reversão do sinal desde 23/8. Coincide com a sabatina de 29/8 e com a análise dos comentaristas na sequência.",https://www.em.com.br/politica/2026/08/7491180-augusto-cury-perde-seguidores-apos-entrevista-na-globo.html
2026-08-31,Flávio Bolsonaro,Atacado por Renan Santos na Gazeta do Povo,ataque,"Renan acusa Flávio de apoiar 'Bacelar e TH Jóias, que são ligados ao Comando Vermelho lá no Rio de Janeiro'.",https://www.moneytimes.com.br/renan-santos-diz-que-lula-e-amigo-e-flavio-bolsonaro-e-aliado-do-crime-organizado-gaep/
2026-08-31,Flávio Bolsonaro,Defende Renan Santos contra decisão de Toffoli,endosso,No X: 'Espero que o candidato Renan Santos restabeleça sua candidatura'; 'O presidente Jair Bolsonaro está com suas redes bloqueadas há mais de 1 ano e a censura não pode mais ser banalizada'.,https://www.poder360.com.br/poder-eleicoes-2026/flavio-cita-censura-a-bolsonaro-ao-defender-renan-de-decisao-do-tse/
2026-08-31,Flávio Bolsonaro,TSE inicia julgamento virtual do registro (31/8 a 2/9),justiça eleitoral,"Registro Flávio/Alfredo Gaspar na pauta virtual, relator André Mendonça; sem impugnação relatada.",https://www.folhavitoria.com.br/eleicoes/tse-comeca-a-julgar-registros-de-lula-flavio-bolsonaro-e-outros-candidatos-a-presidencia/
2026-08-31,Flávio Bolsonaro,"BTG/Nexus: cai 4 pontos, empate técnico no 2º turno",pesquisa,"Coleta 28 a 30/8. Lula 39% (-2), Flávio 33% (-4), Cury 11% (+9), Caiado 5%, Renan 3%, Zema 1% (-2), Samara 1%. 2º turno Lula 46% x Flávio 45%; Lula 45% x Caiado 44%.",https://www.moneytimes.com.br/pesquisa-btg-pactual-nexus-31-de-agosto-gaep/
2026-08-31,Flávio Bolsonaro,Campanha vê Cury como problema de Lula,contexto,"Blog do Esmael: aliados de Flávio avaliam que, se Cury seguir crescendo, 'o primeiro prejudicado será Lula' e apostam em receber o apoio do Avante num eventual 2º turno; sem declaração oficial do PL.",https://www.esmaelmorais.com.br/cury-cresce-problema-lula-flavio-bolsonaro
2026-08-31,Lula,Atacado por Renan Santos na Gazeta do Povo,ataque,"Renan: 'O Lula é amigo do crime organizado, recebeu através do governo dele membros do Comando Vermelho e do PCC'.",https://www.moneytimes.com.br/renan-santos-diz-que-lula-e-amigo-e-flavio-bolsonaro-e-aliado-do-crime-organizado-gaep/
2026-08-31,Lula,TSE inicia julgamento virtual dos registros (31/8 a 2/9),justiça eleitoral,"Relator André Mendonça para Lula/Alckmin, Zema/Girão, Flávio/Gaspar, Samara/Brício e Hertz/Portugal; Estela Aranha para Edmilson/Cleusa. Nenhuma impugnação relatada contra Lula.",https://www.folhavitoria.com.br/eleicoes/tse-comeca-a-julgar-registros-de-lula-flavio-bolsonaro-e-outros-candidatos-a-presidencia/
2026-08-31,Lula,AtlasIntel/Bloomberg: lidera 1º e 2º turnos,pesquisa,"Coleta 25 a 30/8, 5.014 entrevistas. Lula 43,4%, Flávio 33,7%, Cury 7,8%, Renan 7,6%, Caiado 3,3%, Marçal 1,9%, Zema 1,0%, Samara 0,9%, Pimenta 0,1%, Grassi 0,1%. 2º turno: Lula 47,1% x Flávio 42,6%.",https://www.moneytimes.com.br/pesquisa-atlasintel-bloomberg-31-de-agosto-gaep/
2026-08-31,Pablo Marçal,Registro sob impugnação aguarda julgamento de mérito,justiça eleitoral,"Marçal segue inelegível até 2032 (TRE-SP, 5/8, 'campeonato de cortes') e com as restrições de 20/8; prazo legal para julgamento é 14/9 (20 dias antes do 1º turno); PRTB tem Leonardo Avalanche como 'plano B'.",https://www.cartacapital.com.br/politica/marcal-comeca-campanha-presidencial-inelegivel-e-depende-do-tse-para-disputar/
2026-08-31,Renan Santos,"Toffoli suspende propaganda, fundo e debates da chapa",justiça eleitoral,"Decisão monocrática do relator Dias Toffoli (Res. TSE 23.609/2019): chapa informou 16 a 18 perfis de redes (ex.: 'Onça Viral', 'Multiverso Amarelo') só em 19/8, 12 dias após o registro de 7/8. Suspende propaganda eleitoral digital em perfis não declarados, repasses do FEFC e gastos, e participação em debates em rádio, TV e podcasts. Multas de R$ 50 mil por veiculação ou debate. Candidatura segue ativa; atos de rua permitidos. Prazo de 24h para esclarecimentos.",https://www.gazetadopovo.com.br/eleicoes/2026/toffoli-suspende-campanha-renan-santos-presidencia/
2026-08-31,Renan Santos,Toffoli retira de pauta o registro de Renan no plenário virtual,justiça eleitoral,Registro de Renan é retirado do julgamento virtual (31/8 a 2/9) por 'indícios de irregularidades' na complementação dos perfis; TSE fixa prazos para ouvir o Missão antes de levar ao plenário.,https://canalmynews.com.br/eleicoes-2026/toffoli-retira-de-pauta-julgamento-do-registro-de-candidatura-de-renan-santos-no-tse/
2026-08-31,Renan Santos,Coletiva: 'cassação branca' e retaliação pelo Banco Master,declaração,"Renan chama a decisão de 'ilegal' e 'persecutória', diz que organizou quatro atos contra Toffoli pelo caso Master ('estou pagando o preço'), atribui a omissão a erro técnico e anuncia mandado de segurança. Kim Kataguiri fala em 'regimes ditatoriais'; advogado Arthur Rollo diz que sem debates a campanha fica inviável.","https://www.terra.com.br/noticias/brasil/politica/renan-santos-diz-que-decisao-de-toffoli-e-perseguicao-e-cita-envolvimento-de-ministro-com-master,4a223c560dcbab40ba076e52da928332uwsj6wsh.html"
2026-08-31,Renan Santos,Ataca Cury na sabatina da Gazeta do Povo,ataque,"'O cara que está agora em terceiro (...) que parece um filme psicodélico, é o Augusto Cury que falou que vai usar drones para derrotar o feminicídio. É uma coisa muito, muito insana.' Também: 'Lula é amigo do crime organizado' e Flávio apoiou 'Bacelar e TH Jóias, ligados ao Comando Vermelho'.",https://www.moneytimes.com.br/renan-santos-diz-que-lula-e-amigo-e-flavio-bolsonaro-e-aliado-do-crime-organizado-gaep/
2026-08-31,Renan Santos,"Defendido por Flávio, Zema e Caiado",endosso,"Os três adversários de direita criticam publicamente a decisão de Toffoli. Não localizei manifestação de Lula, PT ou Cury.",https://www.jornalopcao.com.br/ultimas-noticias/caiado-zema-e-flavio-bolsonaro-saem-em-defesa-de-renan-santos-apos-suspensao-da-campanha-veja-o-que-disseram-863680/
2026-08-31,Renan Santos,Debate de 14/9: impedido pela decisão de Toffoli,debate,"Convidado pelo consórcio, mas a decisão de 31/8 veda participação em debates em rádio, TV e podcasts (multa de R$ 50 mil por debate) enquanto vigorar.",https://www.gazetadopovo.com.br/eleicoes/2026/toffoli-suspende-campanha-renan-santos-presidencia/
2026-08-31,Romeu Zema,Defende Renan Santos: 'um absurdo',endosso,No X: 'o que o Toffoli acaba de fazer é um absurdo'; volta a citar 'intocáveis' e critica decisões anteriores do STF.,https://www.jornalopcao.com.br/ultimas-noticias/caiado-zema-e-flavio-bolsonaro-saem-em-defesa-de-renan-santos-apos-suspensao-da-campanha-veja-o-que-disseram-863680/
2026-08-31,Romeu Zema,TSE inicia julgamento virtual do registro (31/8 a 2/9),justiça eleitoral,"Registro Zema/Girão na pauta virtual, relator André Mendonça; sem impugnação relatada.",https://www.folhavitoria.com.br/eleicoes/tse-comeca-a-julgar-registros-de-lula-flavio-bolsonaro-e-outros-candidatos-a-presidencia/
2026-08-31,Romeu Zema,Ato na sede da PF em Curitiba,contexto,Manhã na sede da Polícia Federal com apoiadores; tarde com moradores sobre corrupção.,https://www.aonca.com.br/confira-como-foi-a-segunda-feira-31-dos-candidatos-a-presidente/
2026-08-31,Ronaldo Caiado,Defende Renan Santos: medida 'desproporcional',endosso,"No X: 'A medida é desproporcional. As eleições são decididas por votação, com todos'; solidariedade ao adversário.",https://www.jornalopcao.com.br/ultimas-noticias/caiado-zema-e-flavio-bolsonaro-saem-em-defesa-de-renan-santos-apos-suspensao-da-campanha-veja-o-que-disseram-863680/
2026-08-31,Ronaldo Caiado,Registro previsto para julgamento pelo TSE,justiça eleitoral,"Fan F1 (29/8) lista os 13 registros para o plenário virtual de 31/8 a 2/9; a Folha Vitória cita apenas seis chapas na pauta inicial, sem Caiado. Não localizei impugnação contra Caiado/Kassab.",https://fanf1.com.br/2026/08/29/tse-marca-julgamento-dos-registros-de-candidatura-a-presidencia/
2026-08-31,Ronaldo Caiado,"Sabatina na Jovem Pan, Anfavea e SindusCon-SP",entrevista,Em São Paulo discute questões trabalhistas e viabilidade da indústria.,https://www.aonca.com.br/confira-como-foi-a-segunda-feira-31-dos-candidatos-a-presidente/
2026-08-31,Samara Martins,TSE inicia julgamento virtual do registro (31/8 a 2/9),justiça eleitoral,"Registro Samara/Raquel Brício na pauta virtual, relator André Mendonça; sem impugnação relatada.",https://www.folhavitoria.com.br/eleicoes/tse-comeca-a-julgar-registros-de-lula-flavio-bolsonaro-e-outros-candidatos-a-presidencia/
2026-08-31,Wilson Grassi,"Entrevista à Folha: 'Meu Botox, Minha Vida'",proposta,"Defende toxina botulínica gratuita para mulheres de baixa renda, imposto único de 2% sobre transações, fim da CLT, Bolsa Família de R$ 2 mil sem direito a voto para beneficiários e mineração em terras indígenas; 'precisamos matar Getúlio Vargas'.",https://revistaoeste.com/politica/candidato-a-presidencia-wilson-grassi-defende-meu-botox-minha-vida/
2026-08-31,Wilson Grassi,Toffoli suspende a campanha digital,justiça eleitoral,"Mesma decisão que atingiu Renan Santos em 31/8 alcança o candidato do Democrata, por irregularidades na informação à Justiça Eleitoral dos perfis usados pela campanha nas redes.",https://pt.wikipedia.org/wiki/Pesquisas_de_opini%C3%A3o_para_a_elei%C3%A7%C3%A3o_presidencial_no_Brasil_em_2026
2026-08-31,todos,Divulgação das duas primeiras pesquisas pós-onda,pesquisa,"AtlasIntel/Bloomberg com Cury em 7,8% e BTG/Nexus com Cury em 11%, primeiro nome fora da polarização a alcançar dois dígitos. Detalhes em pesquisas-registradas.csv.",
2026-09-01,Augusto Cury,Flávio Bolsonaro minimiza Cury e campanha evita ataque direto,declaração,"No Senado, Flávio não ataca e chama à união contra o governo. Brasil em Folhas: campanha de Flávio monitora Cury, evita ataques 'para não conferir protagonismo', trata como 'maior dos nanicos' e investiga contas artificiais e 'vínculos políticos do Avante para contestar imagem de independência'. Este último ponto é uma tentativa explícita de reclassificação.",https://www.infomoney.com.br/politica/flavio-bolsonaro-minimiza-crescimento-de-augusto-cury-nas-pesquisas/
2026-09-01,Augusto Cury,TikTok recomenda a criadores o tópico Augusto Cury,contexto,Agência Lupa: o TikTok incluiu o crescimento de buscas por Cury entre os 10 principais tópicos de inspiração para criadores entre 31/8 e 1/9; conteúdos com mais de 75 milhões de visualizações até a manhã de 1/9. TSE não se manifesta sobre casos concretos; TikTok não respondeu. Lupa levanta possível violação da isonomia eleitoral.,https://www.agencialupa.org/eleicoes/2026/09/01/tiktok-estimula-criadores-a-produzir-videos-sobre-augusto-cury/
2026-09-01,Augusto Cury,Cury em Cachoeirinha: 'não sou a terceira via',declaração,"'Quero que Flávio Bolsonaro e Lula venham comigo, porque existe uma via só, que é a via da pacificação.' Defende manter investimentos sociais e respeitar o ajuste fiscal; menos carga tributária e juros, indústria nacional, IA. 'Ninguém comprou influenciador. É uma febre.' Lançamento da campanha de Teté (Avante, federal 7070) ao lado dele.",https://www.oreporter.net/cury-surpreende-nas-pesquisas-e-em-cachoeirinha-ao-lado-de-tete-faz-convite-a-lula-e-flavio/
2026-09-01,Augusto Cury,"Inauguração da primeira Casa Cury, em BH",cenário,"Primeiro sinal de estrutura física da campanha (junto com o comitê de Gravataí, 31/8); campanha quer replicar em outros pontos do país. Sem cobertura do evento até o fechamento desta atualização. Nada noticiado sobre economistas, financiadores ou partidos maiores entre 30/8 e 1/9.",https://www.metropoles.com/minas-gerais/apos-surpreender-em-pesquisas-augusto-cury-tem-evento-em-bh-nesta-terca
2026-09-01,Flávio Bolsonaro,Minimiza crescimento de Cury e prega união contra Lula,declaração,"Ao chegar ao Senado, minimiza a alta de Cury (2% para 11% na BTG/Nexus), sem citação direta contra ele: 'Tem que estar todo mundo contra o maior problema que o Brasil tem hoje, que é um governo louco, corrupto, incompetente'. Discurso de união dos adversários de Lula mirando o 2º turno.",https://www.infomoney.com.br/politica/flavio-bolsonaro-minimiza-crescimento-de-augusto-cury-nas-pesquisas/
2026-09-01,Lula,Real Time Big Data: lidera com 38%,pesquisa,"Coleta 27 a 31/8, 2 mil entrevistas. Com Marçal: Lula 38%, Flávio 29%, Cury 10%, Renan 6%, Caiado 4%, Marçal 3%, Zema 2%. Sem Marçal: Flávio 30%, Cury 11%, Renan 7%. 2º turno Lula 44% x Flávio 44%.",https://www.cartacapital.com.br/politica/pesquisa-real-time-big-data-lula-lidera-disputa-pela-presidencia-em-primeiro-turno/
2026-09-01,Lula,Campanhas rivais estudam acionar o TSE contra engajamento de Cury,contexto,Metrópoles: campanhas rivais (não nomeadas) 'estudam acionar o TSE para apurar o engajamento do escritor em seus perfis'. AtlasIntel: Cury cresce mais entre eleitores de Bolsonaro 2022 (10%) que de Lula (4%). Não localizei declaração direta de Lula sobre Cury.,https://www.metropoles.com/brasil/augusto-cury-pesquisas-folego
2026-09-01,Renan Santos,Defesa aposta no plenário do TSE em vez de recorrer,justiça eleitoral,"Reportagem diz que a defesa optou por não recorrer diretamente e aposta na revisão pelo plenário; Toffoli deu 24h para esclarecer datas de criação e uso dos perfis. Contradiz a promessa de mandado de segurança de 31/8; um ministro do TSE teria dito reservadamente que o caso deveria ser AIJE, não registro (DGABC).",https://www.rdliberdade.com.br/renan-santos-aposta-no-plenario-do-tribunal-superio-eleitoral-para-derrubar-restricoes-impostas-por-toffoli/
2026-09-01,Renan Santos,YouTube e Instagram tiram contas de Renan do ar no Brasil,justiça eleitoral,"Cumprimento da decisão do TSE; o TikTok tinha cerca de 1,1 milhão de seguidores antes da retirada (Gazeta do Povo, 1/9/2026).",https://www.gazetadopovo.com.br/eleicoes/2026/youtube-e-instagram-tiram-contas-de-renan-santos-do-ar-no-brasil/
2026-09-01,Renan Santos,Toffoli revoga a suspensão e restabelece a campanha,justiça eleitoral,"Um dia após suspender a propaganda digital, os repasses do FEFC e a ida a debates, Toffoli revoga a decisão: libera propaganda na internet (sites, blogs, redes sociais e aplicativos de mensagens), participação em debates de rádio, TV e podcasts, e os repasses do Fundo Especial de Financiamento de Campanha, além de determinar que as plataformas restabeleçam as contas. Mantém a restrição dos perfis nos sistemas de recomendação. Reverte, em menos de 48 horas, o episódio que o candidato tratou como cassação branca.",https://www.jornalopcao.com.br/ultimas-noticias/toffoli-recua-e-libera-campanha-de-renan-santos-debates-e-recursos-do-fundo-eleitoral-863968/
2026-09-01,todos,Real Time Big Data confirma Cury em dois dígitos,pesquisa,"Cury 10% com Marçal e 11% sem Marçal, rejeição 28% (a menor entre os sete). Cresce entre mulheres (2% para 15%) e 60 anos ou mais (1% para 13%), o que contradiz o 0,3% da AtlasIntel nessa faixa. Detalhes em pesquisas-registradas.csv.",https://www.poder360.com.br/poder-eleicoes-2026/pesquisa-real-time-big-data-confirma-crescimento-de-augusto-cury/
2026-09-14,todos,"Debate do consórcio Momento da Decisão (CNN, SBT, RedeTV!, Metrópoles e outros)",debate,"Agendado, 22h. Esperados Lula, Flávio, Caiado, Zema, Renan e Cury (Terra, 24/8); a suspensão de Renan pelo TSE pode alterar a lista. Debates seguintes: Record em 27/9 e Globo em 1/10.","https://www.terra.com.br/noticias/brasil/quando-sera-o-proximo-debate-presidencial-da-eleicao-2026,de5b65543d422848da96bd4fc39cea37rhpy3z26.html"
2026-09-14,todos,Prazo final para julgamento dos pedidos de registro,calendário,"Jornal Opção (17/8/2026): 'A Justiça Eleitoral terá até 14 de setembro para julgar os registros', 20 dias antes do 1º turno. No mesmo dia o TSE faz a assinatura digital e lacração dos sistemas (calendário TSE).",https://www.jornalopcao.com.br/ultimas-noticias/justica-eleitoral-tem-ate-14-de-setembro-para-julgar-registros-de-candidaturas-entenda-o-processo-858499/
2026-09-19,todos,Início da proibição de prisão de candidatos,calendário,"Calendário TSE: a partir de 19/9 candidatos não podem ser presos, salvo flagrante; eleitores protegidos de 29/9 a 6/10.",https://www.tse.jus.br/comunicacao/noticias/2026/Marco/eleicoes-2026-confira-as-principais-datas-do-calendario-eleitoral
2026-09-27,todos,"Debate da Record (1º turno), agendado",debate,"Domingo, 21h, após o Domingo Espetacular; transmissão em R7 e RecordPlay (InfoMoney, 12/8/2026).",https://www.infomoney.com.br/politica/quando-serao-os-debates-presidenciais-de-2026-veja-o-calendario-completo/
2026-10-01,todos,Fim do horário eleitoral gratuito do 1º turno,calendário,Último dia da propaganda em rádio e TV antes do 1º turno; mesma noite do debate da Globo.,https://www.tse.jus.br/comunicacao/noticias/2026/Marco/eleicoes-2026-confira-as-principais-datas-do-calendario-eleitoral
2026-10-01,todos,"Debate da TV Globo (1º turno), agendado",debate,"Quinta-feira, após o Jornal Nacional e a novela das 21h; g1 e GloboNews; último confronto previsto antes do 1º turno (InfoMoney, 12/8/2026).",https://www.infomoney.com.br/politica/quando-serao-os-debates-presidenciais-de-2026-veja-o-calendario-completo/
2026-10-04,todos,1º turno das eleições,calendário,Votação das 8h às 17h (calendário TSE).,https://www.tse.jus.br/comunicacao/noticias/2026/Marco/eleicoes-2026-confira-as-principais-datas-do-calendario-eleitoral
2026-10-07,todos,"Debates de 2º turno previstos (Band, consórcio, Record)",debate,Congresso em Foco (10/8/2026): Band entre 7 e 18/10 (data a definir); consórcio Momento da Decisão em 12 ou 19/10 às 22h; Record em 18/10 às 21h. A data 7/10 é o início da janela informada pela Band.,https://www.congressoemfoco.com.br/noticia/121129/eleicoes-2026-veja-calendario-de-debates-de-presidente-e-governadores
2026-10-25,todos,2º turno (eventual),calendário,Data do eventual segundo turno para presidente e governadores (calendário TSE).,https://www.tse.jus.br/comunicacao/noticias/2026/Marco/eleicoes-2026-confira-as-principais-datas-do-calendario-eleitoral
2026-12-18,todos,Diplomação dos eleitos,calendário,Calendário TSE: diplomação em 18 de dezembro de 2026 (a notícia do TSE de 14/8 também cita 18/12 como marco final de prazos de dados pessoais).,https://www.tse.jus.br/comunicacao/noticias/2026/Marco/eleicoes-2026-confira-as-principais-datas-do-calendario-eleitoral
2027-01-05,todos,Posse do presidente e do vice,calendário,Calendário TSE: posse em 5 de janeiro de 2027 (governadores em 6/1).,https://www.tse.jus.br/comunicacao/noticias/2026/Marco/eleicoes-2026-confira-as-principais-datas-do-calendario-eleitoral
