candidato,arquivo,arquivo_commons,pagina_commons,autor,licenca,url_licenca,verbete,wikidata,coletado_em
Lula,mural/fotos/lula.jpg,Foto oficial de Luiz Inácio Lula da Silva (estreita).jpg,https://commons.wikimedia.org/wiki/File:Foto_oficial_de_Luiz_In%C3%A1cio_Lula_da_Silva_(estreita).jpg,"Palácio do Planalto from Brasilia, Brasil",CC BY 2.0,https://creativecommons.org/licenses/by/2.0,Luiz Inácio Lula da Silva,Q37181,2026-09-26
Flávio Bolsonaro,mural/fotos/flavio-bolsonaro.jpg,Foto oficial do senador Flávio Bolsonaro (v. AgSen) (3x4).jpg,https://commons.wikimedia.org/wiki/File:Foto_oficial_do_senador_Fl%C3%A1vio_Bolsonaro_(v._AgSen)_(3x4).jpg,Agência Senado,Attribution,,Flávio Bolsonaro,Q10283057,2026-09-26
Augusto Cury,mural/fotos/augusto-cury.jpg,Augustocury flickr.jpg,https://commons.wikimedia.org/wiki/File:Augustocury_flickr.jpg,"Flickr user Mateus Záccaro, remix de Olimor",CC BY-SA 2.0,https://creativecommons.org/licenses/by-sa/2.0,Augusto Cury,Q769236,2026-09-26
Ronaldo Caiado,mural/fotos/ronaldo-caiado.jpg,"Foto oficial do governador de Goiás, Ronaldo Caiado em 2023 (ombros).jpg","https://commons.wikimedia.org/wiki/File:Foto_oficial_do_governador_de_Goi%C3%A1s,_Ronaldo_Caiado_em_2023_(ombros).jpg",Bianca Kida,CC BY 2.0,https://creativecommons.org/licenses/by/2.0,Ronaldo Caiado,Q10364348,2026-09-26
Romeu Zema,mural/fotos/romeu-zema.jpg,"Romeu Zema, December 2024 (cropped).jpg","https://commons.wikimedia.org/wiki/File:Romeu_Zema,_December_2024_(cropped).jpg",Andressa Anholete/Agência Senado,CC BY 2.0,https://creativecommons.org/licenses/by/2.0,Romeu Zema,Q57092113,2026-09-26
Renan Santos,mural/fotos/renan-santos.jpg,Renan Santos.jpg,https://commons.wikimedia.org/wiki/File:Renan_Santos.jpg,Romerito Pontes from São Carlos,CC BY 4.0,https://creativecommons.org/licenses/by/4.0,Renan Santos,Q51882553,2026-09-26
Pablo Marçal,mural/fotos/pablo-marcal.jpg,Pablo Marçal (cropped).png,https://commons.wikimedia.org/wiki/File:Pablo_Mar%C3%A7al_(cropped).png,TV Brasil Central,CC BY 3.0,https://creativecommons.org/licenses/by/3.0,Pablo Marçal,Q119851862,2026-09-26
Clariana Barão,mural/fotos/clariana-barao.jpg,Clariana Zacarkim Barão.jpg,https://commons.wikimedia.org/wiki/File:Clariana_Zacarkim_Bar%C3%A3o.jpg,LFLN,CC BY-SA 4.0,https://creativecommons.org/licenses/by-sa/4.0,Clariana Barão,Q141068368,2026-09-26
Edmilson Costa,mural/fotos/edmilson-costa.jpg,Edmilson Costa - PCB.jpg,https://commons.wikimedia.org/wiki/File:Edmilson_Costa_-_PCB.jpg,Diário Liberdade,CC BY 3.0,https://creativecommons.org/licenses/by/3.0,Edmilson Costa,Q10270447,2026-09-26
Hertz Dias,mural/fotos/hertz-dias.jpg,Hertz Dias PSTU.jpg,https://commons.wikimedia.org/wiki/File:Hertz_Dias_PSTU.jpg,Romerito Pontes,CC BY 2.0,https://creativecommons.org/licenses/by/2.0,Hertz Dias,Q56209419,2026-09-26
Rui Costa Pimenta,mural/fotos/rui-costa-pimenta.jpg,Rui Costa Pimenta PCO ABr (cropped).jpg,https://commons.wikimedia.org/wiki/File:Rui_Costa_Pimenta_PCO_ABr_(cropped).jpg,Valter Campanato/Agência Brasil,CC BY 3.0 br,https://creativecommons.org/licenses/by/3.0/br/deed.en,Rui Costa Pimenta,Q7378703,2026-09-26
