instituto,data_campo_inicio,data_campo_fim,data_divulgacao,metodologia,cenario,candidato,percentual,rejeicao,margem_erro,registro_tse,url,observacao
Datafolha,2026-09-28,2026-10-01,2026-10-01,"presencial, n=2506",1º turno,Augusto Cury,4,,2.0,BR-08039/2026,https://www.gazetadopovo.com.br/eleicoes/2026/pesquisa-eleitoral-2026/datafolha-presidente-outubro-2026-2/,"refeita à mão em 1/10/2026 no lugar da linha deslocada da Wikipédia (revisão 73101609, em dados/rodadas-excluidas.csv); números conferidos em Gazeta do Povo, Estadão, CartaCapital e Seu Dinheiro"
Datafolha,2026-09-28,2026-10-01,2026-10-01,"presencial, n=2506",1º turno,Clariana Barão,0,,2.0,BR-08039/2026,https://www.gazetadopovo.com.br/eleicoes/2026/pesquisa-eleitoral-2026/datafolha-presidente-outubro-2026-2/,"refeita à mão em 1/10/2026 no lugar da linha deslocada da Wikipédia (revisão 73101609, em dados/rodadas-excluidas.csv); números conferidos em Gazeta do Povo, Estadão, CartaCapital e Seu Dinheiro"
Datafolha,2026-09-28,2026-10-01,2026-10-01,"presencial, n=2506",1º turno,Edmilson Costa,0,,2.0,BR-08039/2026,https://www.gazetadopovo.com.br/eleicoes/2026/pesquisa-eleitoral-2026/datafolha-presidente-outubro-2026-2/,"refeita à mão em 1/10/2026 no lugar da linha deslocada da Wikipédia (revisão 73101609, em dados/rodadas-excluidas.csv); números conferidos em Gazeta do Povo, Estadão, CartaCapital e Seu Dinheiro"
Datafolha,2026-09-28,2026-10-01,2026-10-01,"presencial, n=2506",1º turno,Flávio Bolsonaro,38,,2.0,BR-08039/2026,https://www.gazetadopovo.com.br/eleicoes/2026/pesquisa-eleitoral-2026/datafolha-presidente-outubro-2026-2/,"refeita à mão em 1/10/2026 no lugar da linha deslocada da Wikipédia (revisão 73101609, em dados/rodadas-excluidas.csv); números conferidos em Gazeta do Povo, Estadão, CartaCapital e Seu Dinheiro"
Datafolha,2026-09-28,2026-10-01,2026-10-01,"presencial, n=2506",1º turno,Hertz Dias,0,,2.0,BR-08039/2026,https://www.gazetadopovo.com.br/eleicoes/2026/pesquisa-eleitoral-2026/datafolha-presidente-outubro-2026-2/,"refeita à mão em 1/10/2026 no lugar da linha deslocada da Wikipédia (revisão 73101609, em dados/rodadas-excluidas.csv); números conferidos em Gazeta do Povo, Estadão, CartaCapital e Seu Dinheiro"
Datafolha,2026-09-28,2026-10-01,2026-10-01,"presencial, n=2506",1º turno,Leonardo Avalanche,0,,2.0,BR-08039/2026,https://www.gazetadopovo.com.br/eleicoes/2026/pesquisa-eleitoral-2026/datafolha-presidente-outubro-2026-2/,"refeita à mão em 1/10/2026 no lugar da linha deslocada da Wikipédia (revisão 73101609, em dados/rodadas-excluidas.csv); números conferidos em Gazeta do Povo, Estadão, CartaCapital e Seu Dinheiro"
Datafolha,2026-09-28,2026-10-01,2026-10-01,"presencial, n=2506",1º turno,Lula,42,,2.0,BR-08039/2026,https://www.gazetadopovo.com.br/eleicoes/2026/pesquisa-eleitoral-2026/datafolha-presidente-outubro-2026-2/,"refeita à mão em 1/10/2026 no lugar da linha deslocada da Wikipédia (revisão 73101609, em dados/rodadas-excluidas.csv); números conferidos em Gazeta do Povo, Estadão, CartaCapital e Seu Dinheiro"
Datafolha,2026-09-28,2026-10-01,2026-10-01,"presencial, n=2506",1º turno,Renan Santos,3,,2.0,BR-08039/2026,https://www.gazetadopovo.com.br/eleicoes/2026/pesquisa-eleitoral-2026/datafolha-presidente-outubro-2026-2/,"refeita à mão em 1/10/2026 no lugar da linha deslocada da Wikipédia (revisão 73101609, em dados/rodadas-excluidas.csv); números conferidos em Gazeta do Povo, Estadão, CartaCapital e Seu Dinheiro"
Datafolha,2026-09-28,2026-10-01,2026-10-01,"presencial, n=2506",1º turno,Romeu Zema,1,,2.0,BR-08039/2026,https://www.gazetadopovo.com.br/eleicoes/2026/pesquisa-eleitoral-2026/datafolha-presidente-outubro-2026-2/,"refeita à mão em 1/10/2026 no lugar da linha deslocada da Wikipédia (revisão 73101609, em dados/rodadas-excluidas.csv); números conferidos em Gazeta do Povo, Estadão, CartaCapital e Seu Dinheiro"
Datafolha,2026-09-28,2026-10-01,2026-10-01,"presencial, n=2506",1º turno,Ronaldo Caiado,3,,2.0,BR-08039/2026,https://www.gazetadopovo.com.br/eleicoes/2026/pesquisa-eleitoral-2026/datafolha-presidente-outubro-2026-2/,"refeita à mão em 1/10/2026 no lugar da linha deslocada da Wikipédia (revisão 73101609, em dados/rodadas-excluidas.csv); números conferidos em Gazeta do Povo, Estadão, CartaCapital e Seu Dinheiro"
Datafolha,2026-09-28,2026-10-01,2026-10-01,"presencial, n=2506",1º turno,Rui Costa Pimenta,0,,2.0,BR-08039/2026,https://www.gazetadopovo.com.br/eleicoes/2026/pesquisa-eleitoral-2026/datafolha-presidente-outubro-2026-2/,"refeita à mão em 1/10/2026 no lugar da linha deslocada da Wikipédia (revisão 73101609, em dados/rodadas-excluidas.csv); números conferidos em Gazeta do Povo, Estadão, CartaCapital e Seu Dinheiro"
Datafolha,2026-09-28,2026-10-01,2026-10-01,"presencial, n=2506",1º turno,Samara Martins,1,,2.0,BR-08039/2026,https://www.gazetadopovo.com.br/eleicoes/2026/pesquisa-eleitoral-2026/datafolha-presidente-outubro-2026-2/,"refeita à mão em 1/10/2026 no lugar da linha deslocada da Wikipédia (revisão 73101609, em dados/rodadas-excluidas.csv); números conferidos em Gazeta do Povo, Estadão, CartaCapital e Seu Dinheiro"
Datafolha,2026-09-28,2026-10-01,2026-10-01,"presencial, n=2506",1º turno,Wilson Grassi,1,,2.0,BR-08039/2026,https://www.gazetadopovo.com.br/eleicoes/2026/pesquisa-eleitoral-2026/datafolha-presidente-outubro-2026-2/,"refeita à mão em 1/10/2026 no lugar da linha deslocada da Wikipédia (revisão 73101609, em dados/rodadas-excluidas.csv); números conferidos em Gazeta do Povo, Estadão, CartaCapital e Seu Dinheiro"
Datafolha,2026-09-28,2026-10-01,2026-10-01,"presencial, n=2506",1º turno,não sabe,7,,2.0,BR-08039/2026,https://www.gazetadopovo.com.br/eleicoes/2026/pesquisa-eleitoral-2026/datafolha-presidente-outubro-2026-2/,"refeita à mão em 1/10/2026 no lugar da linha deslocada da Wikipédia (revisão 73101609, em dados/rodadas-excluidas.csv); números conferidos em Gazeta do Povo, Estadão, CartaCapital e Seu Dinheiro; não sabe = branco, nulo ou nenhum (5) e indecisos (2), somados como na rodada de 24/9"
Datafolha,2026-09-28,2026-10-01,2026-10-01,"presencial, n=2506",2º turno Lula x Flávio Bolsonaro,Flávio Bolsonaro,45,,2.0,BR-08039/2026,https://www.gazetadopovo.com.br/eleicoes/2026/pesquisa-eleitoral-2026/datafolha-presidente-outubro-2026-2/,"refeita à mão em 1/10/2026 no lugar da linha deslocada da Wikipédia (revisão 73101609, em dados/rodadas-excluidas.csv); números conferidos em Gazeta do Povo, Estadão, CartaCapital e Seu Dinheiro"
Datafolha,2026-09-28,2026-10-01,2026-10-01,"presencial, n=2506",2º turno Lula x Flávio Bolsonaro,Lula,48,,2.0,BR-08039/2026,https://www.gazetadopovo.com.br/eleicoes/2026/pesquisa-eleitoral-2026/datafolha-presidente-outubro-2026-2/,"refeita à mão em 1/10/2026 no lugar da linha deslocada da Wikipédia (revisão 73101609, em dados/rodadas-excluidas.csv); números conferidos em Gazeta do Povo, Estadão, CartaCapital e Seu Dinheiro"
Datafolha,2026-09-28,2026-10-01,2026-10-01,"presencial, n=2506",rejeição,Flávio Bolsonaro,,45,2.0,BR-08039/2026,https://www.estadao.com.br/politica/eleicoes/pesquisa-datafolha-1-outubro-lula-flavio-bolsonaro/,"refeita à mão em 1/10/2026 no lugar da linha deslocada da Wikipédia (revisão 73101609, em dados/rodadas-excluidas.csv); números conferidos em Gazeta do Povo, Estadão, CartaCapital e Seu Dinheiro; rejeição = 'não votaria de jeito nenhum' no 1º turno, lida no Estadão"
Datafolha,2026-09-28,2026-10-01,2026-10-01,"presencial, n=2506",rejeição,Lula,,45,2.0,BR-08039/2026,https://www.estadao.com.br/politica/eleicoes/pesquisa-datafolha-1-outubro-lula-flavio-bolsonaro/,"refeita à mão em 1/10/2026 no lugar da linha deslocada da Wikipédia (revisão 73101609, em dados/rodadas-excluidas.csv); números conferidos em Gazeta do Povo, Estadão, CartaCapital e Seu Dinheiro; rejeição = 'não votaria de jeito nenhum' no 1º turno, lida no Estadão"
Datafolha,2026-09-28,2026-10-01,2026-10-01,"presencial, n=2506",rejeição,Renan Santos,,16,2.0,BR-08039/2026,https://www.estadao.com.br/politica/eleicoes/pesquisa-datafolha-1-outubro-lula-flavio-bolsonaro/,"refeita à mão em 1/10/2026 no lugar da linha deslocada da Wikipédia (revisão 73101609, em dados/rodadas-excluidas.csv); números conferidos em Gazeta do Povo, Estadão, CartaCapital e Seu Dinheiro; rejeição = 'não votaria de jeito nenhum' no 1º turno, lida no Estadão"
Datafolha,2026-09-28,2026-10-01,2026-10-01,"presencial, n=2506",rejeição,Romeu Zema,,15,2.0,BR-08039/2026,https://www.estadao.com.br/politica/eleicoes/pesquisa-datafolha-1-outubro-lula-flavio-bolsonaro/,"refeita à mão em 1/10/2026 no lugar da linha deslocada da Wikipédia (revisão 73101609, em dados/rodadas-excluidas.csv); números conferidos em Gazeta do Povo, Estadão, CartaCapital e Seu Dinheiro; rejeição = 'não votaria de jeito nenhum' no 1º turno, lida no Estadão"
Datafolha,2026-09-28,2026-10-01,2026-10-01,"presencial, n=2506",rejeição,Ronaldo Caiado,,14,2.0,BR-08039/2026,https://www.estadao.com.br/politica/eleicoes/pesquisa-datafolha-1-outubro-lula-flavio-bolsonaro/,"refeita à mão em 1/10/2026 no lugar da linha deslocada da Wikipédia (revisão 73101609, em dados/rodadas-excluidas.csv); números conferidos em Gazeta do Povo, Estadão, CartaCapital e Seu Dinheiro; rejeição = 'não votaria de jeito nenhum' no 1º turno, lida no Estadão"
Datafolha,2026-09-28,2026-10-01,2026-10-01,"presencial, n=2506",rejeição,Augusto Cury,,11,2.0,BR-08039/2026,https://www.estadao.com.br/politica/eleicoes/pesquisa-datafolha-1-outubro-lula-flavio-bolsonaro/,"refeita à mão em 1/10/2026 no lugar da linha deslocada da Wikipédia (revisão 73101609, em dados/rodadas-excluidas.csv); números conferidos em Gazeta do Povo, Estadão, CartaCapital e Seu Dinheiro; rejeição = 'não votaria de jeito nenhum' no 1º turno, lida no Estadão"
