instituto,data_campo_fim,data_divulgacao,motivo
Instituto Simplex,2026-01-04,2026-01-04,"rodada de 2025 (fim de campo 2025-01-04) que entrou datada como 2026-01-04: o coletor lia o ano pelo título da seção da Wikipédia e a tabela 'Janeiro e Fevereiro' herdava 2026; conferida pelos números em 27/9/2026 (coleta/_rodadas_datadas_errado.py, revisão 73055952)"
Paraná Pesquisas,2026-01-10,2026-01-10,"rodada de 2025 (fim de campo 2025-01-10) que entrou datada como 2026-01-10: o coletor lia o ano pelo título da seção da Wikipédia e a tabela 'Janeiro e Fevereiro' herdava 2026; conferida pelos números em 27/9/2026 (coleta/_rodadas_datadas_errado.py, revisão 73055952)"
Gerp,2026-01-15,2026-01-15,"rodada de 2025 (fim de campo 2025-01-15) que entrou datada como 2026-01-15: o coletor lia o ano pelo título da seção da Wikipédia e a tabela 'Janeiro e Fevereiro' herdava 2026; conferida pelos números em 27/9/2026 (coleta/_rodadas_datadas_errado.py, revisão 73055952)"
Quaest,2026-01-26,2026-01-26,"rodada de 2025 (fim de campo 2025-01-26) que entrou datada como 2026-01-26: o coletor lia o ano pelo título da seção da Wikipédia e a tabela 'Janeiro e Fevereiro' herdava 2026; conferida pelos números em 27/9/2026 (coleta/_rodadas_datadas_errado.py, revisão 73055952)"
AtlasIntel/Bloomberg,2026-01-31,2026-01-31,"rodada de 2025 (fim de campo 2025-01-31) que entrou datada como 2026-01-31: o coletor lia o ano pelo título da seção da Wikipédia e a tabela 'Janeiro e Fevereiro' herdava 2026; conferida pelos números em 27/9/2026 (coleta/_rodadas_datadas_errado.py, revisão 73055952)"
Paraná Pesquisas,2026-02-16,2026-02-16,"rodada de 2025 (fim de campo 2025-02-16) que entrou datada como 2026-02-16: o coletor lia o ano pelo título da seção da Wikipédia e a tabela 'Janeiro e Fevereiro' herdava 2026; conferida pelos números em 27/9/2026 (coleta/_rodadas_datadas_errado.py, revisão 73055952)"
CNT/MDA,2026-02-23,2026-02-23,"rodada de 2025 (fim de campo 2025-02-23) que entrou datada como 2026-02-23: o coletor lia o ano pelo título da seção da Wikipédia e a tabela 'Janeiro e Fevereiro' herdava 2026; conferida pelos números em 27/9/2026 (coleta/_rodadas_datadas_errado.py, revisão 73055952)"
AtlasIntel/Bloomberg,2026-02-27,2026-02-27,"rodada de 2025 (fim de campo 2025-02-27) que entrou datada como 2026-02-27: o coletor lia o ano pelo título da seção da Wikipédia e a tabela 'Janeiro e Fevereiro' herdava 2026; conferida pelos números em 27/9/2026 (coleta/_rodadas_datadas_errado.py, revisão 73055952)"
Gerp,2026-02-27,2026-02-27,"rodada de 2025 (fim de campo 2025-02-27) que entrou datada como 2026-02-27: o coletor lia o ano pelo título da seção da Wikipédia e a tabela 'Janeiro e Fevereiro' herdava 2026; conferida pelos números em 27/9/2026 (coleta/_rodadas_datadas_errado.py, revisão 73055952)"
Futura Inteligência (100% Cidades),2026-03-22,2026-03-22,"rodada de 2025 (fim de campo 2025-03-22) que entrou datada como 2026-03-22: o coletor lia o ano pelo título da seção da Wikipédia e a tabela 'Março - Abril' herdava 2026; conferida pelos números em 27/9/2026 (coleta/_rodadas_datadas_errado.py, revisão 73055952)"
Paraná Pesquisas,2026-03-22,2026-03-22,"rodada de 2024 (fim de campo 2024-03-22) que entrou datada como 2026-03-22: o coletor lia o ano pelo título da seção da Wikipédia e a tabela 'De janeiro a agosto' herdava 2026; conferida pelos números em 27/9/2026 (coleta/_rodadas_datadas_errado.py, revisão 73055952)"
Datafolha,2026-04-03,2026-04-03,"rodada de 2025 (fim de campo 2025-04-03) que entrou datada como 2026-04-03: o coletor lia o ano pelo título da seção da Wikipédia e a tabela 'Março - Abril' herdava 2026; conferida pelos números em 27/9/2026 (coleta/_rodadas_datadas_errado.py, revisão 73055952)"
Paraná Pesquisas,2026-04-19,2026-04-19,"rodada de 2025 (fim de campo 2025-04-19) que entrou datada como 2026-04-19: o coletor lia o ano pelo título da seção da Wikipédia e a tabela 'Março - Abril' herdava 2026; conferida pelos números em 27/9/2026 (coleta/_rodadas_datadas_errado.py, revisão 73055952)"
AtlasIntel/Bloomberg,2026-04-24,2026-04-24,"rodada de 2025 (fim de campo 2025-04-24) que entrou datada como 2026-04-24: o coletor lia o ano pelo título da seção da Wikipédia e a tabela 'Março - Abril' herdava 2026; conferida pelos números em 27/9/2026 (coleta/_rodadas_datadas_errado.py, revisão 73055952)"
Gerp,2026-04-25,2026-04-25,"rodada de 2025 (fim de campo 2025-04-25) que entrou datada como 2026-04-25: o coletor lia o ano pelo título da seção da Wikipédia e a tabela 'Março - Abril' herdava 2026; conferida pelos números em 27/9/2026 (coleta/_rodadas_datadas_errado.py, revisão 73055952)"
Paraná Pesquisas,2026-05-01,2026-05-01,"rodada de 2024 (fim de campo 2024-05-01) que entrou datada como 2026-05-01: o coletor lia o ano pelo título da seção da Wikipédia e a tabela 'De janeiro a agosto' herdava 2026; conferida pelos números em 27/9/2026 (coleta/_rodadas_datadas_errado.py, revisão 73055952)"
Quantivus,2026-05-16,2026-05-16,"rodada de 2025 (fim de campo 2025-05-16) que entrou datada como 2026-05-16: o coletor lia o ano pelo título da seção da Wikipédia e a tabela 'Maio - Junho' herdava 2026; conferida pelos números em 27/9/2026 (coleta/_rodadas_datadas_errado.py, revisão 73055952)"
AtlasIntel/Bloomberg,2026-05-23,2026-05-23,"rodada de 2025 (fim de campo 2025-05-23) que entrou datada como 2026-05-23: o coletor lia o ano pelo título da seção da Wikipédia e a tabela 'Maio - Junho' herdava 2026; conferida pelos números em 27/9/2026 (coleta/_rodadas_datadas_errado.py, revisão 73055952)"
Gerp,2026-05-31,2026-05-31,"rodada de 2025 (fim de campo 2025-05-31) que entrou datada como 2026-05-31: o coletor lia o ano pelo título da seção da Wikipédia e a tabela 'Maio - Junho' herdava 2026; conferida pelos números em 27/9/2026 (coleta/_rodadas_datadas_errado.py, revisão 73055952)"
Futura Inteligência (100% Cidades),2026-06-04,2026-06-04,"rodada de 2025 (fim de campo 2025-06-04) que entrou datada como 2026-06-04: o coletor lia o ano pelo título da seção da Wikipédia e a tabela 'Maio - Junho' herdava 2026; conferida pelos números em 27/9/2026 (coleta/_rodadas_datadas_errado.py, revisão 73055952)"
Datafolha,2026-06-11,2026-06-11,"rodada de 2025 (fim de campo 2025-06-11) que entrou datada como 2026-06-11: o coletor lia o ano pelo título da seção da Wikipédia e a tabela 'Maio - Junho' herdava 2026; conferida pelos números em 27/9/2026 (coleta/_rodadas_datadas_errado.py, revisão 73055952)"
Paraná Pesquisas,2026-06-22,2026-06-22,"rodada de 2025 (fim de campo 2025-06-22) que entrou datada como 2026-06-22: o coletor lia o ano pelo título da seção da Wikipédia e a tabela 'Maio - Junho' herdava 2026; conferida pelos números em 27/9/2026 (coleta/_rodadas_datadas_errado.py, revisão 73055952)"
Futura Inteligência (100% Cidades),2026-06-23,2026-06-23,"rodada de 2025 (fim de campo 2025-06-23) que entrou datada como 2026-06-23: o coletor lia o ano pelo título da seção da Wikipédia e a tabela 'Maio - Junho' herdava 2026; conferida pelos números em 27/9/2026 (coleta/_rodadas_datadas_errado.py, revisão 73055952)"
Neokemp,2026-06-27,2026-06-27,"rodada de 2025 (fim de campo 2025-06-27) que entrou datada como 2026-06-27: o coletor lia o ano pelo título da seção da Wikipédia e a tabela 'Maio - Junho' herdava 2026; conferida pelos números em 27/9/2026 (coleta/_rodadas_datadas_errado.py, revisão 73055952)"
Gerp,2026-06-30,2026-06-30,"rodada de 2025 (fim de campo 2025-06-30) que entrou datada como 2026-06-30: o coletor lia o ano pelo título da seção da Wikipédia e a tabela 'Maio - Junho' herdava 2026; conferida pelos números em 27/9/2026 (coleta/_rodadas_datadas_errado.py, revisão 73055952)"
Paraná Pesquisas,2026-07-22,2026-07-22,"rodada de 2024 (fim de campo 2024-07-22) que entrou datada como 2026-07-22: o coletor lia o ano pelo título da seção da Wikipédia e a tabela 'De janeiro a agosto' herdava 2026; conferida pelos números em 27/9/2026 (coleta/_rodadas_datadas_errado.py, revisão 73055952)"
Datafolha,2026-07-30,2026-07-30,"rodada de 2025 (fim de campo 2025-07-30) que entrou datada como 2026-07-30: o coletor lia o ano pelo título da seção da Wikipédia e a tabela 'Julho - Agosto' herdava 2026; conferida pelos números em 27/9/2026 (coleta/_rodadas_datadas_errado.py, revisão 73055952)"
Quaest,2026-08-17,2026-08-17,"rodada de 2025 (fim de campo 2025-08-17) que entrou datada como 2026-08-17: o coletor lia o ano pelo título da seção da Wikipédia e a tabela 'Julho - Agosto' herdava 2026; conferida pelos números em 27/9/2026 (coleta/_rodadas_datadas_errado.py, revisão 73055952)"
Paraná Pesquisas,2026-08-18,2026-08-18,"rodada de 2024 (fim de campo 2024-08-18) que entrou datada como 2026-08-18: o coletor lia o ano pelo título da seção da Wikipédia e a tabela 'De janeiro a agosto' herdava 2026; conferida pelos números em 27/9/2026 (coleta/_rodadas_datadas_errado.py, revisão 73055952)"
Paraná Pesquisas,2026-08-21,2026-08-21,"rodada de 2025 (fim de campo 2025-08-21) que entrou datada como 2026-08-21: o coletor lia o ano pelo título da seção da Wikipédia e a tabela 'Julho - Agosto' herdava 2026; conferida pelos números em 27/9/2026 (coleta/_rodadas_datadas_errado.py, revisão 73055952)"
AtlasIntel/Bloomberg,2026-08-25,2026-08-25,"rodada de 2025 (fim de campo 2025-08-25) que entrou datada como 2026-08-25: o coletor lia o ano pelo título da seção da Wikipédia e a tabela 'Julho - Agosto' herdava 2026; conferida pelos números em 27/9/2026 (coleta/_rodadas_datadas_errado.py, revisão 73055952)"
Gerp,2026-08-27,2026-08-27,"rodada de 2025 (fim de campo 2025-08-27) que entrou datada como 2026-08-27: o coletor lia o ano pelo título da seção da Wikipédia e a tabela 'Julho - Agosto' herdava 2026; conferida pelos números em 27/9/2026 (coleta/_rodadas_datadas_errado.py, revisão 73055952)"
Ibespe,2026-09-04,2026-09-04,"rodada de 2025 (fim de campo 2025-09-04) que entrou datada como 2026-09-04: o coletor lia o ano pelo título da seção da Wikipédia e a tabela 'Setembro - Outubro' herdava 2026; conferida pelos números em 27/9/2026 (coleta/_rodadas_datadas_errado.py, revisão 73055952)"
CNT/MDA,2026-09-06,2026-09-06,"rodada de 2025 (fim de campo 2025-09-06) que entrou datada como 2026-09-06: o coletor lia o ano pelo título da seção da Wikipédia e a tabela 'Setembro - Outubro' herdava 2026; conferida pelos números em 27/9/2026 (coleta/_rodadas_datadas_errado.py, revisão 73055952)"
AtlasIntel/Bloomberg,2026-09-14,2026-09-14,"rodada de 2025 (fim de campo 2025-09-14) que entrou datada como 2026-09-14: o coletor lia o ano pelo título da seção da Wikipédia e a tabela 'Setembro - Outubro' herdava 2026; conferida pelos números em 27/9/2026 (coleta/_rodadas_datadas_errado.py, revisão 73055952)"
Datafolha,2026-10-01,2026-10-01,"linha deslocada na compilação da Wikipédia (revisão 73101609): a amostra entrou como n=42 e a margem como 38, que são os 42% de Lula e os 38% de Flávio, e o 1º turno somava 21%; sem 2º turno. Retirada em 1/10/2026 conferindo com Estadão e Brasil 247 (Lula 42, Flávio 38; 2º turno 48 a 45)"
