"data","candidato","plataforma","seguidores","fonte","url_fonte","observacao"
"2025-12-31","Flávio Bolsonaro","datrix_idp","36,09","Datrix via Gazeta do Povo (9/2/2026)","https://www.gazetadopovo.com.br/eleicoes/2026/flavio-assume-heranca-bolsonaro-redes-sociais-lideranca-indice-presidenciaveis/","Dezembro/2025 (contexto, fora da janela); 1º lugar. Caiado 32,99; Lula 27,29"
"2026-01-01","Renan Santos","total_5_redes","537 mil","Bites via O Hoje (4/7/2026)","https://ohoje.com/2026/07/04/lula-lidera-em-numero-de-seguidores-e-flavio-tem-maior-engajamento-nas-redes-aponta-levantamento/","Valor de início do semestre inferido da frase 'passou de 537 mil para 2,8 milhões'; data 1/1 é o início do período de referência da Bites (1/1 a 28-30/6)"
"2026-01-27","Lula","total_ig_tt_yt_x","37,2 milhões","Bites via O Tempo (27/1/2026)","https://www.otempo.com.br/politica/governo/2026/1/27/de-olho-no-planalto-zema-cresce-30-9-nas-redes-sociais-em-um-ano","Soma de Instagram, TikTok, YouTube e X; +3.283.528 (+9,7%) em 12 meses (jan/2025 a jan/2026). Data de referência = data da matéria (inferência)"
"2026-01-27","Flávio Bolsonaro","total_ig_tt_yt_x","17,4 milhões","Bites via O Tempo (27/1/2026)","https://www.otempo.com.br/politica/governo/2026/1/27/de-olho-no-planalto-zema-cresce-30-9-nas-redes-sociais-em-um-ano","+4.988.867 (+40,0%) em 12 meses. Tarcísio 10,9 milhões (+19,1%)"
"2026-01-27","Ronaldo Caiado","total_ig_tt_yt_x","4,5 milhões","Bites via O Tempo (27/1/2026)","https://www.otempo.com.br/politica/governo/2026/1/27/de-olho-no-planalto-zema-cresce-30-9-nas-redes-sociais-em-um-ano","+1.696.143 (+60,4%) em 12 meses"
"2026-01-27","Romeu Zema","total_ig_tt_yt_x","3,8 milhões","Bites via O Tempo (27/1/2026)","https://www.otempo.com.br/politica/governo/2026/1/27/de-olho-no-planalto-zema-cresce-30-9-nas-redes-sociais-em-um-ano","+905.915 (+30,9%) em 12 meses. Eduardo Leite 2,6 milhões; Ratinho Jr. 2,5 milhões"
"2026-01-31","Lula","datrix_idp","16,58","Datrix via Gazeta do Povo (9/2/2026)","https://www.gazetadopovo.com.br/eleicoes/2026/flavio-assume-heranca-bolsonaro-redes-sociais-lideranca-indice-presidenciaveis/","Janeiro/2026; 3º lugar (caiu de 27,29 em dezembro)"
"2026-01-31","Flávio Bolsonaro","datrix_idp","37,18","Datrix via Gazeta do Povo (9/2/2026)","https://www.gazetadopovo.com.br/eleicoes/2026/flavio-assume-heranca-bolsonaro-redes-sociais-lideranca-indice-presidenciaveis/","Janeiro/2026; 1º lugar; escala -100 a 100"
"2026-01-31","Ronaldo Caiado","datrix_idp","30,77","Datrix via Gazeta do Povo (9/2/2026)","https://www.gazetadopovo.com.br/eleicoes/2026/flavio-assume-heranca-bolsonaro-redes-sociais-lideranca-indice-presidenciaveis/","Janeiro/2026; 2º lugar"
"2026-02-09","Lula","Instagram","14,4 milhões","Gazeta do Povo (9/2/2026), citando relatório Datrix","https://www.gazetadopovo.com.br/eleicoes/2026/flavio-assume-heranca-bolsonaro-redes-sociais-lideranca-indice-presidenciaveis/","'14,4 milhões no Instagram'; data de referência = data da matéria (inferência)"
"2026-02-09","Flávio Bolsonaro","Instagram","8,5 milhões","Gazeta do Povo (9/2/2026), citando relatório Datrix","https://www.gazetadopovo.com.br/eleicoes/2026/flavio-assume-heranca-bolsonaro-redes-sociais-lideranca-indice-presidenciaveis/","'8,5 milhões de seguidores no Instagram'; data de referência = data da matéria (inferência). Jair Bolsonaro: 27 milhões"
"2026-02-28","Lula","datrix_idp","25,66","Datrix via CNN Brasil (6/3/2026)","https://www.cnnbrasil.com.br/blogs/iuri-pitta/eleicoes/flavio-lidera-ranking-digital-em-2026-e-lula-deixa-top-3-aponta-datrix/","Fevereiro/2026; 4º lugar (Ratinho Jr. 29,90 em 3º; Eduardo Leite 24,14 em 5º)"
"2026-02-28","Flávio Bolsonaro","datrix_idp","37,14","Datrix (Índice Datrix de Presidenciáveis) via CNN Brasil (6/3/2026)","https://www.cnnbrasil.com.br/blogs/iuri-pitta/eleicoes/flavio-lidera-ranking-digital-em-2026-e-lula-deixa-top-3-aponta-datrix/","Referência fevereiro/2026; escala -100 a 100; 1º lugar"
"2026-02-28","Ronaldo Caiado","datrix_idp","33,68","Datrix via CNN Brasil (6/3/2026)","https://www.cnnbrasil.com.br/blogs/iuri-pitta/eleicoes/flavio-lidera-ranking-digital-em-2026-e-lula-deixa-top-3-aponta-datrix/","Fevereiro/2026; 2º lugar"
"2026-02-28","Romeu Zema","datrix_idp","22,56","Datrix via CNN Brasil (6/3/2026)","https://www.cnnbrasil.com.br/blogs/iuri-pitta/eleicoes/flavio-lidera-ranking-digital-em-2026-e-lula-deixa-top-3-aponta-datrix/","Fevereiro/2026; 6º lugar"
"2026-03-31","Lula","datrix_idp","23,56","Datrix via CNN Brasil (2/4/2026)","https://www.cnnbrasil.com.br/blogs/iuri-pitta/eleicoes/datrix-flavio-lidera-ranking-digital-em-marco-lula-ve-renan-se-aproximar/","Março/2026; 2º lugar"
"2026-03-31","Flávio Bolsonaro","datrix_idp","32,56","Datrix via CNN Brasil (2/4/2026)","https://www.cnnbrasil.com.br/blogs/iuri-pitta/eleicoes/datrix-flavio-lidera-ranking-digital-em-marco-lula-ve-renan-se-aproximar/","Março/2026; 1º lugar"
"2026-03-31","Ronaldo Caiado","datrix_idp","13,94","Datrix via CNN Brasil (2/4/2026)","https://www.cnnbrasil.com.br/blogs/iuri-pitta/eleicoes/datrix-flavio-lidera-ranking-digital-em-marco-lula-ve-renan-se-aproximar/","Março/2026; 4º lugar"
"2026-03-31","Romeu Zema","datrix_idp","13,49","Datrix via CNN Brasil (2/4/2026)","https://www.cnnbrasil.com.br/blogs/iuri-pitta/eleicoes/datrix-flavio-lidera-ranking-digital-em-marco-lula-ve-renan-se-aproximar/","Março/2026; 5º lugar (Aldo Rebelo 11,22 em 6º)"
"2026-03-31","Renan Santos","datrix_idp","21,64","Datrix via CNN Brasil (2/4/2026)","https://www.cnnbrasil.com.br/blogs/iuri-pitta/eleicoes/datrix-flavio-lidera-ranking-digital-em-marco-lula-ve-renan-se-aproximar/","Março/2026; 3º lugar"
"2026-04-01","Romeu Zema","Instagram","2,6 milhões","Bites via Poder360 (9/5/2026)","https://www.poder360.com.br/poder-eleicoes/apos-atrito-com-gilmar-zema-ganhou-14-mi-de-seguidores-nas-redes/","Início de abril; cresceu 932,7 mil (+36,5%) no mês. Replicado por Gazeta Brasil 9/5 (https://gazetabrasil.com.br/destaques/2026/05/09/veja-para-quanto-saltou-o-numero-de-seguidores-de-romeu-zema-apos-embate-com-o-stf/)"
"2026-04-01","Romeu Zema","total_5_redes","4,6 milhões","Bites via Poder360 (9/5/2026)","https://www.poder360.com.br/poder-eleicoes/apos-atrito-com-gilmar-zema-ganhou-14-mi-de-seguidores-nas-redes/","'tinha, no total, 4,6 milhões de seguidores no início de abril de 2026' (Facebook, TikTok, Instagram, YouTube e X)"
"2026-04-01","Renan Santos","TikTok","218,5 mil","Bites via Poder360 (10/5/2026)","https://www.poder360.com.br/poder-eleicoes/renan-santos-e-o-pre-candidato-que-mais-cresce-no-tiktok/","Valor de início de abril: 'passou de 218,5 mil para 316,2 mil seguidores na plataforma, alta de 44,7%'"
"2026-04-01","Renan Santos","total_redes","1,3 milhão","Bites via Poder360 (10/5/2026)","https://www.poder360.com.br/poder-eleicoes/renan-santos-e-o-pre-candidato-que-mais-cresce-no-tiktok/","Início de abril: 'passando de 1,3 milhão para 1,7 milhão'"
"2026-04-12","Lula","total_fb_ig_x","30,8 milhões","Bites via Pleno.News (12/4/2026)","https://pleno.news/brasil/politica-nacional/numero-de-seguidores-de-flavio-aumenta-381-em-6-meses.html","Facebook+Instagram+X; 'passando de 29,6 milhões para 30,8 milhões' (+3,9% desde out/2025). Data de referência = data da matéria (inferência)"
"2026-04-12","Flávio Bolsonaro","total_fb_ig_x","16,6 milhões","Bites via Pleno.News (12/4/2026)","https://pleno.news/brasil/politica-nacional/numero-de-seguidores-de-flavio-aumenta-381-em-6-meses.html","Facebook+Instagram+X; 'saltando de 12 milhões (out/2025) para 16,6 milhões' (+38,1% em 6 meses). Replicado por Região Noroeste 13/4 (https://regiaonoroeste.com/flavio-bolsonaro-cresce-nas-redes-sociais-mas-lula-mantem-maior-base-de-seguidores/). Data de referência = data da matéria (inferência)"
"2026-04-23","Renan Santos","Instagram","1 milhão","Conta 'Contagem da Missão' no X (post de 23/4/2026); não é veículo de imprensa","https://x.com/ContagemMissao/status/2047411125562528202","Texto do post (via resultado de busca; o X bloqueia a leitura direta): 'Quinta-feira, 23 de abril de 2026. Renan Santos (@RenanSantosMBL) chega à marca de 1 milhão de seguidores no Instagram'. Sem confirmação de imprensa"
"2026-04-24","Flávio Bolsonaro","redes_nao_especificada","mais de 9,9 milhões","Ativaweb DataLab via Canal MyNews (24/4/2026)","https://canalmynews.com.br/noticias/azarao-da-direita/","Período 26/3 a 24/4/2026; a matéria não diz qual rede (provavelmente Instagram, inferência não confirmada)"
"2026-04-24","Ronaldo Caiado","redes_nao_especificada","2,1 milhões","Ativaweb DataLab via Canal MyNews (24/4/2026)","https://canalmynews.com.br/noticias/azarao-da-direita/","Período 26/3 a 24/4/2026; rede não especificada. Zema: maior crescimento proporcional (~16%), sem valor absoluto"
"2026-04-27","Romeu Zema","Instagram","mais de 3,3 milhões","CNN Brasil, blog Isabel Mega (28/4/2026)","https://www.cnnbrasil.com.br/blogs/isabel-mega/politica/zema-aposta-nas-redes-e-ganha-quase-1-milhao-de-seguidores-em-uma-semana/","Semana 20 a 27/4: +716 mil no Instagram, +70 mil TikTok, +101 mil YouTube, +28 mil X, +15,5 mil Kwai ('quase 1 milhão' no total). Fonte da contagem não nomeada na extração"
"2026-04-30","Romeu Zema","Instagram","3,5 milhões","Bites via Poder360 (9/5/2026)","https://www.poder360.com.br/poder-eleicoes/apos-atrito-com-gilmar-zema-ganhou-14-mi-de-seguidores-nas-redes/","Fim de abril, após atrito com Gilmar Mendes/STF"
"2026-04-30","Romeu Zema","datrix_idp","21,13","Datrix via Revista Fórum (6/6/2026)","https://revistaforum.com.br/politica/flavio-despenca-lula-lidera/","Abril/2026; valor citado como base da queda de 42% em maio. CNN 6/5 (https://www.cnnbrasil.com.br/eleicoes/datrix-zema-salta-56-nas-redes-mas-flavio-e-lula-lideram/) só dá posições de abril: Flávio 1º, Lula 2º, Renan 3º, Zema 4º (+56%)"
"2026-04-30","Romeu Zema","total_5_redes","6,0 milhões","Bites via Poder360 (9/5/2026)","https://www.poder360.com.br/poder-eleicoes/apos-atrito-com-gilmar-zema-ganhou-14-mi-de-seguidores-nas-redes/","+1,4 milhão (+32%) em abril"
"2026-04-30","Renan Santos","TikTok","316,2 mil","Bites via Poder360 (10/5/2026)","https://www.poder360.com.br/poder-eleicoes/renan-santos-e-o-pre-candidato-que-mais-cresce-no-tiktok/","Valor de fim de abril; +97 mil no mês. Replicado por Gazeta do Paraná 11/5 (https://gazetadoparana.com.br/artigo/renan-santos-crescimento-tiktok-presidenciaveis-abril-2026-bites)"
"2026-04-30","Renan Santos","total_redes","1,7 milhão","Bites via Poder360 (10/5/2026)","https://www.poder360.com.br/poder-eleicoes/renan-santos-e-o-pre-candidato-que-mais-cresce-no-tiktok/","Fim de abril; +36,9% (~470 mil). Zema +32,1%, Flávio +3,1%, Lula +0,7% no mês, sem valores absolutos"
"2026-05-18","Lula","Instagram","14,5 milhões","Instituto Democracia em Xeque, Semanal DX (19/5/2026)","https://institutodx.org/semanaldx/19052026/","@lulaoficial. Base extraída em 18/05 às 12h"
"2026-05-18","Flávio Bolsonaro","Instagram","10,3 milhões","Instituto Democracia em Xeque, Semanal DX (19/5/2026)","https://institutodx.org/semanaldx/19052026/","@flaviobolsonaro. Base extraída em 18/05 às 12h"
"2026-05-18","Ronaldo Caiado","Instagram","2,1 milhões","Instituto Democracia em Xeque, Semanal DX (19/5/2026)","https://institutodx.org/semanaldx/19052026/","@ronaldocaiado. Base extraída em 18/05 às 12h"
"2026-05-25","Lula","Instagram","14,5 milhões","Instituto Democracia em Xeque, Semanal DX (26/5/2026)","https://institutodx.org/semanaldx/26052026/","@lulaoficial. Base extraída em 25/05 às 12h"
"2026-05-25","Flávio Bolsonaro","Instagram","10,3 milhões","Instituto Democracia em Xeque, Semanal DX (26/5/2026)","https://institutodx.org/semanaldx/26052026/","@flaviobolsonaro. Base extraída em 25/05 às 12h"
"2026-05-25","Ronaldo Caiado","Instagram","2,1 milhões","Instituto Democracia em Xeque, Semanal DX (26/5/2026)","https://institutodx.org/semanaldx/26052026/","@ronaldocaiado. Base extraída em 25/05 às 12h"
"2026-05-31","Lula","datrix_idp","24,45","Datrix via Revista Fórum (6/6/2026)","https://revistaforum.com.br/politica/flavio-despenca-lula-lidera/","Maio/2026; 1º lugar (+7,9% vs abril, cf. CNN 8/6 https://www.cnnbrasil.com.br/blogs/iuri-pitta/eleicoes/datrix-master-faz-flavio-perder-para-lula-lideranca-de-ranking-digital/)"
"2026-05-31","Flávio Bolsonaro","datrix_idp","21,78","Datrix via Revista Fórum (6/6/2026)","https://revistaforum.com.br/politica/flavio-despenca-lula-lidera/","Maio/2026; 2º lugar; queda de 21,8% após caso Master/Vorcaro (CNN 8/6)"
"2026-05-31","Romeu Zema","datrix_idp","12,19","Datrix via Revista Fórum (6/6/2026)","https://revistaforum.com.br/politica/flavio-despenca-lula-lidera/","Maio/2026; queda de 42% ante abril (21,13)"
"2026-05-31","Renan Santos","redes_nao_especificada","1,5 milhão","DSC Lab (Índice Brasil de Impacto Digital) via A Notícia do Vale (4/6/2026)","https://anoticiadovale.com/2026/06/04/pauta-antifaccao-consolida-flavio-bolsonaro-como-presidenciavel-com-mais-engajamento-nas-redes/","'quase dobrou o número de seguidores, atingindo a marca de 1,5 milhão' em maio/2026; rede não especificada. Ranking DSC Lab de maio: Flávio 1º, Lula 2º, Zema 4º, Caiado último, sem valores"
"2026-06-01","Lula","Instagram","14,7 milhões","Ativaweb DataLab via Canal MyNews (2/6/2026)","https://canalmynews.com.br/politica/lula-lidera-audiencia-digital-enquanto-flavio-bolsonaro-e-renan-santos-avancam-nas-redes/","Período 3/5 a 1/6/2026; 'concentra cerca de 45% de toda a audiência analisada'. Flávio +349 mil e Renan +421 mil (+37,25%) em 30 dias, sem totais"
"2026-06-01","Lula","Instagram","14,7 milhões","Instituto Democracia em Xeque, Semanal DX (2/6/2026)","https://institutodx.org/semanaldx/02062026/","@lulaoficial. Base extraída em 01/06 às 18h"
"2026-06-01","Flávio Bolsonaro","Instagram","10,5 milhões","Instituto Democracia em Xeque, Semanal DX (2/6/2026)","https://institutodx.org/semanaldx/02062026/","@flaviobolsonaro. Base extraída em 01/06 às 18h"
"2026-06-01","Ronaldo Caiado","Instagram","2,1 milhões","Instituto Democracia em Xeque, Semanal DX (2/6/2026)","https://institutodx.org/semanaldx/02062026/","@ronaldocaiado. Base extraída em 01/06 às 18h"
"2026-06-08","Lula","Instagram","14,7 milhões","Instituto Democracia em Xeque, Semanal DX (9/6/2026)","https://institutodx.org/semanaldx/09062026/","@lulaoficial. Base extraída em 08/06 às 16h; primeira edição com @renansantosmbl"
"2026-06-08","Flávio Bolsonaro","Instagram","10,6 milhões","Instituto Democracia em Xeque, Semanal DX (9/6/2026)","https://institutodx.org/semanaldx/09062026/","@flaviobolsonaro. Base extraída em 08/06 às 16h; primeira edição com @renansantosmbl"
"2026-06-08","Ronaldo Caiado","Instagram","2,1 milhões","Instituto Democracia em Xeque, Semanal DX (9/6/2026)","https://institutodx.org/semanaldx/09062026/","@ronaldocaiado. Base extraída em 08/06 às 16h; primeira edição com @renansantosmbl"
"2026-06-08","Renan Santos","Instagram","1,6 milhão","Instituto Democracia em Xeque, Semanal DX (9/6/2026)","https://institutodx.org/semanaldx/09062026/","@renansantosmbl. Base extraída em 08/06 às 16h; primeira edição com @renansantosmbl"
"2026-06-15","Lula","Instagram","14,7 milhões","Instituto Democracia em Xeque, Semanal DX (16/6/2026)","https://institutodx.org/semanaldx/16062026/","@lulaoficial. Base extraída em 15/06 às 16h"
"2026-06-15","Flávio Bolsonaro","Instagram","10,6 milhões","Instituto Democracia em Xeque, Semanal DX (16/6/2026)","https://institutodx.org/semanaldx/16062026/","@flaviobolsonaro. Base extraída em 15/06 às 16h"
"2026-06-15","Ronaldo Caiado","Instagram","2,1 milhões","Instituto Democracia em Xeque, Semanal DX (16/6/2026)","https://institutodx.org/semanaldx/16062026/","@ronaldocaiado. Base extraída em 15/06 às 16h"
"2026-06-15","Renan Santos","Instagram","1,6 milhão","Instituto Democracia em Xeque, Semanal DX (16/6/2026)","https://institutodx.org/semanaldx/16062026/","@renansantosmbl. Base extraída em 15/06 às 16h"
"2026-06-22","Lula","Instagram","14,7 milhões","Instituto Democracia em Xeque, Semanal DX (23/6/2026)","https://institutodx.org/semanaldx/23062026/","@lulaoficial. Base extraída em 22/06 às 18h"
"2026-06-22","Flávio Bolsonaro","Instagram","10,6 milhões","Instituto Democracia em Xeque, Semanal DX (23/6/2026)","https://institutodx.org/semanaldx/23062026/","@flaviobolsonaro. Base extraída em 22/06 às 18h"
"2026-06-22","Ronaldo Caiado","Instagram","2,1 milhões","Instituto Democracia em Xeque, Semanal DX (23/6/2026)","https://institutodx.org/semanaldx/23062026/","@ronaldocaiado. Base extraída em 22/06 às 18h"
"2026-06-22","Renan Santos","Instagram","1,6 milhão","Instituto Democracia em Xeque, Semanal DX (23/6/2026)","https://institutodx.org/semanaldx/23062026/","@renansantosmbl. Base extraída em 22/06 às 18h"
"2026-06-26","Renan Santos","Instagram","1,75 milhão","Ativaweb DataLab via Amado Mundo (27/6/2026)","https://amadomundo.com/renan-santos-maior-engajamento-redes/","Período 28/5 a 26/6/2026; +259 mil no período; engajamento 4,16%. A matéria fala em 'seguidores' sem nomear a rede; Instagram é inferência a partir da metodologia da Ativaweb"
"2026-06-29","Lula","Instagram","14,7 milhões","Instituto Democracia em Xeque, Semanal DX (30/6/2026)","https://institutodx.org/semanaldx/30062026/","@lulaoficial. Base extraída em 29/06 às 18h"
"2026-06-29","Flávio Bolsonaro","Instagram","10,7 milhões","Instituto Democracia em Xeque, Semanal DX (30/6/2026)","https://institutodx.org/semanaldx/30062026/","@flaviobolsonaro. Base extraída em 29/06 às 18h"
"2026-06-29","Ronaldo Caiado","Instagram","2,1 milhões","Instituto Democracia em Xeque, Semanal DX (30/6/2026)","https://institutodx.org/semanaldx/30062026/","@ronaldocaiado. Base extraída em 29/06 às 18h"
"2026-06-29","Renan Santos","Instagram","1,6 milhão","Instituto Democracia em Xeque, Semanal DX (30/6/2026)","https://institutodx.org/semanaldx/30062026/","@renansantosmbl. Base extraída em 29/06 às 18h"
"2026-06-30","Lula","datrix_idp","27,8","Datrix via CNN Brasil (8/7/2026)","https://www.cnnbrasil.com.br/blogs/iuri-pitta/politica/flavio-bolsonaro-retoma-lideranca-em-ranking-digital-e-supera-lula-em-junho/","Junho/2026; 2º lugar"
"2026-06-30","Lula","total_5_redes","38,9 milhões","Bites via CNN Brasil (4/7/2026)","https://www.cnnbrasil.com.br/eleicoes/a-tres-meses-da-eleicao-flavio-lidera-tracao-nas-redes-e-lula-seguidores/","Soma de Instagram, TikTok, Facebook, X e YouTube ao fim de junho; ganho de 1,8 milhão (+5%) no semestre. Matéria não desagrega por plataforma"
"2026-06-30","Flávio Bolsonaro","Instagram","10,7 milhões","Zeeng, ranking 100 políticos mais influentes no Instagram (PDF hospedado pelo Poder360, jul/2026)","https://static.poder360.com.br/uploads/2026/07/zeeng-politicos-mais-influentes-2026.pdf","Período 1/1 a 30/6/2026; 5º lugar com 193.333 interações/post. Único presidenciável com seguidores explicitados no PDF conforme extração"
"2026-06-30","Flávio Bolsonaro","datrix_idp","29,7","Datrix via CNN Brasil (8/7/2026)","https://www.cnnbrasil.com.br/blogs/iuri-pitta/politica/flavio-bolsonaro-retoma-lideranca-em-ranking-digital-e-supera-lula-em-junho/","Junho/2026; 1º lugar; 51% das menções no 'mar aberto'"
"2026-06-30","Flávio Bolsonaro","total_5_redes","21 milhões","Bites via CNN Brasil (4/7/2026)","https://www.cnnbrasil.com.br/eleicoes/a-tres-meses-da-eleicao-flavio-lidera-tracao-nas-redes-e-lula-seguidores/","Ganho de 5,6 milhões (+36%) no semestre; soma das 5 redes"
"2026-06-30","Augusto Cury","total_5_redes","14,4 milhões","Bites via CNN Brasil (4/7/2026)","https://www.cnnbrasil.com.br/eleicoes/a-tres-meses-da-eleicao-flavio-lidera-tracao-nas-redes-e-lula-seguidores/","'Augusto Cury (14,4 milhões) e Cabo Daciolo (2 milhões) passaram a ser monitorados pela Bites apenas após o lançamento das pré-candidaturas'; sem variação no semestre. Poder360 12/7 cita '14 milhões (monitorado a partir de março)'"
"2026-06-30","Ronaldo Caiado","datrix_idp","10,1","Datrix via CNN Brasil (8/7/2026)","https://www.cnnbrasil.com.br/blogs/iuri-pitta/politica/flavio-bolsonaro-retoma-lideranca-em-ranking-digital-e-supera-lula-em-junho/","Junho/2026; 5º lugar"
"2026-06-30","Ronaldo Caiado","total_5_redes","4,7 milhões","Bites via CNN Brasil (4/7/2026)","https://www.cnnbrasil.com.br/eleicoes/a-tres-meses-da-eleicao-flavio-lidera-tracao-nas-redes-e-lula-seguidores/","Ganho de 795 mil (+20,1%) no semestre; soma das 5 redes"
"2026-06-30","Romeu Zema","datrix_idp","12,4","Datrix via CNN Brasil (8/7/2026)","https://www.cnnbrasil.com.br/blogs/iuri-pitta/politica/flavio-bolsonaro-retoma-lideranca-em-ranking-digital-e-supera-lula-em-junho/","Junho/2026; 3º lugar"
"2026-06-30","Romeu Zema","total_5_redes","6,2 milhões","Bites via CNN Brasil (4/7/2026)","https://www.cnnbrasil.com.br/eleicoes/a-tres-meses-da-eleicao-flavio-lidera-tracao-nas-redes-e-lula-seguidores/","Ganho de 2,4 milhões (+63,3%) no semestre; soma das 5 redes"
"2026-06-30","Renan Santos","datrix_idp","10,4","Datrix via CNN Brasil (8/7/2026)","https://www.cnnbrasil.com.br/blogs/iuri-pitta/politica/flavio-bolsonaro-retoma-lideranca-em-ranking-digital-e-supera-lula-em-junho/","Junho/2026; 4º lugar"
"2026-06-30","Renan Santos","total_5_redes","2,8 milhões","Bites via CNN Brasil (4/7/2026)","https://www.cnnbrasil.com.br/eleicoes/a-tres-meses-da-eleicao-flavio-lidera-tracao-nas-redes-e-lula-seguidores/","Ganho de 2,3 milhões (+430,7%) no semestre; 'passou de 537 mil para 2,8 milhões' (O Hoje 4/7 https://ohoje.com/2026/07/04/lula-lidera-em-numero-de-seguidores-e-flavio-tem-maior-engajamento-nas-redes-aponta-levantamento/)"
"2026-07-01","Augusto Cury","total_4_redes","14 milhões","Bites via Poder360 (12/7/2026)","https://www.poder360.com.br/poder-eleicoes/flavio-ganha-3-vezes-mais-seguidores-que-lula-no-1o-semestre/","Facebook, Instagram, TikTok e YouTube; período 1/1 a 1/7/2026; Cury monitorado a partir de março"
"2026-07-06","Lula","Instagram","14,7 milhões","Instituto Democracia em Xeque, Semanal DX (8/7/2026)","https://institutodx.org/semanaldx/08072026/","@lulaoficial. Base extraída em 06/07 às 16h"
"2026-07-06","Flávio Bolsonaro","Instagram","10,7 milhões","Instituto Democracia em Xeque, Semanal DX (8/7/2026)","https://institutodx.org/semanaldx/08072026/","@flaviobolsonaro. Base extraída em 06/07 às 16h"
"2026-07-06","Ronaldo Caiado","Instagram","2,1 milhões","Instituto Democracia em Xeque, Semanal DX (8/7/2026)","https://institutodx.org/semanaldx/08072026/","@ronaldocaiado. Base extraída em 06/07 às 16h"
"2026-07-06","Renan Santos","Instagram","1,6 milhão","Instituto Democracia em Xeque, Semanal DX (8/7/2026)","https://institutodx.org/semanaldx/08072026/","@renansantosmbl. Base extraída em 06/07 às 16h"
"2026-07-13","Lula","Instagram","14,7 milhões","Instituto Democracia em Xeque, Semanal DX (14/7/2026)","https://institutodx.org/semanaldx/relatorio15/","@lulaoficial. Relatório #15; base extraída em 13/07 às 16h"
"2026-07-13","Flávio Bolsonaro","Instagram","10,7 milhões","Instituto Democracia em Xeque, Semanal DX (14/7/2026)","https://institutodx.org/semanaldx/relatorio15/","@flaviobolsonaro. Relatório #15; base extraída em 13/07 às 16h"
"2026-07-13","Ronaldo Caiado","Instagram","2,1 milhões","Instituto Democracia em Xeque, Semanal DX (14/7/2026)","https://institutodx.org/semanaldx/relatorio15/","@ronaldocaiado. Relatório #15; base extraída em 13/07 às 16h"
"2026-07-13","Renan Santos","Instagram","1,6 milhão","Instituto Democracia em Xeque, Semanal DX (14/7/2026)","https://institutodx.org/semanaldx/relatorio15/","@renansantosmbl. Relatório #15; base extraída em 13/07 às 16h"
"2026-07-20","Lula","Instagram","14,7 milhões","Instituto Democracia em Xeque, Semanal DX (22/7/2026)","https://institutodx.org/semanaldx/relatorio-16/","@lulaoficial. Relatório #16; base extraída em 20/07 às 18h"
"2026-07-20","Flávio Bolsonaro","Instagram","10,8 milhões","Instituto Democracia em Xeque, Semanal DX (22/7/2026)","https://institutodx.org/semanaldx/relatorio-16/","@flaviobolsonaro. Relatório #16; base extraída em 20/07 às 18h"
"2026-07-20","Ronaldo Caiado","Instagram","2,1 milhões","Instituto Democracia em Xeque, Semanal DX (22/7/2026)","https://institutodx.org/semanaldx/relatorio-16/","@ronaldocaiado. Relatório #16; base extraída em 20/07 às 18h"
"2026-07-20","Renan Santos","Instagram","1,6 milhão","Instituto Democracia em Xeque, Semanal DX (22/7/2026)","https://institutodx.org/semanaldx/relatorio-16/","@renansantosmbl. Relatório #16; base extraída em 20/07 às 18h"
"2026-07-27","Lula","Instagram","14,7 milhões","Instituto Democracia em Xeque, Semanal DX (29/7/2026)","https://institutodx.org/semanaldx/relatorio17/","@lulaoficial. Relatório #17; base extraída em 27/07 às 16h"
"2026-07-27","Flávio Bolsonaro","Instagram","10,8 milhões","Instituto Democracia em Xeque, Semanal DX (29/7/2026)","https://institutodx.org/semanaldx/relatorio17/","@flaviobolsonaro. Relatório #17; base extraída em 27/07 às 16h"
"2026-07-27","Ronaldo Caiado","Instagram","2,1 milhões","Instituto Democracia em Xeque, Semanal DX (29/7/2026)","https://institutodx.org/semanaldx/relatorio17/","@ronaldocaiado. Relatório #17; base extraída em 27/07 às 16h"
"2026-07-27","Renan Santos","Instagram","1,6 milhão","Instituto Democracia em Xeque, Semanal DX (29/7/2026)","https://institutodx.org/semanaldx/relatorio17/","@renansantosmbl. Relatório #17; base extraída em 27/07 às 16h"
"2026-08-03","Lula","Instagram","15,0 milhões","Instituto Democracia em Xeque, Semanal DX (4/8/2026)","https://institutodx.org/semanaldx/relatorio18/","@lulaoficial. Relatório #18 (27/7 a 3/8). ATENÇÃO: a página informa base 'extraída em 27/07 às 16h' (mesma do #17, que traz valores menores) e os valores são idênticos aos do #21 (24/8); provável erro de edição no site. Data 3/8 é inferência; usar com cautela"
"2026-08-03","Flávio Bolsonaro","Instagram","11,4 milhões","Instituto Democracia em Xeque, Semanal DX (4/8/2026)","https://institutodx.org/semanaldx/relatorio18/","@flaviobolsonaro. Relatório #18 (27/7 a 3/8). ATENÇÃO: a página informa base 'extraída em 27/07 às 16h' (mesma do #17, que traz valores menores) e os valores são idênticos aos do #21 (24/8); provável erro de edição no site. Data 3/8 é inferência; usar com cautela"
"2026-08-03","Ronaldo Caiado","Instagram","2,3 milhões","Instituto Democracia em Xeque, Semanal DX (4/8/2026)","https://institutodx.org/semanaldx/relatorio18/","@ronaldocaiado. Relatório #18 (27/7 a 3/8). ATENÇÃO: a página informa base 'extraída em 27/07 às 16h' (mesma do #17, que traz valores menores) e os valores são idênticos aos do #21 (24/8); provável erro de edição no site. Data 3/8 é inferência; usar com cautela"
"2026-08-03","Renan Santos","Instagram","2,5 milhões","Instituto Democracia em Xeque, Semanal DX (4/8/2026)","https://institutodx.org/semanaldx/relatorio18/","@renansantosmbl. Relatório #18 (27/7 a 3/8). ATENÇÃO: a página informa base 'extraída em 27/07 às 16h' (mesma do #17, que traz valores menores) e os valores são idênticos aos do #21 (24/8); provável erro de edição no site. Data 3/8 é inferência; usar com cautela"
"2026-08-10","Lula","Instagram","14,8 milhões","Instituto Democracia em Xeque, Semanal DX (11/8/2026)","https://institutodx.org/semanaldx/relatorio19/","@lulaoficial. Relatório #19; base extraída em 10/08 às 18h"
"2026-08-10","Flávio Bolsonaro","Instagram","11,0 milhões","Instituto Democracia em Xeque, Semanal DX (11/8/2026)","https://institutodx.org/semanaldx/relatorio19/","@flaviobolsonaro. Relatório #19; base extraída em 10/08 às 18h"
"2026-08-10","Ronaldo Caiado","Instagram","2,2 milhões","Instituto Democracia em Xeque, Semanal DX (11/8/2026)","https://institutodx.org/semanaldx/relatorio19/","@ronaldocaiado. Relatório #19; base extraída em 10/08 às 18h"
"2026-08-10","Renan Santos","Instagram","2,2 milhões","Instituto Democracia em Xeque, Semanal DX (11/8/2026)","https://institutodx.org/semanaldx/relatorio19/","@renansantosmbl. Relatório #19; base extraída em 10/08 às 18h"
"2026-08-11","Ronaldo Caiado","Instagram","2,25 milhões","AtivaWeb DataLab via Brasil 247 (11/8/2026)","https://www.brasil247.com/midia/caiado-investe-r-621-mil-nas-redes-mas-tem-o-pior-engajamento-entre-presidenciaveis/","Engajamento 0,4%; data de referência = data da matéria"
"2026-08-11","Romeu Zema","Instagram","3,5 milhões","Poder360 (16/8/2026)","https://www.poder360.com.br/poder-eleicoes-2026/zema-e-renan-santos-preferem-mirar-criticas-a-adversarios-no-instagram/","Data de referência inferida (fim do período 1/6 a 11/8)"
"2026-08-11","Romeu Zema","X","mais de 600 mil","Poder360 (16/8/2026)","https://www.poder360.com.br/poder-eleicoes-2026/zema-e-renan-santos-preferem-mirar-criticas-a-adversarios-no-instagram/","Data de referência inferida (fim do período 1/6 a 11/8)"
"2026-08-11","Renan Santos","Instagram","2,3 milhões","Poder360 (16/8/2026)","https://www.poder360.com.br/poder-eleicoes-2026/zema-e-renan-santos-preferem-mirar-criticas-a-adversarios-no-instagram/","Levantamento próprio do Poder360 sobre posts de 1/6 a 11/8; a matéria dá o número de seguidores sem data exata (aqui registrado no fim do período analisado; inferência)"
"2026-08-11","Renan Santos","X","156,6 mil","Poder360 (16/8/2026)","https://www.poder360.com.br/poder-eleicoes-2026/zema-e-renan-santos-preferem-mirar-criticas-a-adversarios-no-instagram/","Data de referência inferida (fim do período 1/6 a 11/8)"
"2026-08-17","Lula","Instagram","14,8 milhões","Instituto Democracia em Xeque, Semanal DX (19/8/2026)","https://institutodx.org/semanaldx/relatorio20/","@lulaoficial. Relatório #20; base extraída em 17/08 às 18h"
"2026-08-17","Flávio Bolsonaro","Instagram","11,0 milhões","Instituto Democracia em Xeque, Semanal DX (19/8/2026)","https://institutodx.org/semanaldx/relatorio20/","@flaviobolsonaro. Relatório #20; base extraída em 17/08 às 18h"
"2026-08-17","Ronaldo Caiado","Instagram","2,2 milhões","Instituto Democracia em Xeque, Semanal DX (19/8/2026)","https://institutodx.org/semanaldx/relatorio20/","@ronaldocaiado. Relatório #20; base extraída em 17/08 às 18h"
"2026-08-17","Renan Santos","Instagram","2,2 milhões","Instituto Democracia em Xeque, Semanal DX (19/8/2026)","https://institutodx.org/semanaldx/relatorio20/","@renansantosmbl. Relatório #20; base extraída em 17/08 às 18h"
"2026-08-20","Augusto Cury","quaest_ipd","37,8","Quaest IPD via O Globo/Lauro Jardim, replicado por Fox Elite (1/9/2026) e Brasil em Folhas (1/9/2026)","https://www.foxelite.com.br/2026/09/ascensao-de-augusto-cury-na-corrida.html","'passando de 37,8 para 54,5 pontos' em uma semana; 7º para 4º lugar. Data de referência do valor anterior NÃO informada pela fonte (registrada aqui como ~20/8, inferência: semana anterior ao salto pós-debate de 23/8)"
"2026-08-20","Pablo Marçal","Instagram","13,7 milhões","Estado de Minas (20/8/2026)","https://www.em.com.br/nacional/2026/08/7483718-todos-os-candidatos-a-presidencia-em-2026-quem-sao-e-o-que-defendem.html","'13,7 milhões de seguidores no Instagram'; único candidato com número de seguidores citado na matéria. Data de referência = data da matéria (inferência)"
"2026-08-22","Augusto Cury","Instagram","9,3 milhões","InsTrack via Pleno.News (27/8/2026)","https://pleno.news/brasil/eleicoes-2026/augusto-cury-ganha-quase-2-milhoes-seguidores-no-instagram.html","Véspera do debate segundo o InsTrack; DIVERGE de CNN/Vox Radar e Social Blade (8,3 milhões em 23/8)"
"2026-08-23","Augusto Cury","Instagram","8,3 milhões","CNN Brasil (27/8/2026)","https://www.cnnbrasil.com.br/eleicoes/apos-debate-cury-e-candidato-com-maior-crescimento-de-seguidores-e-buscas/","Valor pré-debate (dia do debate da Band, 23/8); cresceu 19,4% para 9,9 milhões até 27/8"
"2026-08-23","Augusto Cury","Instagram","8.326.495","Vox Radar via CNN Brasil (31/8/2026)","https://www.cnnbrasil.com.br/eleicoes/vox-radar-cury-tem-aumento-de-seguidores-e-mencoes-apos-debate-e-sabatina/","Valor 'no dia do debate' (a matéria situa o debate em 16/8 na extração, mas o debate da Band foi em 23/8; a série Social Blade via MyNews dá 8.339.288 em 23/8)"
"2026-08-23","Augusto Cury","Instagram","8.339.288","Social Blade via Canal MyNews (28/8/2026)","https://canalmynews.com.br/eleicoes-2026/analise-o-que-esta-por-tras-do-crescimento-de-augusto-cury-nas-redes-sociais/","Domingo 23/8 (dia do debate), +1.779 no dia. Série diária: 24/8 +62.458; 25/8 +129.679; 26/8 +686.547; 27/8 +1.209.891; 28/8 +291.461"
"2026-08-23","Ronaldo Caiado","Instagram","2,18 milhões","CNN Brasil (27/8/2026)","https://www.cnnbrasil.com.br/eleicoes/apos-debate-cury-e-candidato-com-maior-crescimento-de-seguidores-e-buscas/","Valor pré-debate; para 2,28 milhões (+4,5%) até 27/8"
"2026-08-23","Renan Santos","Instagram","2,1 milhões","CNN Brasil (27/8/2026)","https://www.cnnbrasil.com.br/eleicoes/apos-debate-cury-e-candidato-com-maior-crescimento-de-seguidores-e-buscas/","Valor pré-debate; para 2,49 milhões (+18,8%) até 27/8"
"2026-08-24","Lula","Instagram","15,0 milhões","Instituto Democracia em Xeque, Semanal DX (25/8/2026)","https://institutodx.org/semanaldx/relatorio21/","@lulaoficial. Relatório #21; base extraída em 24/08 às 18h (dia seguinte ao debate da Band)"
"2026-08-24","Flávio Bolsonaro","Instagram","11,4 milhões","Instituto Democracia em Xeque, Semanal DX (25/8/2026)","https://institutodx.org/semanaldx/relatorio21/","@flaviobolsonaro. Relatório #21; base extraída em 24/08 às 18h (dia seguinte ao debate da Band)"
"2026-08-24","Augusto Cury","Instagram","8,4 milhões","Social Blade via Metrópoles, coluna Andreza Matais (28/8/2026)","https://www.metropoles.com/colunas/andreza-matais/cury-ganha-21-milhoes-no-instagram-em-tres-dias-adversarios-suspeitam","'Na segunda-feira (24), eram apenas 8,4 milhões'"
"2026-08-24","Ronaldo Caiado","Instagram","2,3 milhões","Instituto Democracia em Xeque, Semanal DX (25/8/2026)","https://institutodx.org/semanaldx/relatorio21/","@ronaldocaiado. Relatório #21; base extraída em 24/08 às 18h (dia seguinte ao debate da Band)"
"2026-08-24","Renan Santos","Instagram","2,5 milhões","Instituto Democracia em Xeque, Semanal DX (25/8/2026)","https://institutodx.org/semanaldx/relatorio21/","@renansantosmbl. Relatório #21; base extraída em 24/08 às 18h (dia seguinte ao debate da Band)"
"2026-08-25","Augusto Cury","Instagram","8,4 milhões","Sólon via Gazeta do Povo (28/8/2026)","https://www.gazetadopovo.com.br/eleicoes/2026/augusto-cury-dispara-nas-redes-como-agente-da-despolarizacao/","'em 25 de agosto, o escritor tinha 8,4 milhões de seguidores no Instagram'"
"2026-08-26","Augusto Cury","Instagram","9.217.972","Social Blade via Canal MyNews (28/8/2026)","https://canalmynews.com.br/eleicoes-2026/analise-o-que-esta-por-tras-do-crescimento-de-augusto-cury-nas-redes-sociais/","Série diária Social Blade"
"2026-08-27","Lula","Instagram","14,9 milhões","InsTrack via Pleno.News (27/8/2026)","https://pleno.news/brasil/eleicoes-2026/augusto-cury-ganha-quase-2-milhoes-seguidores-no-instagram.html","Ranking de 27/8"
"2026-08-27","Lula","Instagram","14 milhões","Social Blade via Metrópoles, coluna Andreza Matais (28/8/2026)","https://www.metropoles.com/colunas/andreza-matais/cury-ganha-21-milhoes-no-instagram-em-tres-dias-adversarios-suspeitam","'ganhou mais 2.024 ontem' (27/8); valor arredondado, diverge de 14,9 milhões (InsTrack) e 15,0 milhões (DX)"
"2026-08-27","Flávio Bolsonaro","Instagram","11,3 milhões","InsTrack via Pleno.News (27/8/2026)","https://pleno.news/brasil/eleicoes-2026/augusto-cury-ganha-quase-2-milhoes-seguidores-no-instagram.html","Ranking de 27/8; mesmo valor em Metrópoles 28/8 (Social Blade)"
"2026-08-27","Flávio Bolsonaro","Instagram","11,3 milhões","Social Blade via Metrópoles, coluna Andreza Matais (28/8/2026)","https://www.metropoles.com/colunas/andreza-matais/cury-ganha-21-milhoes-no-instagram-em-tres-dias-adversarios-suspeitam","+1,5 mil em 27/8"
"2026-08-27","Augusto Cury","Instagram","10 milhões","Estado de Minas (27/8/2026)","https://www.em.com.br/politica/2026/08/7488857-augusto-cury-ganha-1-milhao-de-seguidores-em-24h-e-vira-sensacao-nas-redes.html","'Hoje, ele bateu a marca de 10 milhões'; +1 milhão em 24h e +2 milhões desde o debate de 23/8"
"2026-08-27","Augusto Cury","Instagram","9,9 milhões","CNN Brasil (27/8/2026)","https://www.cnnbrasil.com.br/eleicoes/apos-debate-cury-e-candidato-com-maior-crescimento-de-seguidores-e-buscas/","+1,55 milhão (+19,4%) pós-debate; 'entre o levantamento e a publicação, o número superou os 10 milhões'"
"2026-08-27","Augusto Cury","Instagram","10,1 milhões","InsTrack via Pleno.News (27/8/2026)","https://pleno.news/brasil/eleicoes-2026/augusto-cury-ganha-quase-2-milhoes-seguidores-no-instagram.html","'tinha 9,3 milhões na véspera do debate' (22/8) e 'chegou a 10,1 milhões nesta quinta-feira (27)'. Diverge de outras fontes para 22-23/8 (8,3 milhões)"
"2026-08-27","Augusto Cury","Instagram","10,7 milhões","Social Blade via Metrópoles, coluna Andreza Matais (28/8/2026)","https://www.metropoles.com/colunas/andreza-matais/cury-ganha-21-milhoes-no-instagram-em-tres-dias-adversarios-suspeitam","+2,1 milhões em três dias; +1,2 milhão só em 27/8. Sem crescimento em X, Facebook e YouTube"
"2026-08-27","Augusto Cury","Instagram","10.427.863","Social Blade via Canal MyNews (28/8/2026)","https://canalmynews.com.br/eleicoes-2026/analise-o-que-esta-por-tras-do-crescimento-de-augusto-cury-nas-redes-sociais/","Série diária Social Blade. Fanpage Karma no mesmo dia: 9.297.057"
"2026-08-27","Augusto Cury","Instagram","9.297.057","Fanpage Karma via Canal MyNews (28/8/2026)","https://canalmynews.com.br/eleicoes-2026/analise-o-que-esta-por-tras-do-crescimento-de-augusto-cury-nas-redes-sociais/","Diverge do Social Blade no mesmo dia (10.427.863)"
"2026-08-27","Augusto Cury","quaest_ipd","54,5","Quaest IPD via O Globo/Lauro Jardim, replicado por Fox Elite (1/9/2026), Brasil em Folhas (1/9) e La Nación (1/9)","https://www.brasilemfolhas.com.br/2026/09/augusto-cury-ganha-2-5-milhoes-de-seguidores-em-uma-semana/","4º lugar, atrás de Flávio, Lula e Renan (sem valores destes). Terra 31/8 e Infosaj 1/9 dizem que a série vai de 10/8 até 'a última quarta-feira' (26/8); data 27/8 é inferência"
"2026-08-27","Ronaldo Caiado","Instagram","2,28 milhões","CNN Brasil (27/8/2026)","https://www.cnnbrasil.com.br/eleicoes/apos-debate-cury-e-candidato-com-maior-crescimento-de-seguidores-e-buscas/","+4,5% pós-debate. Flávio +0,5%, Zema +0,3%, Lula -0,04% (-6.590), sem valores absolutos"
"2026-08-27","Ronaldo Caiado","Instagram","2,2 milhões","InsTrack via Pleno.News (27/8/2026)","https://pleno.news/brasil/eleicoes-2026/augusto-cury-ganha-quase-2-milhoes-seguidores-no-instagram.html","Ranking de 27/8"
"2026-08-27","Romeu Zema","Instagram","3,5 milhões","InsTrack via Pleno.News (27/8/2026)","https://pleno.news/brasil/eleicoes-2026/augusto-cury-ganha-quase-2-milhoes-seguidores-no-instagram.html","Ranking de 27/8"
"2026-08-27","Renan Santos","Instagram","2,49 milhões","CNN Brasil (27/8/2026)","https://www.cnnbrasil.com.br/eleicoes/apos-debate-cury-e-candidato-com-maior-crescimento-de-seguidores-e-buscas/","+396 mil (+18,8%) pós-debate"
"2026-08-27","Renan Santos","Instagram","2,4 milhões","InsTrack via Pleno.News (27/8/2026)","https://pleno.news/brasil/eleicoes-2026/augusto-cury-ganha-quase-2-milhoes-seguidores-no-instagram.html","Ranking de 27/8"
"2026-08-27","Renan Santos","Instagram","2,5 milhões","Social Blade via Metrópoles, coluna Andreza Matais (28/8/2026)","https://www.metropoles.com/colunas/andreza-matais/cury-ganha-21-milhoes-no-instagram-em-tres-dias-adversarios-suspeitam","+8,4 mil em 27/8"
"2026-08-27","Pablo Marçal","Instagram","13,9 milhões","InsTrack via Pleno.News (27/8/2026)","https://pleno.news/brasil/eleicoes-2026/augusto-cury-ganha-quase-2-milhoes-seguidores-no-instagram.html","Ranking de 27/8"
"2026-08-28","Augusto Cury","Instagram","10.719.324","Social Blade via Canal MyNews (28/8/2026)","https://canalmynews.com.br/eleicoes-2026/analise-o-que-esta-por-tras-do-crescimento-de-augusto-cury-nas-redes-sociais/","Parcial de 28/8. Ativaweb DataLab (22-28/8): 10.608.152; 'mais de 2,27 milhões em uma semana'"
"2026-08-28","Augusto Cury","Instagram","10.608.152","Ativaweb DataLab via Canal MyNews (28/8/2026)","https://canalmynews.com.br/eleicoes-2026/analise-o-que-esta-por-tras-do-crescimento-de-augusto-cury-nas-redes-sociais/","Período 22 a 28/8"
"2026-08-28","Augusto Cury","Instagram","10,3 milhões","Sólon via Gazeta do Povo (28/8/2026)","https://www.gazetadopovo.com.br/eleicoes/2026/augusto-cury-dispara-nas-redes-como-agente-da-despolarizacao/","'o perfil já reúne 10,3 milhões de seguidores' (28/8); quase 2 milhões em dois dias"
"2026-08-31","Lula","Instagram","14,9 milhões","La Nación (1/9/2026)","https://www.lanacion.com.ar/el-mundo/augusto-cury-el-fenomeno-de-las-redes-que-amenaza-con-romper-la-polarizacion-en-brasil-nid01092026/","Sem data explícita da contagem na matéria; data 31/8 é inferência"
"2026-08-31","Flávio Bolsonaro","Instagram","11,4 milhões","La Nación (1/9/2026)","https://www.lanacion.com.ar/el-mundo/augusto-cury-el-fenomeno-de-las-redes-que-amenaza-con-romper-la-polarizacion-en-brasil-nid01092026/","Sem data explícita da contagem na matéria; data 31/8 é inferência"
"2026-08-31","Augusto Cury","Instagram","10.770.423","Vox Radar via CNN Brasil (31/8/2026)","https://www.cnnbrasil.com.br/eleicoes/vox-radar-cury-tem-aumento-de-seguidores-e-mencoes-apos-debate-e-sabatina/","Após debate (23/8) e sabatina no JN (29/8)"
"2026-08-31","Augusto Cury","Instagram","10,7 milhões","La Nación (1/9/2026)","https://www.lanacion.com.ar/el-mundo/augusto-cury-el-fenomeno-de-las-redes-que-amenaza-con-romper-la-polarizacion-en-brasil-nid01092026/","Matéria de 1/9 sem data explícita da contagem; Flávio 11,4 milhões e Lula 14,9 milhões na mesma passagem. Data 31/8 é inferência"
"2026-08-31","Augusto Cury","total_redes","mais de 10,7 milhões","Bites via Terra (31/8/2026)","https://www.terra.com.br/noticias/eleicoes/o-que-esta-acontecendo-com-augusto-cury-nas-redes-sociais,7193d839e07b1c5e793a38221b2655441ko3di59.html","'passado de cerca de 8,3 milhões para mais de 10,7 milhões em menos de uma semana'; Bites: +2,6 milhões (+18%) na semana; interações Cury 6,7 mi x Flávio 6,9 mi. Bnews 31/8 traz '10,5 milhões' para o mesmo dado"
"2026-08-31","Renan Santos","TikTok","cerca de 1,1 milhão","Gazeta do Povo (1/9/2026)","https://www.gazetadopovo.com.br/eleicoes/2026/youtube-e-instagram-tiram-contas-de-renan-santos-do-ar-no-brasil/","'Antes da retirada, o perfil concentrava cerca de 1,1 milhão de seguidores'; contas retiradas do ar no Brasil em 1/9 por ordem do TSE. Data 31/8 é inferência (último dia antes da retirada)"
