data,candidato,plataforma,seguidores,variacao_dia,trends_indice,mencoes,fonte,url_fonte,observacao
2025-12-31,Flávio Bolsonaro,datrix_idp,,,36.09,,Datrix via Gazeta do Povo (9/2/2026),https://www.gazetadopovo.com.br/eleicoes/2026/flavio-assume-heranca-bolsonaro-redes-sociais-lideranca-indice-presidenciaveis/,"Dezembro/2025 (contexto, fora da janela); 1º lugar. Caiado 32,99; Lula 27,29"
2026-01-01,Renan Santos,total_5_redes,537000,,,,Bites via O Hoje (4/7/2026),https://ohoje.com/2026/07/04/lula-lidera-em-numero-de-seguidores-e-flavio-tem-maior-engajamento-nas-redes-aponta-levantamento/,"Valor de início do semestre inferido da frase 'passou de 537 mil para 2,8 milhões'; data 1/1 é o início do período de referência da Bites (1/1 a 28-30/6); valor arredondado pela fonte"
2026-01-27,Flávio Bolsonaro,total_ig_tt_yt_x,17400000,,,,Bites via O Tempo (27/1/2026),https://www.otempo.com.br/politica/governo/2026/1/27/de-olho-no-planalto-zema-cresce-30-9-nas-redes-sociais-em-um-ano,"+4.988.867 (+40,0%) em 12 meses. Tarcísio 10,9 milhões (+19,1%); valor arredondado pela fonte"
2026-01-27,Lula,total_ig_tt_yt_x,37200000,,,,Bites via O Tempo (27/1/2026),https://www.otempo.com.br/politica/governo/2026/1/27/de-olho-no-planalto-zema-cresce-30-9-nas-redes-sociais-em-um-ano,"Soma de Instagram, TikTok, YouTube e X; +3.283.528 (+9,7%) em 12 meses (jan/2025 a jan/2026). Data de referência = data da matéria (inferência); valor arredondado pela fonte"
2026-01-27,Romeu Zema,total_ig_tt_yt_x,3800000,,,,Bites via O Tempo (27/1/2026),https://www.otempo.com.br/politica/governo/2026/1/27/de-olho-no-planalto-zema-cresce-30-9-nas-redes-sociais-em-um-ano,"+905.915 (+30,9%) em 12 meses. Eduardo Leite 2,6 milhões; Ratinho Jr. 2,5 milhões; valor arredondado pela fonte"
2026-01-27,Ronaldo Caiado,total_ig_tt_yt_x,4500000,,,,Bites via O Tempo (27/1/2026),https://www.otempo.com.br/politica/governo/2026/1/27/de-olho-no-planalto-zema-cresce-30-9-nas-redes-sociais-em-um-ano,"+1.696.143 (+60,4%) em 12 meses; valor arredondado pela fonte"
2026-01-31,Flávio Bolsonaro,datrix_idp,,,37.18,,Datrix via Gazeta do Povo (9/2/2026),https://www.gazetadopovo.com.br/eleicoes/2026/flavio-assume-heranca-bolsonaro-redes-sociais-lideranca-indice-presidenciaveis/,Janeiro/2026; 1º lugar; escala -100 a 100
2026-01-31,Lula,datrix_idp,,,16.58,,Datrix via Gazeta do Povo (9/2/2026),https://www.gazetadopovo.com.br/eleicoes/2026/flavio-assume-heranca-bolsonaro-redes-sociais-lideranca-indice-presidenciaveis/,"Janeiro/2026; 3º lugar (caiu de 27,29 em dezembro)"
2026-01-31,Ronaldo Caiado,datrix_idp,,,30.77,,Datrix via Gazeta do Povo (9/2/2026),https://www.gazetadopovo.com.br/eleicoes/2026/flavio-assume-heranca-bolsonaro-redes-sociais-lideranca-indice-presidenciaveis/,Janeiro/2026; 2º lugar
2026-02-09,Flávio Bolsonaro,instagram,8500000,,,,"Gazeta do Povo (9/2/2026), citando relatório Datrix",https://www.gazetadopovo.com.br/eleicoes/2026/flavio-assume-heranca-bolsonaro-redes-sociais-lideranca-indice-presidenciaveis/,"'8,5 milhões de seguidores no Instagram'; data de referência = data da matéria (inferência). Jair Bolsonaro: 27 milhões; valor arredondado pela fonte"
2026-02-09,Lula,instagram,14400000,,,,"Gazeta do Povo (9/2/2026), citando relatório Datrix",https://www.gazetadopovo.com.br/eleicoes/2026/flavio-assume-heranca-bolsonaro-redes-sociais-lideranca-indice-presidenciaveis/,"'14,4 milhões no Instagram'; data de referência = data da matéria (inferência); valor arredondado pela fonte"
2026-02-28,Flávio Bolsonaro,datrix_idp,,,37.14,,Datrix (Índice Datrix de Presidenciáveis) via CNN Brasil (6/3/2026),https://www.cnnbrasil.com.br/blogs/iuri-pitta/eleicoes/flavio-lidera-ranking-digital-em-2026-e-lula-deixa-top-3-aponta-datrix/,Referência fevereiro/2026; escala -100 a 100; 1º lugar
2026-02-28,Lula,datrix_idp,,,25.66,,Datrix via CNN Brasil (6/3/2026),https://www.cnnbrasil.com.br/blogs/iuri-pitta/eleicoes/flavio-lidera-ranking-digital-em-2026-e-lula-deixa-top-3-aponta-datrix/,"Fevereiro/2026; 4º lugar (Ratinho Jr. 29,90 em 3º; Eduardo Leite 24,14 em 5º)"
2026-02-28,Romeu Zema,datrix_idp,,,22.56,,Datrix via CNN Brasil (6/3/2026),https://www.cnnbrasil.com.br/blogs/iuri-pitta/eleicoes/flavio-lidera-ranking-digital-em-2026-e-lula-deixa-top-3-aponta-datrix/,Fevereiro/2026; 6º lugar
2026-02-28,Ronaldo Caiado,datrix_idp,,,33.68,,Datrix via CNN Brasil (6/3/2026),https://www.cnnbrasil.com.br/blogs/iuri-pitta/eleicoes/flavio-lidera-ranking-digital-em-2026-e-lula-deixa-top-3-aponta-datrix/,Fevereiro/2026; 2º lugar
2026-03-31,Flávio Bolsonaro,datrix_idp,,,32.56,,Datrix via CNN Brasil (2/4/2026),https://www.cnnbrasil.com.br/blogs/iuri-pitta/eleicoes/datrix-flavio-lidera-ranking-digital-em-marco-lula-ve-renan-se-aproximar/,Março/2026; 1º lugar
2026-03-31,Lula,datrix_idp,,,23.56,,Datrix via CNN Brasil (2/4/2026),https://www.cnnbrasil.com.br/blogs/iuri-pitta/eleicoes/datrix-flavio-lidera-ranking-digital-em-marco-lula-ve-renan-se-aproximar/,Março/2026; 2º lugar
2026-03-31,Renan Santos,datrix_idp,,,21.64,,Datrix via CNN Brasil (2/4/2026),https://www.cnnbrasil.com.br/blogs/iuri-pitta/eleicoes/datrix-flavio-lidera-ranking-digital-em-marco-lula-ve-renan-se-aproximar/,Março/2026; 3º lugar
2026-03-31,Romeu Zema,datrix_idp,,,13.49,,Datrix via CNN Brasil (2/4/2026),https://www.cnnbrasil.com.br/blogs/iuri-pitta/eleicoes/datrix-flavio-lidera-ranking-digital-em-marco-lula-ve-renan-se-aproximar/,"Março/2026; 5º lugar (Aldo Rebelo 11,22 em 6º)"
2026-03-31,Ronaldo Caiado,datrix_idp,,,13.94,,Datrix via CNN Brasil (2/4/2026),https://www.cnnbrasil.com.br/blogs/iuri-pitta/eleicoes/datrix-flavio-lidera-ranking-digital-em-marco-lula-ve-renan-se-aproximar/,Março/2026; 4º lugar
2026-04-01,Romeu Zema,instagram,2600000,,,,Bites via Poder360 (9/5/2026),https://www.poder360.com.br/poder-eleicoes/apos-atrito-com-gilmar-zema-ganhou-14-mi-de-seguidores-nas-redes/,"Início de abril; cresceu 932,7 mil (+36,5%) no mês. Replicado por Gazeta Brasil 9/5 (https://gazetabrasil.com.br/destaques/2026/05/09/veja-para-quanto-saltou-o-numero-de-seguidores-de-romeu-zema-apos-embate-com-o-stf/); valor arredondado pela fonte"
2026-04-01,Renan Santos,tiktok,218500,,,,Bites via Poder360 (10/5/2026),https://www.poder360.com.br/poder-eleicoes/renan-santos-e-o-pre-candidato-que-mais-cresce-no-tiktok/,"Valor de início de abril: 'passou de 218,5 mil para 316,2 mil seguidores na plataforma, alta de 44,7%'; valor arredondado pela fonte"
2026-04-01,Romeu Zema,total_5_redes,4600000,,,,Bites via Poder360 (9/5/2026),https://www.poder360.com.br/poder-eleicoes/apos-atrito-com-gilmar-zema-ganhou-14-mi-de-seguidores-nas-redes/,"'tinha, no total, 4,6 milhões de seguidores no início de abril de 2026' (Facebook, TikTok, Instagram, YouTube e X); valor arredondado pela fonte"
2026-04-01,Renan Santos,total_redes,1300000,,,,Bites via Poder360 (10/5/2026),https://www.poder360.com.br/poder-eleicoes/renan-santos-e-o-pre-candidato-que-mais-cresce-no-tiktok/,"Início de abril: 'passando de 1,3 milhão para 1,7 milhão'; valor arredondado pela fonte"
2026-04-12,Flávio Bolsonaro,total_fb_ig_x,16600000,,,,Bites via Pleno.News (12/4/2026),https://pleno.news/brasil/politica-nacional/numero-de-seguidores-de-flavio-aumenta-381-em-6-meses.html,"Facebook+Instagram+X; 'saltando de 12 milhões (out/2025) para 16,6 milhões' (+38,1% em 6 meses). Replicado por Região Noroeste 13/4 (https://regiaonoroeste.com/flavio-bolsonaro-cresce-nas-redes-sociais-mas-lula-mantem-maior-base-de-seguidores/). Data de referência = data da matéria (inferência); valor arredondado pela fonte"
2026-04-12,Lula,total_fb_ig_x,30800000,,,,Bites via Pleno.News (12/4/2026),https://pleno.news/brasil/politica-nacional/numero-de-seguidores-de-flavio-aumenta-381-em-6-meses.html,"Facebook+Instagram+X; 'passando de 29,6 milhões para 30,8 milhões' (+3,9% desde out/2025). Data de referência = data da matéria (inferência); valor arredondado pela fonte"
2026-04-23,Renan Santos,instagram,1000000,,,,Conta 'Contagem da Missão' no X (post de 23/4/2026); não é veículo de imprensa,https://x.com/ContagemMissao/status/2047411125562528202,"Texto do post (via resultado de busca; o X bloqueia a leitura direta): 'Quinta-feira, 23 de abril de 2026. Renan Santos (@RenanSantosMBL) chega à marca de 1 milhão de seguidores no Instagram'. Sem confirmação de imprensa; valor arredondado pela fonte"
2026-04-24,Ronaldo Caiado,redes_nao_especificada,2100000,,,,Ativaweb DataLab via Canal MyNews (24/4/2026),https://canalmynews.com.br/noticias/azarao-da-direita/,"Período 26/3 a 24/4/2026; rede não especificada. Zema: maior crescimento proporcional (~16%), sem valor absoluto; valor arredondado pela fonte"
2026-04-30,Romeu Zema,datrix_idp,,,21.13,,Datrix via Revista Fórum (6/6/2026),https://revistaforum.com.br/politica/flavio-despenca-lula-lidera/,"Abril/2026; valor citado como base da queda de 42% em maio. CNN 6/5 (https://www.cnnbrasil.com.br/eleicoes/datrix-zema-salta-56-nas-redes-mas-flavio-e-lula-lideram/) só dá posições de abril: Flávio 1º, Lula 2º, Renan 3º, Zema 4º (+56%)"
2026-04-30,Romeu Zema,instagram,3500000,,,,Bites via Poder360 (9/5/2026),https://www.poder360.com.br/poder-eleicoes/apos-atrito-com-gilmar-zema-ganhou-14-mi-de-seguidores-nas-redes/,"Fim de abril, após atrito com Gilmar Mendes/STF; valor arredondado pela fonte"
2026-04-30,Renan Santos,tiktok,316200,,,,Bites via Poder360 (10/5/2026),https://www.poder360.com.br/poder-eleicoes/renan-santos-e-o-pre-candidato-que-mais-cresce-no-tiktok/,Valor de fim de abril; +97 mil no mês. Replicado por Gazeta do Paraná 11/5 (https://gazetadoparana.com.br/artigo/renan-santos-crescimento-tiktok-presidenciaveis-abril-2026-bites); valor arredondado pela fonte
2026-04-30,Romeu Zema,total_5_redes,6000000,,,,Bites via Poder360 (9/5/2026),https://www.poder360.com.br/poder-eleicoes/apos-atrito-com-gilmar-zema-ganhou-14-mi-de-seguidores-nas-redes/,"+1,4 milhão (+32%) em abril; valor arredondado pela fonte"
2026-04-30,Renan Santos,total_redes,1700000,,,,Bites via Poder360 (10/5/2026),https://www.poder360.com.br/poder-eleicoes/renan-santos-e-o-pre-candidato-que-mais-cresce-no-tiktok/,"Fim de abril; +36,9% (~470 mil). Zema +32,1%, Flávio +3,1%, Lula +0,7% no mês, sem valores absolutos; valor arredondado pela fonte"
2026-05-18,Flávio Bolsonaro,instagram,10300000,,,,"Instituto Democracia em Xeque, Semanal DX (19/5/2026)",https://institutodx.org/semanaldx/19052026/,@flaviobolsonaro. Base extraída em 18/05 às 12h; valor arredondado pela fonte
2026-05-18,Lula,instagram,14500000,,,,"Instituto Democracia em Xeque, Semanal DX (19/5/2026)",https://institutodx.org/semanaldx/19052026/,@lulaoficial. Base extraída em 18/05 às 12h; valor arredondado pela fonte
2026-05-18,Ronaldo Caiado,instagram,2100000,,,,"Instituto Democracia em Xeque, Semanal DX (19/5/2026)",https://institutodx.org/semanaldx/19052026/,@ronaldocaiado. Base extraída em 18/05 às 12h; valor arredondado pela fonte
2026-05-25,Flávio Bolsonaro,instagram,10300000,,,,"Instituto Democracia em Xeque, Semanal DX (26/5/2026)",https://institutodx.org/semanaldx/26052026/,@flaviobolsonaro. Base extraída em 25/05 às 12h; valor arredondado pela fonte
2026-05-25,Lula,instagram,14500000,,,,"Instituto Democracia em Xeque, Semanal DX (26/5/2026)",https://institutodx.org/semanaldx/26052026/,@lulaoficial. Base extraída em 25/05 às 12h; valor arredondado pela fonte
2026-05-25,Ronaldo Caiado,instagram,2100000,,,,"Instituto Democracia em Xeque, Semanal DX (26/5/2026)",https://institutodx.org/semanaldx/26052026/,@ronaldocaiado. Base extraída em 25/05 às 12h; valor arredondado pela fonte
2026-05-31,Flávio Bolsonaro,datrix_idp,,,21.78,,Datrix via Revista Fórum (6/6/2026),https://revistaforum.com.br/politica/flavio-despenca-lula-lidera/,"Maio/2026; 2º lugar; queda de 21,8% após caso Master/Vorcaro (CNN 8/6)"
2026-05-31,Lula,datrix_idp,,,24.45,,Datrix via Revista Fórum (6/6/2026),https://revistaforum.com.br/politica/flavio-despenca-lula-lidera/,"Maio/2026; 1º lugar (+7,9% vs abril, cf. CNN 8/6 https://www.cnnbrasil.com.br/blogs/iuri-pitta/eleicoes/datrix-master-faz-flavio-perder-para-lula-lideranca-de-ranking-digital/)"
2026-05-31,Romeu Zema,datrix_idp,,,12.19,,Datrix via Revista Fórum (6/6/2026),https://revistaforum.com.br/politica/flavio-despenca-lula-lidera/,"Maio/2026; queda de 42% ante abril (21,13)"
2026-05-31,Renan Santos,redes_nao_especificada,1500000,,,,DSC Lab (Índice Brasil de Impacto Digital) via A Notícia do Vale (4/6/2026),https://anoticiadovale.com/2026/06/04/pauta-antifaccao-consolida-flavio-bolsonaro-como-presidenciavel-com-mais-engajamento-nas-redes/,"'quase dobrou o número de seguidores, atingindo a marca de 1,5 milhão' em maio/2026; rede não especificada. Ranking DSC Lab de maio: Flávio 1º, Lula 2º, Zema 4º, Caiado último, sem valores; valor arredondado pela fonte"
2026-06-01,Flávio Bolsonaro,instagram,10500000,,,,"Instituto Democracia em Xeque, Semanal DX (2/6/2026)",https://institutodx.org/semanaldx/02062026/,@flaviobolsonaro. Base extraída em 01/06 às 18h; valor arredondado pela fonte
2026-06-01,Lula,instagram,14700000,,,,Ativaweb DataLab via Canal MyNews (2/6/2026),https://canalmynews.com.br/politica/lula-lidera-audiencia-digital-enquanto-flavio-bolsonaro-e-renan-santos-avancam-nas-redes/,"Período 3/5 a 1/6/2026; 'concentra cerca de 45% de toda a audiência analisada'. Flávio +349 mil e Renan +421 mil (+37,25%) em 30 dias, sem totais; valor arredondado pela fonte"
2026-06-01,Ronaldo Caiado,instagram,2100000,,,,"Instituto Democracia em Xeque, Semanal DX (2/6/2026)",https://institutodx.org/semanaldx/02062026/,@ronaldocaiado. Base extraída em 01/06 às 18h; valor arredondado pela fonte
2026-06-08,Flávio Bolsonaro,instagram,10600000,,,,"Instituto Democracia em Xeque, Semanal DX (9/6/2026)",https://institutodx.org/semanaldx/09062026/,@flaviobolsonaro. Base extraída em 08/06 às 16h; primeira edição com @renansantosmbl; valor arredondado pela fonte
2026-06-08,Lula,instagram,14700000,,,,"Instituto Democracia em Xeque, Semanal DX (9/6/2026)",https://institutodx.org/semanaldx/09062026/,@lulaoficial. Base extraída em 08/06 às 16h; primeira edição com @renansantosmbl; valor arredondado pela fonte
2026-06-08,Renan Santos,instagram,1600000,,,,"Instituto Democracia em Xeque, Semanal DX (9/6/2026)",https://institutodx.org/semanaldx/09062026/,@renansantosmbl. Base extraída em 08/06 às 16h; primeira edição com @renansantosmbl; valor arredondado pela fonte
2026-06-08,Ronaldo Caiado,instagram,2100000,,,,"Instituto Democracia em Xeque, Semanal DX (9/6/2026)",https://institutodx.org/semanaldx/09062026/,@ronaldocaiado. Base extraída em 08/06 às 16h; primeira edição com @renansantosmbl; valor arredondado pela fonte
2026-06-15,Flávio Bolsonaro,instagram,10600000,,,,"Instituto Democracia em Xeque, Semanal DX (16/6/2026)",https://institutodx.org/semanaldx/16062026/,@flaviobolsonaro. Base extraída em 15/06 às 16h; valor arredondado pela fonte
2026-06-15,Lula,instagram,14700000,,,,"Instituto Democracia em Xeque, Semanal DX (16/6/2026)",https://institutodx.org/semanaldx/16062026/,@lulaoficial. Base extraída em 15/06 às 16h; valor arredondado pela fonte
2026-06-15,Renan Santos,instagram,1600000,,,,"Instituto Democracia em Xeque, Semanal DX (16/6/2026)",https://institutodx.org/semanaldx/16062026/,@renansantosmbl. Base extraída em 15/06 às 16h; valor arredondado pela fonte
2026-06-15,Ronaldo Caiado,instagram,2100000,,,,"Instituto Democracia em Xeque, Semanal DX (16/6/2026)",https://institutodx.org/semanaldx/16062026/,@ronaldocaiado. Base extraída em 15/06 às 16h; valor arredondado pela fonte
2026-06-22,Flávio Bolsonaro,instagram,10600000,,,,"Instituto Democracia em Xeque, Semanal DX (23/6/2026)",https://institutodx.org/semanaldx/23062026/,@flaviobolsonaro. Base extraída em 22/06 às 18h; valor arredondado pela fonte
2026-06-22,Lula,instagram,14700000,,,,"Instituto Democracia em Xeque, Semanal DX (23/6/2026)",https://institutodx.org/semanaldx/23062026/,@lulaoficial. Base extraída em 22/06 às 18h; valor arredondado pela fonte
2026-06-22,Renan Santos,instagram,1600000,,,,"Instituto Democracia em Xeque, Semanal DX (23/6/2026)",https://institutodx.org/semanaldx/23062026/,@renansantosmbl. Base extraída em 22/06 às 18h; valor arredondado pela fonte
2026-06-22,Ronaldo Caiado,instagram,2100000,,,,"Instituto Democracia em Xeque, Semanal DX (23/6/2026)",https://institutodx.org/semanaldx/23062026/,@ronaldocaiado. Base extraída em 22/06 às 18h; valor arredondado pela fonte
2026-06-26,Renan Santos,instagram,1750000,,,,Ativaweb DataLab via Amado Mundo (27/6/2026),https://amadomundo.com/renan-santos-maior-engajamento-redes/,"Período 28/5 a 26/6/2026; +259 mil no período; engajamento 4,16%. A matéria fala em 'seguidores' sem nomear a rede; Instagram é inferência a partir da metodologia da Ativaweb; valor arredondado pela fonte"
2026-06-29,Flávio Bolsonaro,instagram,10700000,,,,"Instituto Democracia em Xeque, Semanal DX (30/6/2026)",https://institutodx.org/semanaldx/30062026/,@flaviobolsonaro. Base extraída em 29/06 às 18h; valor arredondado pela fonte
2026-06-29,Lula,instagram,14700000,,,,"Instituto Democracia em Xeque, Semanal DX (30/6/2026)",https://institutodx.org/semanaldx/30062026/,@lulaoficial. Base extraída em 29/06 às 18h; valor arredondado pela fonte
2026-06-29,Renan Santos,instagram,1600000,,,,"Instituto Democracia em Xeque, Semanal DX (30/6/2026)",https://institutodx.org/semanaldx/30062026/,@renansantosmbl. Base extraída em 29/06 às 18h; valor arredondado pela fonte
2026-06-29,Ronaldo Caiado,instagram,2100000,,,,"Instituto Democracia em Xeque, Semanal DX (30/6/2026)",https://institutodx.org/semanaldx/30062026/,@ronaldocaiado. Base extraída em 29/06 às 18h; valor arredondado pela fonte
2026-06-30,Flávio Bolsonaro,datrix_idp,,,29.7,,Datrix via CNN Brasil (8/7/2026),https://www.cnnbrasil.com.br/blogs/iuri-pitta/politica/flavio-bolsonaro-retoma-lideranca-em-ranking-digital-e-supera-lula-em-junho/,Junho/2026; 1º lugar; 51% das menções no 'mar aberto'
2026-06-30,Lula,datrix_idp,,,27.8,,Datrix via CNN Brasil (8/7/2026),https://www.cnnbrasil.com.br/blogs/iuri-pitta/politica/flavio-bolsonaro-retoma-lideranca-em-ranking-digital-e-supera-lula-em-junho/,Junho/2026; 2º lugar
2026-06-30,Renan Santos,datrix_idp,,,10.4,,Datrix via CNN Brasil (8/7/2026),https://www.cnnbrasil.com.br/blogs/iuri-pitta/politica/flavio-bolsonaro-retoma-lideranca-em-ranking-digital-e-supera-lula-em-junho/,Junho/2026; 4º lugar
2026-06-30,Romeu Zema,datrix_idp,,,12.4,,Datrix via CNN Brasil (8/7/2026),https://www.cnnbrasil.com.br/blogs/iuri-pitta/politica/flavio-bolsonaro-retoma-lideranca-em-ranking-digital-e-supera-lula-em-junho/,Junho/2026; 3º lugar
2026-06-30,Ronaldo Caiado,datrix_idp,,,10.1,,Datrix via CNN Brasil (8/7/2026),https://www.cnnbrasil.com.br/blogs/iuri-pitta/politica/flavio-bolsonaro-retoma-lideranca-em-ranking-digital-e-supera-lula-em-junho/,Junho/2026; 5º lugar
2026-06-30,Flávio Bolsonaro,instagram,10700000,,,,"Zeeng, ranking 100 políticos mais influentes no Instagram (PDF hospedado pelo Poder360, jul/2026)",https://static.poder360.com.br/uploads/2026/07/zeeng-politicos-mais-influentes-2026.pdf,Período 1/1 a 30/6/2026; 5º lugar com 193.333 interações/post. Único presidenciável com seguidores explicitados no PDF conforme extração; valor arredondado pela fonte
2026-06-30,Augusto Cury,total_5_redes,14400000,,,,Bites via CNN Brasil (4/7/2026),https://www.cnnbrasil.com.br/eleicoes/a-tres-meses-da-eleicao-flavio-lidera-tracao-nas-redes-e-lula-seguidores/,"'Augusto Cury (14,4 milhões) e Cabo Daciolo (2 milhões) passaram a ser monitorados pela Bites apenas após o lançamento das pré-candidaturas'; sem variação no semestre. Poder360 12/7 cita '14 milhões (monitorado a partir de março)'; valor arredondado pela fonte"
2026-06-30,Flávio Bolsonaro,total_5_redes,21000000,,,,Bites via CNN Brasil (4/7/2026),https://www.cnnbrasil.com.br/eleicoes/a-tres-meses-da-eleicao-flavio-lidera-tracao-nas-redes-e-lula-seguidores/,"Ganho de 5,6 milhões (+36%) no semestre; soma das 5 redes; valor arredondado pela fonte"
2026-06-30,Lula,total_5_redes,38900000,,,,Bites via CNN Brasil (4/7/2026),https://www.cnnbrasil.com.br/eleicoes/a-tres-meses-da-eleicao-flavio-lidera-tracao-nas-redes-e-lula-seguidores/,"Soma de Instagram, TikTok, Facebook, X e YouTube ao fim de junho; ganho de 1,8 milhão (+5%) no semestre. Matéria não desagrega por plataforma; valor arredondado pela fonte"
2026-06-30,Renan Santos,total_5_redes,2800000,,,,Bites via CNN Brasil (4/7/2026),https://www.cnnbrasil.com.br/eleicoes/a-tres-meses-da-eleicao-flavio-lidera-tracao-nas-redes-e-lula-seguidores/,"Ganho de 2,3 milhões (+430,7%) no semestre; 'passou de 537 mil para 2,8 milhões' (O Hoje 4/7 https://ohoje.com/2026/07/04/lula-lidera-em-numero-de-seguidores-e-flavio-tem-maior-engajamento-nas-redes-aponta-levantamento/); valor arredondado pela fonte"
2026-06-30,Romeu Zema,total_5_redes,6200000,,,,Bites via CNN Brasil (4/7/2026),https://www.cnnbrasil.com.br/eleicoes/a-tres-meses-da-eleicao-flavio-lidera-tracao-nas-redes-e-lula-seguidores/,"Ganho de 2,4 milhões (+63,3%) no semestre; soma das 5 redes; valor arredondado pela fonte"
2026-06-30,Ronaldo Caiado,total_5_redes,4700000,,,,Bites via CNN Brasil (4/7/2026),https://www.cnnbrasil.com.br/eleicoes/a-tres-meses-da-eleicao-flavio-lidera-tracao-nas-redes-e-lula-seguidores/,"Ganho de 795 mil (+20,1%) no semestre; soma das 5 redes; valor arredondado pela fonte"
2026-07-01,Augusto Cury,total_4_redes,14000000,,,,Bites via Poder360 (12/7/2026),https://www.poder360.com.br/poder-eleicoes/flavio-ganha-3-vezes-mais-seguidores-que-lula-no-1o-semestre/,"Facebook, Instagram, TikTok e YouTube; período 1/1 a 1/7/2026; Cury monitorado a partir de março; valor arredondado pela fonte"
2026-07-06,Flávio Bolsonaro,instagram,10700000,,,,"Instituto Democracia em Xeque, Semanal DX (8/7/2026)",https://institutodx.org/semanaldx/08072026/,@flaviobolsonaro. Base extraída em 06/07 às 16h; valor arredondado pela fonte
2026-07-06,Lula,instagram,14700000,,,,"Instituto Democracia em Xeque, Semanal DX (8/7/2026)",https://institutodx.org/semanaldx/08072026/,@lulaoficial. Base extraída em 06/07 às 16h; valor arredondado pela fonte
2026-07-06,Renan Santos,instagram,1600000,,,,"Instituto Democracia em Xeque, Semanal DX (8/7/2026)",https://institutodx.org/semanaldx/08072026/,@renansantosmbl. Base extraída em 06/07 às 16h; valor arredondado pela fonte
2026-07-06,Ronaldo Caiado,instagram,2100000,,,,"Instituto Democracia em Xeque, Semanal DX (8/7/2026)",https://institutodx.org/semanaldx/08072026/,@ronaldocaiado. Base extraída em 06/07 às 16h; valor arredondado pela fonte
2026-07-13,Flávio Bolsonaro,instagram,10700000,,,,"Instituto Democracia em Xeque, Semanal DX (14/7/2026)",https://institutodx.org/semanaldx/relatorio15/,@flaviobolsonaro. Relatório #15; base extraída em 13/07 às 16h; valor arredondado pela fonte
2026-07-13,Lula,instagram,14700000,,,,"Instituto Democracia em Xeque, Semanal DX (14/7/2026)",https://institutodx.org/semanaldx/relatorio15/,@lulaoficial. Relatório #15; base extraída em 13/07 às 16h; valor arredondado pela fonte
2026-07-13,Renan Santos,instagram,1600000,,,,"Instituto Democracia em Xeque, Semanal DX (14/7/2026)",https://institutodx.org/semanaldx/relatorio15/,@renansantosmbl. Relatório #15; base extraída em 13/07 às 16h; valor arredondado pela fonte
2026-07-13,Ronaldo Caiado,instagram,2100000,,,,"Instituto Democracia em Xeque, Semanal DX (14/7/2026)",https://institutodx.org/semanaldx/relatorio15/,@ronaldocaiado. Relatório #15; base extraída em 13/07 às 16h; valor arredondado pela fonte
2026-07-20,Flávio Bolsonaro,instagram,10800000,,,,"Instituto Democracia em Xeque, Semanal DX (22/7/2026)",https://institutodx.org/semanaldx/relatorio-16/,@flaviobolsonaro. Relatório #16; base extraída em 20/07 às 18h; valor arredondado pela fonte
2026-07-20,Lula,instagram,14700000,,,,"Instituto Democracia em Xeque, Semanal DX (22/7/2026)",https://institutodx.org/semanaldx/relatorio-16/,@lulaoficial. Relatório #16; base extraída em 20/07 às 18h; valor arredondado pela fonte
2026-07-20,Renan Santos,instagram,1600000,,,,"Instituto Democracia em Xeque, Semanal DX (22/7/2026)",https://institutodx.org/semanaldx/relatorio-16/,@renansantosmbl. Relatório #16; base extraída em 20/07 às 18h; valor arredondado pela fonte
2026-07-20,Ronaldo Caiado,instagram,2100000,,,,"Instituto Democracia em Xeque, Semanal DX (22/7/2026)",https://institutodx.org/semanaldx/relatorio-16/,@ronaldocaiado. Relatório #16; base extraída em 20/07 às 18h; valor arredondado pela fonte
2026-07-27,Flávio Bolsonaro,instagram,10800000,,,,"Instituto Democracia em Xeque, Semanal DX (29/7/2026)",https://institutodx.org/semanaldx/relatorio17/,@flaviobolsonaro. Relatório #17; base extraída em 27/07 às 16h; valor arredondado pela fonte
2026-07-27,Lula,instagram,14700000,,,,"Instituto Democracia em Xeque, Semanal DX (29/7/2026)",https://institutodx.org/semanaldx/relatorio17/,@lulaoficial. Relatório #17; base extraída em 27/07 às 16h; valor arredondado pela fonte
2026-07-27,Renan Santos,instagram,1600000,,,,"Instituto Democracia em Xeque, Semanal DX (29/7/2026)",https://institutodx.org/semanaldx/relatorio17/,@renansantosmbl. Relatório #17; base extraída em 27/07 às 16h; valor arredondado pela fonte
2026-07-27,Ronaldo Caiado,instagram,2100000,,,,"Instituto Democracia em Xeque, Semanal DX (29/7/2026)",https://institutodx.org/semanaldx/relatorio17/,@ronaldocaiado. Relatório #17; base extraída em 27/07 às 16h; valor arredondado pela fonte
2026-08-03,Flávio Bolsonaro,instagram,11400000,,,,"Instituto Democracia em Xeque, Semanal DX (4/8/2026)",https://institutodx.org/semanaldx/relatorio18/,"@flaviobolsonaro. Relatório #18 (27/7 a 3/8). ATENÇÃO: a página informa base 'extraída em 27/07 às 16h' (mesma do #17, que traz valores menores) e os valores são idênticos aos do #21 (24/8); provável erro de edição no site. Data 3/8 é inferência; usar com cautela; valor arredondado pela fonte"
2026-08-03,Lula,instagram,15000000,,,,"Instituto Democracia em Xeque, Semanal DX (4/8/2026)",https://institutodx.org/semanaldx/relatorio18/,"@lulaoficial. Relatório #18 (27/7 a 3/8). ATENÇÃO: a página informa base 'extraída em 27/07 às 16h' (mesma do #17, que traz valores menores) e os valores são idênticos aos do #21 (24/8); provável erro de edição no site. Data 3/8 é inferência; usar com cautela; valor arredondado pela fonte"
2026-08-03,Renan Santos,instagram,2500000,,,,"Instituto Democracia em Xeque, Semanal DX (4/8/2026)",https://institutodx.org/semanaldx/relatorio18/,"@renansantosmbl. Relatório #18 (27/7 a 3/8). ATENÇÃO: a página informa base 'extraída em 27/07 às 16h' (mesma do #17, que traz valores menores) e os valores são idênticos aos do #21 (24/8); provável erro de edição no site. Data 3/8 é inferência; usar com cautela; valor arredondado pela fonte"
2026-08-03,Ronaldo Caiado,instagram,2300000,,,,"Instituto Democracia em Xeque, Semanal DX (4/8/2026)",https://institutodx.org/semanaldx/relatorio18/,"@ronaldocaiado. Relatório #18 (27/7 a 3/8). ATENÇÃO: a página informa base 'extraída em 27/07 às 16h' (mesma do #17, que traz valores menores) e os valores são idênticos aos do #21 (24/8); provável erro de edição no site. Data 3/8 é inferência; usar com cautela; valor arredondado pela fonte"
2026-08-10,Flávio Bolsonaro,instagram,11000000,,,,"Instituto Democracia em Xeque, Semanal DX (11/8/2026)",https://institutodx.org/semanaldx/relatorio19/,@flaviobolsonaro. Relatório #19; base extraída em 10/08 às 18h; valor arredondado pela fonte
2026-08-10,Lula,instagram,14800000,,,,"Instituto Democracia em Xeque, Semanal DX (11/8/2026)",https://institutodx.org/semanaldx/relatorio19/,@lulaoficial. Relatório #19; base extraída em 10/08 às 18h; valor arredondado pela fonte
2026-08-10,Renan Santos,instagram,2200000,,,,"Instituto Democracia em Xeque, Semanal DX (11/8/2026)",https://institutodx.org/semanaldx/relatorio19/,@renansantosmbl. Relatório #19; base extraída em 10/08 às 18h; valor arredondado pela fonte
2026-08-10,Ronaldo Caiado,instagram,2200000,,,,"Instituto Democracia em Xeque, Semanal DX (11/8/2026)",https://institutodx.org/semanaldx/relatorio19/,@ronaldocaiado. Relatório #19; base extraída em 10/08 às 18h; valor arredondado pela fonte
2026-08-11,Renan Santos,instagram,2300000,,,,Poder360 (16/8/2026),https://www.poder360.com.br/poder-eleicoes-2026/zema-e-renan-santos-preferem-mirar-criticas-a-adversarios-no-instagram/,Levantamento próprio do Poder360 sobre posts de 1/6 a 11/8; a matéria dá o número de seguidores sem data exata (aqui registrado no fim do período analisado; inferência); valor arredondado pela fonte
2026-08-11,Romeu Zema,instagram,3500000,,,,Poder360 (16/8/2026),https://www.poder360.com.br/poder-eleicoes-2026/zema-e-renan-santos-preferem-mirar-criticas-a-adversarios-no-instagram/,Data de referência inferida (fim do período 1/6 a 11/8); valor arredondado pela fonte
2026-08-11,Ronaldo Caiado,instagram,2250000,,,,AtivaWeb DataLab via Brasil 247 (11/8/2026),https://www.brasil247.com/midia/caiado-investe-r-621-mil-nas-redes-mas-tem-o-pior-engajamento-entre-presidenciaveis/,"Engajamento 0,4%; data de referência = data da matéria; valor arredondado pela fonte"
2026-08-11,Renan Santos,x,156600,,,,Poder360 (16/8/2026),https://www.poder360.com.br/poder-eleicoes-2026/zema-e-renan-santos-preferem-mirar-criticas-a-adversarios-no-instagram/,Data de referência inferida (fim do período 1/6 a 11/8); valor arredondado pela fonte
2026-08-16,Augusto Cury,instagram,8326495,,,,Vox Radar via CNN Brasil (31/8),https://www.cnnbrasil.com.br/eleicoes/vox-radar-cury-tem-aumento-de-seguidores-e-mencoes-apos-debate-e-sabatina/,ponto inicial da janela Vox Radar de 16 a 31/8
2026-08-17,Flávio Bolsonaro,instagram,11000000,,,,"Instituto Democracia em Xeque, Semanal DX (19/8/2026)",https://institutodx.org/semanaldx/relatorio20/,@flaviobolsonaro. Relatório #20; base extraída em 17/08 às 18h; valor arredondado pela fonte
2026-08-17,Lula,instagram,14800000,,,,"Instituto Democracia em Xeque, Semanal DX (19/8/2026)",https://institutodx.org/semanaldx/relatorio20/,@lulaoficial. Relatório #20; base extraída em 17/08 às 18h; valor arredondado pela fonte
2026-08-17,Renan Santos,instagram,2200000,,,,"Instituto Democracia em Xeque, Semanal DX (19/8/2026)",https://institutodx.org/semanaldx/relatorio20/,@renansantosmbl. Relatório #20; base extraída em 17/08 às 18h; valor arredondado pela fonte
2026-08-17,Ronaldo Caiado,instagram,2200000,,,,"Instituto Democracia em Xeque, Semanal DX (19/8/2026)",https://institutodx.org/semanaldx/relatorio20/,@ronaldocaiado. Relatório #20; base extraída em 17/08 às 18h; valor arredondado pela fonte
2026-08-20,Pablo Marçal,instagram,13700000,,,,Estado de Minas (20/8),https://www.em.com.br/nacional/2026/08/7483718-todos-os-candidatos-a-presidencia-em-2026-quem-sao-e-o-que-defendem.html,
2026-08-20,Augusto Cury,quaest_ipd,,,37.8,,"Quaest IPD via O Globo/Lauro Jardim, replicado por Fox Elite (1/9/2026) e Brasil em Folhas (1/9/2026)",https://www.foxelite.com.br/2026/09/ascensao-de-augusto-cury-na-corrida.html,"'passando de 37,8 para 54,5 pontos' em uma semana; 7º para 4º lugar. Data de referência do valor anterior NÃO informada pela fonte (registrada aqui como ~20/8, inferência: semana anterior ao salto pós-debate de 23/8)"
2026-08-22,Augusto Cury,google_trends,,,2.9,,Google Trends via Diário Tocantinense e Revista Oeste (27/8),,"média do período pré-debate, não valor de um dia"
2026-08-22,Augusto Cury,instagram,9300000,,,,InsTrack via Pleno.News (27/8/2026),https://pleno.news/brasil/eleicoes-2026/augusto-cury-ganha-quase-2-milhoes-seguidores-no-instagram.html,"Véspera do debate segundo o InsTrack; DIVERGE de CNN/Vox Radar e Social Blade (8,3 milhões em 23/8); valor arredondado pela fonte"
2026-08-23,Augusto Cury,ap_exata_share_mencoes,,,,,AP Exata via CartaCapital (31/8),https://www.cartacapital.com.br/politica/o-que-explica-a-ascensao-de-augusto-cury-nas-pesquisas-eleitorais/,"0,35% das menções aos presidenciáveis até o dia do debate"
2026-08-23,Augusto Cury,instagram,8339288,,,,Social Blade via Canal MyNews (28/8),https://canalmynews.com.br/eleicoes-2026/analise-o-que-esta-por-tras-do-crescimento-de-augusto-cury-nas-redes-sociais/,dia do debate
2026-08-23,Renan Santos,instagram,2100000,,,,CNN Brasil (27/8/2026),https://www.cnnbrasil.com.br/eleicoes/apos-debate-cury-e-candidato-com-maior-crescimento-de-seguidores-e-buscas/,"Valor pré-debate; para 2,49 milhões (+18,8%) até 27/8; valor arredondado pela fonte"
2026-08-23,Ronaldo Caiado,instagram,2180000,,,,CNN Brasil (27/8/2026),https://www.cnnbrasil.com.br/eleicoes/apos-debate-cury-e-candidato-com-maior-crescimento-de-seguidores-e-buscas/,"Valor pré-debate; para 2,28 milhões (+4,5%) até 27/8; valor arredondado pela fonte"
2026-08-23,Augusto Cury,mencoes_web,,,,13869,Vox Radar via CNN Brasil (27/8),,
2026-08-24,Augusto Cury,google_trends,,,49,,Google Trends via Diário Tocantinense e Revista Oeste (27/8),,
2026-08-24,Augusto Cury,instagram,8401746,62458,,,Social Blade via Canal MyNews (28/8),https://canalmynews.com.br/eleicoes-2026/analise-o-que-esta-por-tras-do-crescimento-de-augusto-cury-nas-redes-sociais/,total derivado do ganho diário informado (8.339.288 + 62.458)
2026-08-24,Flávio Bolsonaro,instagram,11400000,,,,"Instituto Democracia em Xeque, Semanal DX (25/8/2026)",https://institutodx.org/semanaldx/relatorio21/,@flaviobolsonaro. Relatório #21; base extraída em 24/08 às 18h (dia seguinte ao debate da Band); valor arredondado pela fonte
2026-08-24,Lula,instagram,15000000,,,,"Instituto Democracia em Xeque, Semanal DX (25/8/2026)",https://institutodx.org/semanaldx/relatorio21/,@lulaoficial. Relatório #21; base extraída em 24/08 às 18h (dia seguinte ao debate da Band); valor arredondado pela fonte
2026-08-24,Renan Santos,instagram,2500000,,,,"Instituto Democracia em Xeque, Semanal DX (25/8/2026)",https://institutodx.org/semanaldx/relatorio21/,@renansantosmbl. Relatório #21; base extraída em 24/08 às 18h (dia seguinte ao debate da Band); valor arredondado pela fonte
2026-08-24,Ronaldo Caiado,instagram,2300000,,,,"Instituto Democracia em Xeque, Semanal DX (25/8/2026)",https://institutodx.org/semanaldx/relatorio21/,@ronaldocaiado. Relatório #21; base extraída em 24/08 às 18h (dia seguinte ao debate da Band); valor arredondado pela fonte
2026-08-24,Augusto Cury,quaest_ipd,,,37.8,,"Quaest, Índice de Popularidade Digital, via Brasil em Folhas (1/9)",https://www.brasilemfolhas.com.br/2026/09/campanha-de-flavio-bolsonaro-monitora-crescimento-de-augusto-cury/,"escala 0 a 100; data aproximada (uma semana antes de 54,5); publicação original da Quaest não localizada"
2026-08-25,Augusto Cury,instagram,8531425,129679,,,Social Blade via Canal MyNews (28/8),https://canalmynews.com.br/eleicoes-2026/analise-o-que-esta-por-tras-do-crescimento-de-augusto-cury-nas-redes-sociais/,total derivado do ganho diário informado
2026-08-26,Augusto Cury,google_trends,,,100,,Google Trends via Diário Tocantinense e Revista Oeste (27/8),,pico na noite de 26/8; +900% na semana; passou a ser mais buscado que Lula e Flávio Bolsonaro
2026-08-26,Augusto Cury,instagram,9217972,686547,,,Social Blade via Canal MyNews (28/8),https://canalmynews.com.br/eleicoes-2026/analise-o-que-esta-por-tras-do-crescimento-de-augusto-cury-nas-redes-sociais/,
2026-08-26,Augusto Cury,mencoes_web,,,,20193,Vox Radar via CNN Brasil (27/8),,
2026-08-27,Augusto Cury,ap_exata_share_mencoes,,,,,AP Exata via CartaCapital (31/8),https://www.cartacapital.com.br/politica/o-que-explica-a-ascensao-de-augusto-cury-nas-pesquisas-eleitorais/,"13,5% das menções aos presidenciáveis na quinta seguinte ao debate"
2026-08-27,Augusto Cury,google_buscas_termo,,,,10000,Google Trends via Diário Tocantinense e Revista Oeste (27/8),,"termo 'Augusto Cury é de esquerda ou direita'; mais de 10 mil buscas, crescimento próximo de 900%; piso, valor exato não divulgado"
2026-08-27,Augusto Cury,instagram,10427863,1209891,,,Social Blade via Canal MyNews (28/8),https://canalmynews.com.br/eleicoes-2026/analise-o-que-esta-por-tras-do-crescimento-de-augusto-cury-nas-redes-sociais/,"maior ganho diário da série; ranking Social Blade via Estado de Minas do mesmo dia registrou 10,1 milhões (snapshot anterior); Vox Radar registrou 9,9 milhões pós-debate"
2026-08-27,Flávio Bolsonaro,instagram,11300000,,,,Social Blade via Estado de Minas (27/8); mesmo valor em Pleno.News/InsTrack (27/8),https://pleno.news/brasil/eleicoes-2026/augusto-cury-ganha-quase-2-milhoes-seguidores-no-instagram.html,"variação Vox Radar, janela de 23/7 ao pós-debate (CNN 27/8) de +0,5% (Vox Radar)"
2026-08-27,Lula,instagram,14900000,,,,Social Blade via Estado de Minas (27/8); mesmo valor em Pleno.News/InsTrack (27/8),https://pleno.news/brasil/eleicoes-2026/augusto-cury-ganha-quase-2-milhoes-seguidores-no-instagram.html,"variação Vox Radar, janela de 23/7 ao pós-debate (CNN 27/8) de -0,04% (Vox Radar); perda de 6.590 seguidores; Metrópoles (28/8) arredonda para 14 milhões"
2026-08-27,Pablo Marçal,instagram,13900000,,,,Social Blade via Estado de Minas (27/8); mesmo valor em Pleno.News/InsTrack (27/8),https://pleno.news/brasil/eleicoes-2026/augusto-cury-ganha-quase-2-milhoes-seguidores-no-instagram.html,
2026-08-27,Renan Santos,instagram,2400000,,,,Social Blade via Estado de Minas (27/8); mesmo valor em Pleno.News/InsTrack (27/8),https://pleno.news/brasil/eleicoes-2026/augusto-cury-ganha-quase-2-milhoes-seguidores-no-instagram.html,"variação Vox Radar, janela de 23/7 ao pós-debate (CNN 27/8) de +18,8% (Vox Radar)"
2026-08-27,Romeu Zema,instagram,3500000,,,,Social Blade via Estado de Minas (27/8); mesmo valor em Pleno.News/InsTrack (27/8),https://pleno.news/brasil/eleicoes-2026/augusto-cury-ganha-quase-2-milhoes-seguidores-no-instagram.html,"variação Vox Radar, janela de 23/7 ao pós-debate (CNN 27/8) de +0,3% (Vox Radar)"
2026-08-27,Ronaldo Caiado,instagram,2200000,,,,Social Blade via Estado de Minas (27/8); mesmo valor em Pleno.News/InsTrack (27/8),https://pleno.news/brasil/eleicoes-2026/augusto-cury-ganha-quase-2-milhoes-seguidores-no-instagram.html,"variação Vox Radar, janela de 23/7 ao pós-debate (CNN 27/8): +4,5% (2,18M para 2,28M); Vox Radar via CNN (27/8) registra 2,28 milhões"
2026-08-27,Augusto Cury,instagram_comentarios_total,,,,854000,campanha Augusto Cury via Gazeta do Povo e CNN Brasil (28/8),,total de comentários de 24 a 27/8 informado pela campanha; campanha nega influenciadores pagos e inflação artificial e afirma 96% dos seguidores no Brasil
2026-08-27,Augusto Cury,instagram_comentarios_voto,,,,526000,Vox Radar via CNN Brasil (27/8),,"declarações espontâneas de voto em comentários, acumulado de 22 a 27/8"
2026-08-27,Augusto Cury,quaest_ipd,,,54.5,,"Quaest IPD via O Globo/Lauro Jardim, replicado por Fox Elite (1/9/2026), Brasil em Folhas (1/9) e La Nación (1/9)",https://www.brasilemfolhas.com.br/2026/09/augusto-cury-ganha-2-5-milhoes-de-seguidores-em-uma-semana/,"4º lugar, atrás de Flávio, Lula e Renan (sem valores destes). Terra 31/8 e Infosaj 1/9 dizem que a série vai de 10/8 até 'a última quarta-feira' (26/8); data 27/8 é inferência"
2026-08-28,Augusto Cury,instagram,10719324,291461,,,Social Blade via Canal MyNews (28/8),https://canalmynews.com.br/eleicoes-2026/analise-o-que-esta-por-tras-do-crescimento-de-augusto-cury-nas-redes-sociais/,
2026-08-28,Renan Santos,instagram,2500000,,,,"Metrópoles, coluna Andreza Matais (28/8)",https://www.metropoles.com/colunas/andreza-matais/cury-ganha-21-milhoes-no-instagram-em-tres-dias-adversarios-suspeitam,valor arredondado pela fonte
2026-08-29,Augusto Cury,instagram_ganho_periodo,,2500000,,,Democracia em Xeque via Jornal de Brasília (1/9),https://jornaldebrasilia.com.br/noticias/politica-e-poder/cury-inunda-redes-sociais-com-influenciadores-dispara-em-pesquisa-e-levanta-suspeita-entre-adversarios/,"ganho de 16 a 29/8; mesma fonte: Flávio +280 mil, Renan +158 mil, Lula +100 mil"
2026-08-29,Flávio Bolsonaro,instagram_ganho_periodo,,280000,,,Democracia em Xeque via Jornal de Brasília (1/9),https://jornaldebrasilia.com.br/noticias/politica-e-poder/cury-inunda-redes-sociais-com-influenciadores-dispara-em-pesquisa-e-levanta-suspeita-entre-adversarios/,ganho de 16 a 29/8
2026-08-29,Lula,instagram_ganho_periodo,,100000,,,Democracia em Xeque via Jornal de Brasília (1/9),https://jornaldebrasilia.com.br/noticias/politica-e-poder/cury-inunda-redes-sociais-com-influenciadores-dispara-em-pesquisa-e-levanta-suspeita-entre-adversarios/,ganho de 16 a 29/8
2026-08-29,Renan Santos,instagram_ganho_periodo,,158000,,,Democracia em Xeque via Jornal de Brasília (1/9),https://jornaldebrasilia.com.br/noticias/politica-e-poder/cury-inunda-redes-sociais-com-influenciadores-dispara-em-pesquisa-e-levanta-suspeita-entre-adversarios/,ganho de 16 a 29/8
2026-08-30,Augusto Cury,instagram_ganho_periodo,,-19000,,,Social Blade via Estado de Minas (31/8),https://www.em.com.br/politica/2026/08/7491180-augusto-cury-perde-seguidores-apos-entrevista-na-globo.html,"perda diária após a sabatina da Globo (29/8); fonte distinta da usada na série de seguidores desses dias, não somar"
2026-08-31,Augusto Cury,instagram,10770423,,,,Vox Radar via CNN Brasil (31/8),https://www.cnnbrasil.com.br/eleicoes/vox-radar-cury-tem-aumento-de-seguidores-e-mencoes-apos-debate-e-sabatina/,"ganho de cerca de 51 mil em três dias desde 28/8, desaceleração forte; Bites via Terra (31/8) estimou +2,6 milhões na semana (+18%); campanha via O Antagonista (31/8) calcula 2,5 milhões desde 15/8; Estado de Minas (31/8) registra perda de cerca de 40 mil seguidores após a sabatina da Globo de 29/8: https://www.em.com.br/politica/2026/08/7491180-augusto-cury-perde-seguidores-apos-entrevista-na-globo.html"
2026-08-31,Flávio Bolsonaro,instagram,11400000,,,,La Nación (1/9/2026),https://www.lanacion.com.ar/el-mundo/augusto-cury-el-fenomeno-de-las-redes-que-amenaza-con-romper-la-polarizacion-en-brasil-nid01092026/,Sem data explícita da contagem na matéria; data 31/8 é inferência; valor arredondado pela fonte
2026-08-31,Lula,instagram,14900000,,,,La Nación (1/9/2026),https://www.lanacion.com.ar/el-mundo/augusto-cury-el-fenomeno-de-las-redes-que-amenaza-con-romper-la-polarizacion-en-brasil-nid01092026/,Sem data explícita da contagem na matéria; data 31/8 é inferência; valor arredondado pela fonte
2026-08-31,Renan Santos,instagram,2400000,,,,ICL Notícias citando decisão do TSE (31/8),https://iclnoticias.com.br/toffoli-suspende-redes-campanha-renan-santos/,valor arredondado; perfil citado na decisão de Toffoli; conta retirada do ar no Brasil em 1/9
2026-08-31,Augusto Cury,instagram_comentarios_total,,,,1420000,Vox Radar via CNN Brasil (31/8),https://www.cnnbrasil.com.br/eleicoes/vox-radar-cury-tem-aumento-de-seguidores-e-mencoes-apos-debate-e-sabatina/,comentários analisados na janela de 16 a 31/8
2026-08-31,Augusto Cury,instagram_comentarios_voto,,,,168000,Vox Radar via CNN Brasil (31/8),https://www.cnnbrasil.com.br/eleicoes/vox-radar-cury-tem-aumento-de-seguidores-e-mencoes-apos-debate-e-sabatina/,"comentários declarando voto na janela de 16 a 31/8; diverge dos 526 mil citados em 27/8 (janela e critério diferentes, reconciliar)"
2026-08-31,Augusto Cury,instagram_ganho_periodo,,-21000,,,Social Blade via Estado de Minas (31/8),https://www.em.com.br/politica/2026/08/7491180-augusto-cury-perde-seguidores-apos-entrevista-na-globo.html,"perda diária; matéria fechada às 20h14 de 31/8, portanto o dia pode estar incompleto; mais de 40 mil perdidos no acumulado desde 29/8"
2026-08-31,Augusto Cury,quaest_ipd,,,54.5,,"Quaest, Índice de Popularidade Digital, via Brasil em Folhas (1/9)",https://www.brasilemfolhas.com.br/2026/09/campanha-de-flavio-bolsonaro-monitora-crescimento-de-augusto-cury/,escala 0 a 100; publicação original da Quaest não localizada
2026-09-01,Augusto Cury,instagram,10758467,,,,"coleta própria, perfil público do Instagram via navegador (1/9/2026, 20h20 de Brasília)",https://www.instagram.com/augustocury/,"queda de ~12 mil em relação aos 10.770.423 do Vox Radar em 31/8; consistente com a perda pós-sabatina reportada pelo Estado de Minas; snapshot das 20h20 substitui o das ~19h no mesmo dia (uma linha por candidato, plataforma e dia); valor das ~19h: 10758649, variação intradiária -182"
2026-09-01,Flávio Bolsonaro,instagram,11459449,,,,"coleta própria, perfil público do Instagram via navegador (1/9/2026, 20h20 de Brasília)",https://www.instagram.com/flaviobolsonaro/,"snapshot das 20h20 substitui o das ~19h no mesmo dia (uma linha por candidato, plataforma e dia); valor das ~19h: 11458999, variação intradiária +450"
2026-09-01,Lula,instagram,14995404,,,,"coleta própria, perfil público do Instagram via navegador (1/9/2026, 20h20 de Brasília)",https://www.instagram.com/lulaoficial/,"snapshot das 20h20 substitui o das ~19h no mesmo dia (uma linha por candidato, plataforma e dia); valor das ~19h: 14995172, variação intradiária +232"
2026-09-01,Pablo Marçal,instagram,13936697,,,,"coleta própria, perfil público do Instagram via navegador (1/9/2026, 20h20 de Brasília)",https://www.instagram.com/pablomarcal1/,"snapshot das 20h20 substitui o das ~19h no mesmo dia (uma linha por candidato, plataforma e dia); valor das ~19h: 13936662, variação intradiária +35"
2026-09-01,Renan Santos,instagram,2518035,,,,"coleta própria, perfil público do Instagram via navegador (1/9/2026, 20h20 de Brasília)",https://www.instagram.com/renansantosmbl/,"perfil acessível deste Mac em 1/9 à noite, com bio de campanha ativa ('censurado por Dias Toffoli'); a retirada do ar reportada pela Gazeta do Povo não se verificou neste acesso; snapshot das 20h20 substitui o das ~19h no mesmo dia (uma linha por candidato, plataforma e dia); valor das ~19h: 2516503, variação intradiária +1532"
2026-09-01,Romeu Zema,instagram,3567679,,,,"coleta própria, perfil público do Instagram via navegador (1/9/2026, 20h20 de Brasília)",https://www.instagram.com/romeuzemaoficial/,"snapshot das 20h20 substitui o das ~19h no mesmo dia (uma linha por candidato, plataforma e dia); valor das ~19h: 3567686, variação intradiária -7"
2026-09-01,Ronaldo Caiado,instagram,2282224,,,,"coleta própria, perfil público do Instagram via navegador (1/9/2026, 20h20 de Brasília)",https://www.instagram.com/ronaldocaiado/,"snapshot das 20h20 substitui o das ~19h no mesmo dia (uma linha por candidato, plataforma e dia); valor das ~19h: 2282165, variação intradiária +59"
2026-09-01,Samara Martins,instagram,135139,,,,"coleta própria, perfil público do Instagram via navegador (1/9/2026, 20h20 de Brasília)",https://www.instagram.com/samaramartinsup/,"primeiro número absoluto localizado para o perfil; snapshot das 20h20 substitui o das ~19h no mesmo dia (uma linha por candidato, plataforma e dia); valor das ~19h: 135118, variação intradiária +21"
2026-09-01,Renan Santos,tiktok,1100000,,,,Gazeta do Povo (1/9),https://www.gazetadopovo.com.br/eleicoes/2026/youtube-e-instagram-tiram-contas-de-renan-santos-do-ar-no-brasil/,"valor aproximado, antes da retirada do ar por ordem do TSE"
2026-09-01,Augusto Cury,tiktok_topico,,,,75000000,Agência Lupa (1/9),https://www.agencialupa.org/eleicoes/2026/09/01/tiktok-estimula-criadores-a-produzir-videos-sobre-augusto-cury/,"visualizações de conteúdos sobre o crescimento de buscas por Cury, tópico recomendado pelo TikTok a criadores entre 31/8 e 1/9; não é métrica do perfil do candidato"
