data,uf,slug,handle,seguidores,aproximado,nome_perfil,status,fonte
2026-09-02,AC,ac-gov-alan-rick,alanrickm,82775,0,Alan Rick 🔟,ok,"coleta própria, perfil público do Instagram via navegador, 2026-09-02 (contagem exata do endpoint de perfil)"
2026-09-02,AC,ac-gov-mailza-assis,mailza.acre,65627,0,Mailza,ok,"coleta própria, perfil público do Instagram via navegador, 2026-09-02 (contagem exata do endpoint de perfil)"
2026-09-02,AC,ac-gov-eudo-raffael,eudoraffael,1303,0,Eudo Raffael,ok,"coleta própria, perfil público do Instagram via navegador, 2026-09-02 (contagem exata do endpoint de perfil)"
2026-09-02,AC,ac-gov-thor-dantas,drthordantas,13401,0,Dr Thor Dantas,ok,"coleta própria, perfil público do Instagram via navegador, 2026-09-02 (contagem exata do endpoint de perfil)"
2026-09-02,AL,al-gov-lenilda-luna,lenildaluna,18278,0,Lenilda Luna 🆙️,ok,"coleta própria, perfil público do Instagram via navegador, 2026-09-02 (contagem exata do endpoint de perfil)"
2026-09-02,AL,al-gov-renan-filho,renanfilho,738892,0,Renan Filho,ok,"coleta própria, perfil público do Instagram via navegador, 2026-09-02 (contagem exata do endpoint de perfil)"
2026-09-02,AM,am-gov-omar-aziz,omaraziz.am,154877,0,Omar Aziz,ok,"coleta própria, perfil público do Instagram via navegador, 2026-09-02 (contagem exata do endpoint de perfil)"
2026-09-02,AM,am-gov-gilberto-vasconcelos,gilberto_pstu,615,0,Gilberto Vasconcelos,ok,"coleta própria, perfil público do Instagram via navegador, 2026-09-02 (contagem exata do endpoint de perfil)"
2026-09-02,AM,am-gov-david-almeida,shadiafraxe,22700,0,Dra. Shádia Fraxe,ok,"coleta própria, perfil público do Instagram via navegador, 2026-09-02 (contagem exata do endpoint de perfil)"
2026-09-02,AM,am-gov-professora-maria-do-carmo,professoramaria.22,181579,0,Professora Maria do Carmo,ok,"coleta própria, perfil público do Instagram via navegador, 2026-09-02 (contagem exata do endpoint de perfil)"
2026-09-02,AM,am-gov-roberto-cidade,mulherescomcidade,1447,0,,ok,"coleta própria, perfil público do Instagram via navegador, 2026-09-02 (contagem exata do endpoint de perfil)"
2026-09-02,AM,am-gov-isael-munduruku,isael.munduruku,1698,0,Isael Munduruku 1️⃣8️⃣,ok,"coleta própria, perfil público do Instagram via navegador, 2026-09-02 (contagem exata do endpoint de perfil)"
2026-09-02,AM,am-gov-cabo-daciolo,cabodaciolo33,6837,0,Cabo Daciolo Governador - 3️⃣3️⃣,ok,"coleta própria, perfil público do Instagram via navegador, 2026-09-02 (contagem exata do endpoint de perfil)"
2026-09-02,AP,ap-gov-delegado-marcos,marcosreateguidesouza,5650,0,Delegado Marcos 27,ok,"coleta própria, perfil público do Instagram via navegador, 2026-09-02 (contagem exata do endpoint de perfil)"
2026-09-02,BA,ba-gov-ronaldo-mansur,ronaldomansur.psol,4377,0,Ronaldo Mansur,ok,"coleta própria, perfil público do Instagram via navegador, 2026-09-02 (contagem exata do endpoint de perfil)"
2026-09-02,BA,ba-gov-acm-neto,acmneto,1439500,0,ACM Neto,ok,"coleta própria, perfil público do Instagram via navegador, 2026-09-02 (contagem exata do endpoint de perfil)"
2026-09-02,BA,ba-gov-jeronimo-rodrigues,jeronimorodriguesba,984076,0,Jerônimo Rodrigues,ok,"coleta própria, perfil público do Instagram via navegador, 2026-09-02 (contagem exata do endpoint de perfil)"
2026-09-02,CE,ce-gov-ciro-gomes,cirogomes,1874175,0,Ciro Gomes,ok,"coleta própria, perfil público do Instagram via navegador, 2026-09-02 (contagem exata do endpoint de perfil)"
2026-09-02,CE,ce-gov-serley-leal,unidadepopularce,9933,0,UP Ceará,ok,"coleta própria, perfil público do Instagram via navegador, 2026-09-02 (contagem exata do endpoint de perfil)"
2026-09-02,CE,ce-gov-pedro-brito,pedropinheirobrito_,2302,0,Pedro Pinheiro Brito,ok,"coleta própria, perfil público do Instagram via navegador, 2026-09-02 (contagem exata do endpoint de perfil)"
2026-09-02,CE,ce-gov-delegado-huggo,delegadohuggoce,68992,0,Delegado Huggo Leonardo,ok,"coleta própria, perfil público do Instagram via navegador, 2026-09-02 (contagem exata do endpoint de perfil)"
2026-09-02,CE,ce-gov-elmano-de-freitas,elmanofreitas,524587,0,Elmano Freitas | Governador do Ceará,ok,"coleta própria, perfil público do Instagram via navegador, 2026-09-02 (contagem exata do endpoint de perfil)"
2026-09-02,CE,ce-gov-ze-batista,zebatista_oficial,5372,0,ZE BATISTA,ok,"coleta própria, perfil público do Instagram via navegador, 2026-09-02 (contagem exata do endpoint de perfil)"
2026-09-02,CE,ce-gov-vera-lucia,verinhanovo,2692,0,Vera Lúcia | Candidata a Governadora,ok,"coleta própria, perfil público do Instagram via navegador, 2026-09-02 (contagem exata do endpoint de perfil)"
2026-09-02,DF,df-gov-professor-robson,prof_robson_pstu,442,0,Prof. Robson - Candidato a Governador - DF,ok,"coleta própria, perfil público do Instagram via navegador, 2026-09-02 (contagem exata do endpoint de perfil)"
2026-09-02,DF,df-gov-professora-samara-mineiro,samaramineiro,1648,0,Samara Mineiro,ok,"coleta própria, perfil público do Instagram via navegador, 2026-09-02 (contagem exata do endpoint de perfil)"
2026-09-02,DF,df-gov-elisson,souelisson36,8378,0,𝗘𝗟𝗜𝗦𝗦𝗢𝗡 36 | GOVERNADOR,ok,"coleta própria, perfil público do Instagram via navegador, 2026-09-02 (contagem exata do endpoint de perfil)"
2026-09-02,DF,df-gov-cappelli,cappelli.ricardo,251007,0,Ricardo Cappelli,ok,"coleta própria, perfil público do Instagram via navegador, 2026-09-02 (contagem exata do endpoint de perfil)"
2026-09-02,DF,df-gov-leandro-grass,leandrograss,123408,0,Leandro Grass,ok,"coleta própria, perfil público do Instagram via navegador, 2026-09-02 (contagem exata do endpoint de perfil)"
2026-09-02,DF,df-gov-paula-belmonte,paulabelmonteoficial,478408,0,Paula Belmonte,ok,"coleta própria, perfil público do Instagram via navegador, 2026-09-02 (contagem exata do endpoint de perfil)"
2026-09-02,DF,df-gov-celina-leao,celinaleao,326608,0,🇧🇷Celina Leão,ok,"coleta própria, perfil público do Instagram via navegador, 2026-09-02 (contagem exata do endpoint de perfil)"
2026-09-02,ES,es-gov-breno-barcelos,brenobarcelos14,5116,0,Breno Barcelos,ok,"coleta própria, perfil público do Instagram via navegador, 2026-09-02 (contagem exata do endpoint de perfil)"
2026-09-02,ES,es-gov-rafael-demuner,rafael.demuner_up,483,0,Rafael Demuner,ok,"coleta própria, perfil público do Instagram via navegador, 2026-09-02 (contagem exata do endpoint de perfil)"
2026-09-02,ES,es-gov-helder-salomao,heldersalomao,58526,0,Helder Salomão,ok,"coleta própria, perfil público do Instagram via navegador, 2026-09-02 (contagem exata do endpoint de perfil)"
2026-09-02,ES,es-gov-lorenzo-pazolini,lorenzopazolini,158948,0,Lorenzo Pazolini,ok,"coleta própria, perfil público do Instagram via navegador, 2026-09-02 (contagem exata do endpoint de perfil)"
2026-09-02,GO,go-gov-luciana-amorim,luciana.up,698,0,Luciana Amorim,ok,"coleta própria, perfil público do Instagram via navegador, 2026-09-02 (contagem exata do endpoint de perfil)"
2026-09-02,MA,ma-gov-orleans-brandao,orleansbrandaoma,311521,0,Orleans Brandão,ok,"coleta própria, perfil público do Instagram via navegador, 2026-09-02 (contagem exata do endpoint de perfil)"
2026-09-02,MA,ma-gov-reginaldo-lima,reginaldobrauno,466,0,Reginaldo Lima,ok,"coleta própria, perfil público do Instagram via navegador, 2026-09-02 (contagem exata do endpoint de perfil)"
2026-09-02,MA,ma-gov-andre-luis,andreluismbl,28626,0,André Luís | Vote 1️⃣4️⃣,ok,"coleta própria, perfil público do Instagram via navegador, 2026-09-02 (contagem exata do endpoint de perfil)"
2026-09-02,MA,ma-gov-eduardo-braide,eduardobraide,918000,1,,aproximado (meta da página),"coleta própria, perfil público do Instagram via navegador, 2026-09-02 (número arredondado da meta da página do perfil)"
2026-09-02,MA,ma-gov-roberto-rocha,robertorocha_ma,106168,0,Roberto Rocha,ok,"coleta própria, perfil público do Instagram via navegador, 2026-09-02 (contagem exata do endpoint de perfil)"
2026-09-02,MG,mg-gov-alexandre-kalil,alexandrekaliloficial,244000,1,,aproximado (meta da página),"coleta própria, perfil público do Instagram via navegador, 2026-09-02 (número arredondado da meta da página do perfil)"
2026-09-02,MG,mg-gov-mateus-simoes,mateus.simoesmg,235400,0,Mateus Simões | Governador de Minas Gerais,ok,"coleta própria, perfil público do Instagram via navegador, 2026-09-02 (contagem exata do endpoint de perfil)"
2026-09-02,MG,mg-gov-professor-tulio-lopes,tuliolopesmg,7,0,,aproximado (meta da página),"coleta própria, perfil público do Instagram via navegador, 2026-09-02 (número inteiro da meta da página do perfil)"
2026-09-02,MG,mg-gov-indira-xavier,indiraxavier.up,8341,0,Indira 80,ok,"coleta própria, perfil público do Instagram via navegador, 2026-09-02 (contagem exata do endpoint de perfil)"
2026-09-02,MG,mg-gov-gabriel,gabrielazevedo,235429,0,Gabriel Azevedo,ok,"coleta própria, perfil público do Instagram via navegador, 2026-09-02 (contagem exata do endpoint de perfil)"
2026-09-02,MG,mg-gov-patrus-ananias,patrus_ananias,71363,0,Patrus Ananias,ok,"coleta própria, perfil público do Instagram via navegador, 2026-09-02 (contagem exata do endpoint de perfil)"
2026-09-02,MG,mg-gov-flavio-roscoe,roscoe.flavio,42863,0,Flávio Roscoe 22,ok,"coleta própria, perfil público do Instagram via navegador, 2026-09-02 (contagem exata do endpoint de perfil)"
2026-09-02,MG,mg-gov-cleitinho-azevedo,cleitinhoazevedo,4513158,0,Cleitinho Azevedo,ok,"coleta própria, perfil público do Instagram via navegador, 2026-09-02 (contagem exata do endpoint de perfil)"
2026-09-02,MS,ms-gov-eduardo-riedel,eduardoriedel,108666,0,Eduardo Riedel,ok,"coleta própria, perfil público do Instagram via navegador, 2026-09-02 (contagem exata do endpoint de perfil)"
2026-09-02,MS,ms-gov-fabio-trad,fabiotrad,182080,0,Fábio Trad,ok,"coleta própria, perfil público do Instagram via navegador, 2026-09-02 (contagem exata do endpoint de perfil)"
2026-09-02,AL,al-gov-jhc,jhcdopovo,861000,1,,aproximado (meta),"coleta própria, perfil público do Instagram via navegador, 2026-09-02 (número arredondado da meta da página do perfil)"
2026-09-02,AP,ap-gov-dr-furlan,dr.furlan,338000,1,,aproximado (meta),"coleta própria, perfil público do Instagram via navegador, 2026-09-02 (número arredondado da meta da página do perfil)"
2026-09-02,AP,ap-gov-clecio,clecioluis_,227000,1,,aproximado (meta),"coleta própria, perfil público do Instagram via navegador, 2026-09-02 (número arredondado da meta da página do perfil)"
2026-09-02,BA,ba-gov-aroldo-felix,prof.aroldofelix_up,5,0,,aproximado (meta),"coleta própria, perfil público do Instagram via navegador, 2026-09-02 (número inteiro da meta da página do perfil)"
2026-09-02,CE,ce-gov-danilo-soares,danilosoares.35,2,0,,aproximado (meta),"coleta própria, perfil público do Instagram via navegador, 2026-09-02 (número inteiro da meta da página do perfil)"
2026-09-02,DF,df-gov-kiko-caputo,kiko_caputo,18000,1,,aproximado (meta),"coleta própria, perfil público do Instagram via navegador, 2026-09-02 (número arredondado da meta da página do perfil)"
2026-09-02,DF,df-gov-arruda,arruda.df,78000,1,,aproximado (meta),"coleta própria, perfil público do Instagram via navegador, 2026-09-02 (número arredondado da meta da página do perfil)"
2026-09-02,ES,es-gov-ricardo-ferraco,ricardoferraco,100000,1,,aproximado (meta),"coleta própria, perfil público do Instagram via navegador, 2026-09-02 (número arredondado da meta da página do perfil)"
2026-09-02,GO,go-gov-daniel-vilela,danielvilela15,264000,1,,aproximado (meta),"coleta própria, perfil público do Instagram via navegador, 2026-09-02 (número arredondado da meta da página do perfil)"
2026-09-02,GO,go-gov-marconi-perillo,marconiperillo,181000,1,,aproximado (meta),"coleta própria, perfil público do Instagram via navegador, 2026-09-02 (número arredondado da meta da página do perfil)"
2026-09-02,GO,go-gov-wilder-morais,wildermorais,185000,1,,aproximado (meta),"coleta própria, perfil público do Instagram via navegador, 2026-09-02 (número arredondado da meta da página do perfil)"
2026-09-02,MA,ma-gov-saulo-arcangeli,sauloarcangeli,5,0,,aproximado (meta),"coleta própria, perfil público do Instagram via navegador, 2026-09-02 (número inteiro da meta da página do perfil)"
2026-09-02,MS,ms-gov-economista-renato-gomes,economistarenato,13532,0,ECONOMISTA RENATO GOMES,ok,"coleta própria, perfil público do Instagram via navegador, 2026-09-02 (contagem exata do endpoint de perfil)"
2026-09-02,MS,ms-gov-jeferson-bezerra,bezerrajefersonjose,629,0,Jeferson bezerra,ok,"coleta própria, perfil público do Instagram via navegador, 2026-09-02 (contagem exata do endpoint de perfil)"
2026-09-02,MS,ms-gov-delcidio-amaral,delcidioms,5,0,,aproximado (meta),"coleta própria, perfil público do Instagram via navegador, 2026-09-02 (número inteiro da meta da página do perfil)"
2026-09-02,MS,ms-gov-joao-henrique-catan,joaohenriquecatan,77000,1,,aproximado (meta),"coleta própria, perfil público do Instagram via navegador, 2026-09-02 (número arredondado da meta da página do perfil)"
2026-09-02,MT,mt-gov-rafaell-milas,rafaellmilas,34680,0,Rafaell Milas,ok,"coleta própria, perfil público do Instagram via navegador, 2026-09-02 (contagem exata do endpoint de perfil)"
2026-09-02,MT,mt-gov-doutora-natasha,dranatashamt,34500,0,Drª Natasha Slhessarenko,ok,"coleta própria, perfil público do Instagram via navegador, 2026-09-02 (contagem exata do endpoint de perfil)"
2026-09-02,MT,mt-gov-otaviano-pivetta,otavianopivetta,89000,1,,aproximado (meta),"coleta própria, perfil público do Instagram via navegador, 2026-09-02 (número arredondado da meta da página do perfil)"
2026-09-02,MT,mt-gov-wellington-fagundes,wellingtonfagundesmt,103701,0,Wellington Fagundes,ok,"coleta própria, perfil público do Instagram via navegador, 2026-09-02 (contagem exata do endpoint de perfil)"
2026-09-02,MT,mt-gov-mauricio-coelho,soumauriciocoelho,6364,0,Maurício Coelho,ok,"coleta própria, perfil público do Instagram via navegador, 2026-09-02 (contagem exata do endpoint de perfil)"
2026-09-02,MT,mt-gov-sargento-laudicerio,sargentolau,23785,0,Sargento Laudicerio,ok,"coleta própria, perfil público do Instagram via navegador, 2026-09-02 (contagem exata do endpoint de perfil)"
2026-09-02,PA,pa-gov-araceli,aracelilemos,19178,0,Araceli Lemos,ok,"coleta própria, perfil público do Instagram via navegador, 2026-09-02 (contagem exata do endpoint de perfil)"
2026-09-02,PA,pa-gov-dr-daniel,doutordanielsantos,460018,0,Dr. Daniel Santos,ok,"coleta própria, perfil público do Instagram via navegador, 2026-09-02 (contagem exata do endpoint de perfil)"
2026-09-02,PA,pa-gov-jose-moita,josemoita35,3536,0,Moita 35,ok,"coleta própria, perfil público do Instagram via navegador, 2026-09-02 (contagem exata do endpoint de perfil)"
2026-09-02,PA,pa-gov-hana-ghassan,hanaghassan,265442,0,Hana Ghassan,ok,"coleta própria, perfil público do Instagram via navegador, 2026-09-02 (contagem exata do endpoint de perfil)"
2026-09-02,PA,pa-gov-gal-leite,gualdinaleite,1040,0,Gal Leite,ok,"coleta própria, perfil público do Instagram via navegador, 2026-09-02 (contagem exata do endpoint de perfil)"
2026-09-02,PB,pb-gov-efraim-filho,efraimfilhopb,223635,0,EFRAIM GOVERNADOR 2️⃣2️⃣,ok,"coleta própria, perfil público do Instagram via navegador, 2026-09-02 (contagem exata do endpoint de perfil)"
2026-09-02,PB,pb-gov-yuri-ezequiel,yuriezequiel_up,2,0,,aproximado (meta),"coleta própria, perfil público do Instagram via navegador, 2026-09-02 (número inteiro da meta da página do perfil)"
2026-09-02,PB,pb-gov-lucas-ribeiro,lucasribeiropb,294000,1,,aproximado (meta),"coleta própria, perfil público do Instagram via navegador, 2026-09-02 (número arredondado da meta da página do perfil)"
2026-09-02,PE,pe-gov-raquel-lyra,raquellyraoficial,1984052,0,Raquel Lyra,ok,"coleta própria, perfil público do Instagram via navegador, 2026-09-02 (contagem exata do endpoint de perfil)"
2026-09-02,PE,pe-gov-joao-campos,joaocampos,3057043,0,João Campos,ok,"coleta própria, perfil público do Instagram via navegador, 2026-09-02 (contagem exata do endpoint de perfil)"
2026-09-02,PE,pe-gov-professora-camila,camilafalcao.up,5591,0,Professora Camila | 80,ok,"coleta própria, perfil público do Instagram via navegador, 2026-09-02 (contagem exata do endpoint de perfil)"
2026-09-02,PE,pe-gov-ivan-moraes,ivanmoraespe,45322,0,Ivan Moraes 50,ok,"coleta própria, perfil público do Instagram via navegador, 2026-09-02 (contagem exata do endpoint de perfil)"
2026-09-02,PE,pe-gov-renan,renanhallaispe,27639,0,Renan Hallais | VOTE 14,ok,"coleta própria, perfil público do Instagram via navegador, 2026-09-02 (contagem exata do endpoint de perfil)"
2026-09-02,PI,pi-gov-rafael-fonteles,rafael.fonteles,608081,0,Rafael Fonteles,ok,"coleta própria, perfil público do Instagram via navegador, 2026-09-02 (contagem exata do endpoint de perfil)"
2026-09-02,PI,pi-gov-geraldo-carvalho,geraldo_pstu,1388,0,Geraldo Carvalho,ok,"coleta própria, perfil público do Instagram via navegador, 2026-09-02 (contagem exata do endpoint de perfil)"
2026-09-02,PI,pi-gov-joel-rodrigues,hablapiaui,205,0,Habla Piauí 🗣️,ok,"coleta própria, perfil público do Instagram via navegador, 2026-09-02 (contagem exata do endpoint de perfil)"
2026-09-02,PI,pi-gov-dra-lucia-santos,draluciasantos,14637,0,Dra. Lúcia Santos,ok,"coleta própria, perfil público do Instagram via navegador, 2026-09-02 (contagem exata do endpoint de perfil)"
2026-09-02,PI,pi-gov-ravenna-da-inclusao,ravennacastropi,203,0,Ravenna Castro - Perfil Reserva,ok,"coleta própria, perfil público do Instagram via navegador, 2026-09-02 (contagem exata do endpoint de perfil)"
2026-09-02,PI,pi-gov-elizeu-aguiar,elizeuaguiarr,,0,,perfil inexistente (404),"coleta própria, perfil público do Instagram via navegador, 2026-09-02 (perfil sem número legível)"
2026-09-02,PI,pi-gov-professor-gisvaldo,gisvaldooliveira,3068,0,Professor Gisvaldo,ok,"coleta própria, perfil público do Instagram via navegador, 2026-09-02 (contagem exata do endpoint de perfil)"
2026-09-02,TO,to-sen-vanderlei-luxemburgo,luxaoficial,942489,0,Vanderlei Luxemburgo,ok,"coleta própria, perfil público do Instagram via navegador, 2026-09-02 (contagem exata do endpoint de perfil)"
2026-09-02,TO,to-sen-paulo-mourao,paulomouraoto,18368,0,Paulo Mourão | Tocantins,ok,"coleta própria, perfil público do Instagram via navegador, 2026-09-02 (contagem exata do endpoint de perfil)"
2026-09-02,PI,pi-gov-santiago-belizario,santiagobelizario,2,0,,aproximado (meta),"coleta própria, perfil público do Instagram via navegador, 2026-09-02 (número inteiro da meta da página do perfil)"
2026-09-02,TO,to-sen-gaguim,carlosgaguim,83538,0,Carlos Henrique Gaguim,ok,"coleta própria, perfil público do Instagram via navegador, 2026-09-02 (contagem exata do endpoint de perfil)"
2026-09-02,PI,pi-gov-gustavo-pelo-piaui,gustavo_henrique_povo,67000,1,,aproximado (meta),"coleta própria, perfil público do Instagram via navegador, 2026-09-02 (número arredondado da meta da página do perfil)"
2026-09-02,PR,pr-gov-sergio-moro,sf_moro,4287805,0,Sergio Moro,ok,"coleta própria, perfil público do Instagram via navegador, 2026-09-02 (contagem exata do endpoint de perfil)"
2026-09-02,TO,to-sen-fabio-ribeiro,fabioribeiroto,3,0,,aproximado (meta),"coleta própria, perfil público do Instagram via navegador, 2026-09-02 (número inteiro da meta da página do perfil)"
2026-09-02,PR,pr-gov-doutor-alexandre-salomao,alexandresalomao.adv,,0,,perfil inexistente (404),"coleta própria, perfil público do Instagram via navegador, 2026-09-02 (perfil sem número legível)"
2026-09-02,TO,to-sen-eli-borges,dep.eliborges,31000,1,,aproximado (meta),"coleta própria, perfil público do Instagram via navegador, 2026-09-02 (número arredondado da meta da página do perfil)"
2026-09-02,PR,pr-gov-requiao-filho,requiaofilho,137188,0,Requião Filho,ok,"coleta própria, perfil público do Instagram via navegador, 2026-09-02 (contagem exata do endpoint de perfil)"
2026-09-02,PR,pr-gov-samuel-de-mattos,samuel.demattos,1871,0,Samuel Mattos Figueiredo,ok,"coleta própria, perfil público do Instagram via navegador, 2026-09-02 (contagem exata do endpoint de perfil)"
2026-09-02,TO,to-sen-eduardo-gomes,eduardogomestocantins,45000,1,,aproximado (meta),"coleta própria, perfil público do Instagram via navegador, 2026-09-02 (número arredondado da meta da página do perfil)"
2026-09-02,PR,pr-gov-sandro-alex,sandroalex,99458,0,Sandro Alex,ok,"coleta própria, perfil público do Instagram via navegador, 2026-09-02 (contagem exata do endpoint de perfil)"
2026-09-02,PR,pr-gov-tayna-miessa,taynamiess,,0,,perfil inexistente (404),"coleta própria, perfil público do Instagram via navegador, 2026-09-02 (perfil sem número legível)"
2026-09-02,TO,to-sen-alexandre-guimaraes,alexandreguimaraes15,67074,0,Alexandre Guimarães,ok,"coleta própria, perfil público do Instagram via navegador, 2026-09-02 (contagem exata do endpoint de perfil)"
2026-09-02,PR,pr-gov-luiz-franca,14luizfranca,46085,0,Luiz Felipe França,ok,"coleta própria, perfil público do Instagram via navegador, 2026-09-02 (contagem exata do endpoint de perfil)"
2026-09-02,RJ,rj-gov-william-siri,williamsirirj,66897,0,William Siri 50 🦀,ok,"coleta própria, perfil público do Instagram via navegador, 2026-09-02 (contagem exata do endpoint de perfil)"
2026-09-02,SE,se-sen-rodrigo-valadares,rodrigovaladares_,469000,1,,aproximado (meta),"coleta própria, perfil público do Instagram via navegador, 2026-09-02 (número arredondado da meta da página do perfil)"
2026-09-02,RJ,rj-gov-andre-marinho,abmarinho,380783,0,André Marinho,ok,"coleta própria, perfil público do Instagram via navegador, 2026-09-02 (contagem exata do endpoint de perfil)"
2026-09-02,RJ,rj-gov-douglas-ruas,douglasruasrj,182080,0,Douglas Ruas,ok,"coleta própria, perfil público do Instagram via navegador, 2026-09-02 (contagem exata do endpoint de perfil)"
2026-09-02,SE,se-sen-iran-barbosa,iranbarbosaoficial,20596,0,Iran Barbosa,ok,"coleta própria, perfil público do Instagram via navegador, 2026-09-02 (contagem exata do endpoint de perfil)"
2026-09-02,SE,se-sen-eduardo-amorim,eduardoamorimse,55470,0,Eduardo Amorim 1️⃣0️⃣0️⃣,ok,"coleta própria, perfil público do Instagram via navegador, 2026-09-02 (contagem exata do endpoint de perfil)"
2026-09-02,RJ,rj-gov-eduardo-paes,eduardopaes,1000000,1,,aproximado (meta),"coleta própria, perfil público do Instagram via navegador, 2026-09-02 (número arredondado da meta da página do perfil)"
2026-09-02,SE,se-sen-delegado-alessandro,alessandrovieirase,405000,1,,aproximado (meta),"coleta própria, perfil público do Instagram via navegador, 2026-09-02 (número arredondado da meta da página do perfil)"
2026-09-02,RJ,rj-gov-juliete,julietepantojaup,11625,0,Juliete Pantoja,ok,"coleta própria, perfil público do Instagram via navegador, 2026-09-02 (contagem exata do endpoint de perfil)"
2026-09-02,SE,se-sen-andre-moura,andremourase,75310,0,André,ok,"coleta própria, perfil público do Instagram via navegador, 2026-09-02 (contagem exata do endpoint de perfil)"
2026-09-02,RN,rn-gov-cadu-de-lula,caduxavier,98088,0,Cadu de Lula,ok,"coleta própria, perfil público do Instagram via navegador, 2026-09-02 (contagem exata do endpoint de perfil)"
2026-09-02,SP,sp-sen-weller-goncalves,weller_goncalves,35534,0,Weller Gonçalves 1️⃣6️⃣0️⃣,ok,"coleta própria, perfil público do Instagram via navegador, 2026-09-02 (contagem exata do endpoint de perfil)"
2026-09-02,RN,rn-gov-alvaro-dias,alvarodiasrn,132000,1,,aproximado (meta),"coleta própria, perfil público do Instagram via navegador, 2026-09-02 (número arredondado da meta da página do perfil)"
2026-09-02,RN,rn-gov-allyson,allysonbezerra.rn,431000,1,,aproximado (meta),"coleta própria, perfil público do Instagram via navegador, 2026-09-02 (número arredondado da meta da página do perfil)"
2026-09-02,SP,sp-sen-soninha-francine,soninhafrancine_oficial,16067,0,Soninha Francine,ok,"coleta própria, perfil público do Instagram via navegador, 2026-09-02 (contagem exata do endpoint de perfil)"
2026-09-02,RN,rn-gov-dario-barbosa,dariobarbosapstu,221,0,Dário Barbosa,ok,"coleta própria, perfil público do Instagram via navegador, 2026-09-02 (contagem exata do endpoint de perfil)"
2026-09-02,RN,rn-gov-rodrigo-bolsonaro,rodrigobolsonarorn2026,,0,,perfil inexistente (404),"coleta própria, perfil público do Instagram via navegador, 2026-09-02 (perfil sem número legível)"
2026-09-02,SP,sp-sen-simone-tebet,simonetebet,1816196,0,Simone Tebet,ok,"coleta própria, perfil público do Instagram via navegador, 2026-09-02 (contagem exata do endpoint de perfil)"
2026-09-02,RN,rn-gov-professor-roberio-paulino,profroberiopaulino50,19619,0,Robério Paulino 50,ok,"coleta própria, perfil público do Instagram via navegador, 2026-09-02 (contagem exata do endpoint de perfil)"
2026-09-02,RN,rn-gov-carlos-jararaca,carlos_jararaca,,0,,perfil inexistente (404),"coleta própria, perfil público do Instagram via navegador, 2026-09-02 (perfil sem número legível)"
2026-09-02,SP,sp-sen-salles,ricardosallesmma,1000000,1,,aproximado (meta),"coleta própria, perfil público do Instagram via navegador, 2026-09-02 (número arredondado da meta da página do perfil)"
2026-09-02,RO,ro-gov-adailton-furia,adailtonfuria,136000,1,,aproximado (meta),"coleta própria, perfil público do Instagram via navegador, 2026-09-02 (número arredondado da meta da página do perfil)"
2026-09-02,SP,sp-sen-petter-maahs,petter.maahs,1384,0,Petter Maahs da Silva,ok,"coleta própria, perfil público do Instagram via navegador, 2026-09-02 (contagem exata do endpoint de perfil)"
2026-09-02,SP,sp-sen-marina-silva,marinasilvaoficial,1235262,0,Marina Silva,ok,"coleta própria, perfil público do Instagram via navegador, 2026-09-02 (contagem exata do endpoint de perfil)"
2026-09-02,RO,ro-gov-marcos-rogerio,marcosrogeriooficial,882000,1,,aproximado (meta),"coleta própria, perfil público do Instagram via navegador, 2026-09-02 (número arredondado da meta da página do perfil)"
2026-09-02,SP,sp-sen-guto-schiavetto,gutoschiavetto,32233,0,Guto Schiavetto,ok,"coleta própria, perfil público do Instagram via navegador, 2026-09-02 (contagem exata do endpoint de perfil)"
2026-09-02,RO,ro-gov-expedito-netto,expeditonetto,21000,1,,aproximado (meta),"coleta própria, perfil público do Instagram via navegador, 2026-09-02 (número arredondado da meta da página do perfil)"
2026-09-02,RO,ro-gov-hildon-chaves,hildonchaves_,60131,0,Hildon Chaves,ok,"coleta própria, perfil público do Instagram via navegador, 2026-09-02 (contagem exata do endpoint de perfil)"
2026-09-02,RO,ro-gov-samuel-costa,samuelcostapvh,,0,,perfil inexistente (404),"coleta própria, perfil público do Instagram via navegador, 2026-09-02 (perfil sem número legível)"
2026-09-02,SP,sp-sen-guilherme-derrite,guilhermederrite,2000000,1,,aproximado (meta),"coleta própria, perfil público do Instagram via navegador, 2026-09-02 (número arredondado da meta da página do perfil)"
2026-09-02,RO,ro-gov-pedro-abib,pedro.abib,5155,0,Pedro Abib,ok,"coleta própria, perfil público do Instagram via navegador, 2026-09-02 (contagem exata do endpoint de perfil)"
2026-09-02,RR,rr-gov-arthur-henrique,arthurhenriquerr,162771,0,Arthur Henrique,ok,"coleta própria, perfil público do Instagram via navegador, 2026-09-02 (contagem exata do endpoint de perfil)"
2026-09-02,SP,sp-sen-dra-eliana-ferreira,dra.elianaferreira.pstu,5769,0,Dra Eliana Ferreira,ok,"coleta própria, perfil público do Instagram via navegador, 2026-09-02 (contagem exata do endpoint de perfil)"
2026-09-02,RR,rr-gov-farah-mesquita,farah_governador,,0,,perfil inexistente (404),"coleta própria, perfil público do Instagram via navegador, 2026-09-02 (perfil sem número legível)"
2026-09-02,SP,sp-sen-andre-do-prado,andredopradosp,345441,0,André do Prado,ok,"coleta própria, perfil público do Instagram via navegador, 2026-09-02 (contagem exata do endpoint de perfil)"
2026-09-02,RR,rr-gov-soldado-sampaio,soldadosampaiorr,60551,0,Soldado Sampaio | Governador,ok,"coleta própria, perfil público do Instagram via navegador, 2026-09-02 (contagem exata do endpoint de perfil)"
2026-09-02,RR,rr-gov-rosi-aires,rosi______aires,980,0,Rosi Aires,ok,"coleta própria, perfil público do Instagram via navegador, 2026-09-02 (contagem exata do endpoint de perfil)"
2026-09-02,SC,sc-sen-tulio-pfuetzenreiter,tuliopfu,3389,0,Túlio Pfuetzenreiter,ok,"coleta própria, perfil público do Instagram via navegador, 2026-09-02 (contagem exata do endpoint de perfil)"
2026-09-02,RS,rs-gov-priscila-voigt,priscilavoigtup,,0,,perfil inexistente (404),"coleta própria, perfil público do Instagram via navegador, 2026-09-02 (perfil sem número legível)"
2026-09-02,SC,sc-sen-marlene-soccas,marlenesoccas.up,208,0,Marlene Soccas,ok,"coleta própria, perfil público do Instagram via navegador, 2026-09-02 (contagem exata do endpoint de perfil)"
2026-09-02,SC,sc-sen-marcos-dorval,dorvalpstu,147,0,Marcos Dorval Schmitz,ok,"coleta própria, perfil público do Instagram via navegador, 2026-09-02 (contagem exata do endpoint de perfil)"
2026-09-02,RS,rs-gov-marcelo-maranata,marcelomaranata,84000,1,,aproximado (meta),"coleta própria, perfil público do Instagram via navegador, 2026-09-02 (número arredondado da meta da página do perfil)"
2026-09-02,RS,rs-gov-gabriel-souza,gabrielsouzars,99865,0,Gabriel Souza,ok,"coleta própria, perfil público do Instagram via navegador, 2026-09-02 (contagem exata do endpoint de perfil)"
2026-09-02,SC,sc-sen-lunelli,antidiolunelli,77000,1,,aproximado (meta),"coleta própria, perfil público do Instagram via navegador, 2026-09-02 (número arredondado da meta da página do perfil)"
2026-09-02,RS,rs-gov-zucco,zucco,827000,1,,aproximado (meta),"coleta própria, perfil público do Instagram via navegador, 2026-09-02 (número arredondado da meta da página do perfil)"
2026-09-02,SC,sc-sen-joaninha-de-oliveira,oliveirajoaninhade,423,0,Joaninha de Oliveira,ok,"coleta própria, perfil público do Instagram via navegador, 2026-09-02 (contagem exata do endpoint de perfil)"
2026-09-02,RS,rs-gov-juliana-brizola,juliana.brizola,109000,1,,aproximado (meta),"coleta própria, perfil público do Instagram via navegador, 2026-09-02 (número arredondado da meta da página do perfil)"
2026-09-02,SC,sc-gov-jorginho-mello,jorginhomello,911265,0,Jorginho Mello,ok,"coleta própria, perfil público do Instagram via navegador, 2026-09-02 (contagem exata do endpoint de perfil)"
2026-09-02,SC,sc-sen-jeferson-rocha,jefersonrocha.agro,19915,0,Jeferson Rocha,ok,"coleta própria, perfil público do Instagram via navegador, 2026-09-02 (contagem exata do endpoint de perfil)"
2026-09-02,SC,sc-gov-professor-marcus-sodre,marcuspstu,813,0,Professor Marcus Sodré PSTU,ok,"coleta própria, perfil público do Instagram via navegador, 2026-09-02 (contagem exata do endpoint de perfil)"
2026-09-02,SC,sc-sen-esperidiao-amin,esperidiaoamin,363710,0,Esperidião Amin,ok,"coleta própria, perfil público do Instagram via navegador, 2026-09-02 (contagem exata do endpoint de perfil)"
2026-09-02,SC,sc-gov-marcelo-brigadeiro,marcelobrigadeiro,699124,0,Marcelo Brigadeiro,ok,"coleta própria, perfil público do Instagram via navegador, 2026-09-02 (contagem exata do endpoint de perfil)"
2026-09-02,SC,sc-gov-gelson-merisio,gelsonmerisio,46847,0,Gelson Merisio,ok,"coleta própria, perfil público do Instagram via navegador, 2026-09-02 (contagem exata do endpoint de perfil)"
2026-09-02,SC,sc-sen-decio-lima,deciolima,163104,0,Décio Lima,ok,"coleta própria, perfil público do Instagram via navegador, 2026-09-02 (contagem exata do endpoint de perfil)"
2026-09-02,SC,sc-gov-lais-chaud,laischaud.up,5068,0,Laís Chaud,ok,"coleta própria, perfil público do Instagram via navegador, 2026-09-02 (contagem exata do endpoint de perfil)"
2026-09-02,SC,sc-gov-joao-rodrigues,joaorodriguessc,610000,1,,aproximado (meta),"coleta própria, perfil público do Instagram via navegador, 2026-09-02 (número arredondado da meta da página do perfil)"
2026-09-02,SC,sc-sen-carol-de-toni,carolinedetoni,1000000,1,,aproximado (meta),"coleta própria, perfil público do Instagram via navegador, 2026-09-02 (número arredondado da meta da página do perfil)"
2026-09-02,SC,sc-gov-ralf-zimmer,ralf.zimmer.25,2533,0,Ralf Zimmer,ok,"coleta própria, perfil público do Instagram via navegador, 2026-09-02 (contagem exata do endpoint de perfil)"
2026-09-02,SE,se-gov-valmir-de-francisquinho,valmirdesergipe,207778,0,Valmir de Francisquinho,ok,"coleta própria, perfil público do Instagram via navegador, 2026-09-02 (contagem exata do endpoint de perfil)"
2026-09-02,SC,sc-sen-carlos-bolsonaro,carlosbolsonaro,4000000,1,,aproximado (meta),"coleta própria, perfil público do Instagram via navegador, 2026-09-02 (número arredondado da meta da página do perfil)"
2026-09-02,SE,se-gov-fabio,fabiogov55,248000,1,,aproximado (meta),"coleta própria, perfil público do Instagram via navegador, 2026-09-02 (número arredondado da meta da página do perfil)"
2026-09-02,SC,sc-sen-ana-lucia-da-silveira-machado,unidadepopularsc,20000,1,,aproximado (meta),"coleta própria, perfil público do Instagram via navegador, 2026-09-02 (número arredondado da meta da página do perfil)"
2026-09-02,SE,se-gov-dr-helton,dr.heltonmonteiro,32452,0,Dr. Helton Monteiro,ok,"coleta própria, perfil público do Instagram via navegador, 2026-09-02 (contagem exata do endpoint de perfil)"
2026-09-02,SE,se-gov-ricardo-marques,ricardomarques_rm,211682,0,RICARDO MARQUES,ok,"coleta própria, perfil público do Instagram via navegador, 2026-09-02 (contagem exata do endpoint de perfil)"
2026-09-02,SC,sc-sen-afranio-boppre,afranioboppre50,89000,1,,aproximado (meta),"coleta própria, perfil público do Instagram via navegador, 2026-09-02 (número arredondado da meta da página do perfil)"
2026-09-02,SE,se-gov-taty-cristina-de-jesus,tatycristina.se,7,0,,aproximado (meta),"coleta própria, perfil público do Instagram via navegador, 2026-09-02 (número inteiro da meta da página do perfil)"
2026-09-02,RR,rr-sen-teresa-surita,teresasurita,157180,0,Teresa Surita,ok,"coleta própria, perfil público do Instagram via navegador, 2026-09-02 (contagem exata do endpoint de perfil)"
2026-09-02,SE,se-gov-emanuel-cacho,emanuelcacho,4,0,,aproximado (meta),"coleta própria, perfil público do Instagram via navegador, 2026-09-02 (número inteiro da meta da página do perfil)"
2026-09-02,RR,rr-sen-rogerio-miranda,rogeriomirandarr,726,0,Rogerio Miranda,ok,"coleta própria, perfil público do Instagram via navegador, 2026-09-02 (contagem exata do endpoint de perfil)"
2026-09-02,SP,sp-gov-vera-lucia,vera_pstu,12539,0,Vera,ok,"coleta própria, perfil público do Instagram via navegador, 2026-09-02 (contagem exata do endpoint de perfil)"
2026-09-02,RR,rr-sen-pastor-isamar,pastorisamar,15688,0,Pr Isamar Ramalho 444,ok,"coleta própria, perfil público do Instagram via navegador, 2026-09-02 (contagem exata do endpoint de perfil)"
2026-09-02,SP,sp-gov-tarcisio,tarcisiogdf,6000000,1,,aproximado (meta),"coleta própria, perfil público do Instagram via navegador, 2026-09-02 (número arredondado da meta da página do perfil)"
2026-09-02,SP,sp-gov-fernando-haddad,fernandohaddadoficial,3000000,1,,aproximado (meta),"coleta própria, perfil público do Instagram via navegador, 2026-09-02 (número arredondado da meta da página do perfil)"
2026-09-02,RR,rr-sen-nicoletti,deputadonicoletti,131000,1,,aproximado (meta),"coleta própria, perfil público do Instagram via navegador, 2026-09-02 (número arredondado da meta da página do perfil)"
2026-09-02,SP,sp-gov-carlos-machado,camarada_carlos_machado,7770,0,Carlos Machado,ok,"coleta própria, perfil público do Instagram via navegador, 2026-09-02 (contagem exata do endpoint de perfil)"
2026-09-02,RR,rr-sen-mario-rocha,mariorocharoraima,1858,0,Mario Rocha,ok,"coleta própria, perfil público do Instagram via navegador, 2026-09-02 (contagem exata do endpoint de perfil)"
2026-09-02,TO,to-gov-prof-witer-naves,profwiternaves,2,0,,aproximado (meta),"coleta própria, perfil público do Instagram via navegador, 2026-09-02 (número inteiro da meta da página do perfil)"
2026-09-02,TO,to-gov-laurez-moreira,laurezmoreira,89461,0,Laurez Moreira,ok,"coleta própria, perfil público do Instagram via navegador, 2026-09-02 (contagem exata do endpoint de perfil)"
2026-09-02,RR,rr-sen-marcio-junqueira,marciojunqueirarr,3992,0,Márcio Junqueira,ok,"coleta própria, perfil público do Instagram via navegador, 2026-09-02 (contagem exata do endpoint de perfil)"
2026-09-02,TO,to-gov-vicentinho-junior,vicentinhojunior,129324,0,Vicentinho Júnior | Tocantins,ok,"coleta própria, perfil público do Instagram via navegador, 2026-09-02 (contagem exata do endpoint de perfil)"
2026-09-02,RR,rr-sen-hiperion-de-oliveira,hiperion_oliveira,432,0,Hiperion Oliveira | Candidato ao Senado,ok,"coleta própria, perfil público do Instagram via navegador, 2026-09-02 (contagem exata do endpoint de perfil)"
2026-09-02,TO,to-gov-professora-dorinha,profdorinha,98000,1,,aproximado (meta),"coleta própria, perfil público do Instagram via navegador, 2026-09-02 (número arredondado da meta da página do perfil)"
2026-09-02,RR,rr-sen-hilton-xavier,hiltonxavier,5291,0,H I L T O N X A V I E R,ok,"coleta própria, perfil público do Instagram via navegador, 2026-09-02 (contagem exata do endpoint de perfil)"
2026-09-02,TO,to-gov-subtenente-luiz-carlos,luiz_carlos_ferreira_silv,56,0,Luiz Carlos,ok,"coleta própria, perfil público do Instagram via navegador, 2026-09-02 (contagem exata do endpoint de perfil)"
2026-09-02,RR,rr-sen-helena-da-asatur,helenadaasatur,32593,0,Deputada Helena,ok,"coleta própria, perfil público do Instagram via navegador, 2026-09-02 (contagem exata do endpoint de perfil)"
2026-09-02,TO,to-gov-ataides-de-oliveira,ataides.oliveira,55000,1,,aproximado (meta),"coleta própria, perfil público do Instagram via navegador, 2026-09-02 (número arredondado da meta da página do perfil)"
2026-09-02,TO,to-gov-du-pereira,dupereira.oficial,1278,0,Du Pereira | Candidato a Governador TO,ok,"coleta própria, perfil público do Instagram via navegador, 2026-09-02 (contagem exata do endpoint de perfil)"
2026-09-02,RR,rr-sen-chico-rodrigues,chicorodriguesrr,53000,1,,aproximado (meta),"coleta própria, perfil público do Instagram via navegador, 2026-09-02 (número arredondado da meta da página do perfil)"
2026-09-02,AC,ac-sen-dr-junior-feitosa,dr.junior_feitosa,1461,0,Dr. Júnior Feitoza 2️⃣7️⃣7️⃣,ok,"coleta própria, perfil público do Instagram via navegador, 2026-09-02 (contagem exata do endpoint de perfil)"
2026-09-02,AC,ac-sen-gladson-cameli,gladsoncameli,200806,0,Gladson Camelí,ok,"coleta própria, perfil público do Instagram via navegador, 2026-09-02 (contagem exata do endpoint de perfil)"
2026-09-02,RR,rr-sen-barto-macuxi,barto_macuxi,4387,0,Barto Macuxi,ok,"coleta própria, perfil público do Instagram via navegador, 2026-09-02 (contagem exata do endpoint de perfil)"
2026-09-02,AC,ac-sen-jorge-viana,jorgevianaacre,59290,0,Jorge Viana,ok,"coleta própria, perfil público do Instagram via navegador, 2026-09-02 (contagem exata do endpoint de perfil)"
2026-09-02,AC,ac-sen-mara-rocha,mararochaacre,25676,0,Mara Rocha,ok,"coleta própria, perfil público do Instagram via navegador, 2026-09-02 (contagem exata do endpoint de perfil)"
2026-09-02,RO,ro-sen-silvia-cristina,silviacristina.ro,73270,0,Silvia Cristina,ok,"coleta própria, perfil público do Instagram via navegador, 2026-09-02 (contagem exata do endpoint de perfil)"
2026-09-02,AC,ac-sen-marcio-bittar,marciobittar_,276608,0,Marcio Bittar,ok,"coleta própria, perfil público do Instagram via navegador, 2026-09-02 (contagem exata do endpoint de perfil)"
2026-09-02,RO,ro-sen-neidinha,neidinha_surui_,25208,0,Neidinha Surui Defensora da Floresta,ok,"coleta própria, perfil público do Instagram via navegador, 2026-09-02 (contagem exata do endpoint de perfil)"
2026-09-02,AC,ac-sen-petecao,senadorpetecao,27730,0,Senador Petecão,ok,"coleta própria, perfil público do Instagram via navegador, 2026-09-02 (contagem exata do endpoint de perfil)"
2026-09-02,AL,al-sen-alexandre-fleming,alexandrefleming_,15021,0,Alexandre Fleming,ok,"coleta própria, perfil público do Instagram via navegador, 2026-09-02 (contagem exata do endpoint de perfil)"
2026-09-02,RO,ro-sen-mariana-carvalho,monicameloro,9555,0,Mônica Melo,ok,"coleta própria, perfil público do Instagram via navegador, 2026-09-02 (contagem exata do endpoint de perfil)"
2026-09-02,AL,al-sen-arthur-lira,oficialarthurlira,346176,0,Arthur Lira,ok,"coleta própria, perfil público do Instagram via navegador, 2026-09-02 (contagem exata do endpoint de perfil)"
2026-09-02,AL,al-sen-dr-wanderley,dr_wanderley,140527,0,José Wanderley Neto,ok,"coleta própria, perfil público do Instagram via navegador, 2026-09-02 (contagem exata do endpoint de perfil)"
2026-09-02,AL,al-sen-marina-jhc,marina.candia,,0,,perfil inexistente (404),"coleta própria, perfil público do Instagram via navegador, 2026-09-02 (perfil sem número legível)"
2026-09-02,RO,ro-sen-luis-fernando,luis.fernando.ro,4759,0,Luis Fernando Pereira Silva,ok,"coleta própria, perfil público do Instagram via navegador, 2026-09-02 (contagem exata do endpoint de perfil)"
2026-09-02,AL,al-sen-renan,renancalheiros,346000,1,,aproximado (meta),"coleta própria, perfil público do Instagram via navegador, 2026-09-02 (número arredondado da meta da página do perfil)"
2026-09-02,RO,ro-sen-luciana-oliveira,lucianaoliveiradepvh,29248,0,Luciana Oliveira,ok,"coleta própria, perfil público do Instagram via navegador, 2026-09-02 (contagem exata do endpoint de perfil)"
2026-09-02,AP,ap-sen-acacio-favacho,acacio.senador,320,0,Acácio Senador,ok,"coleta própria, perfil público do Instagram via navegador, 2026-09-02 (contagem exata do endpoint de perfil)"
2026-09-02,RO,ro-sen-engenheiro-thulio,engenheirothulio.ro,3307,0,144 ENGENHEIRO THULIO | Thulio Castro,ok,"coleta própria, perfil público do Instagram via navegador, 2026-09-02 (contagem exata do endpoint de perfil)"
2026-09-02,AP,ap-sen-alliny-serrao,allinyserrao,40069,0,Alliny Serrão,ok,"coleta própria, perfil público do Instagram via navegador, 2026-09-02 (contagem exata do endpoint de perfil)"
2026-09-02,AP,ap-sen-capi,capi401senador,,0,,perfil inexistente (404),"coleta própria, perfil público do Instagram via navegador, 2026-09-02 (perfil sem número legível)"
2026-09-02,RO,ro-sen-dr-fernando-maximo,drfernandomaximo007,156000,1,,aproximado (meta),"coleta própria, perfil público do Instagram via navegador, 2026-09-02 (número arredondado da meta da página do perfil)"
2026-09-02,AP,ap-sen-juiza-jo,dra.joamapa,667,0,Juíza Jô,ok,"coleta própria, perfil público do Instagram via navegador, 2026-09-02 (contagem exata do endpoint de perfil)"
2026-09-02,AP,ap-sen-lucas-barreto,lucasbarreto_ap,46189,0,Lucas Barreto,ok,"coleta própria, perfil público do Instagram via navegador, 2026-09-02 (contagem exata do endpoint de perfil)"
2026-09-02,RO,ro-sen-bruno-bolsonaro-scheid,storiesbrunoscheid,322,0,,aproximado (meta),"coleta própria, perfil público do Instagram via navegador, 2026-09-02 (número inteiro da meta da página do perfil)"
2026-09-02,AM,am-sen-capitao-alberto-neto,capitaoalbertoneto,374805,0,Capitão Alberto Neto,ok,"coleta própria, perfil público do Instagram via navegador, 2026-09-02 (contagem exata do endpoint de perfil)"
2026-09-02,AP,ap-sen-rayssa-furlan,rayssacfurlan,198721,0,RAYSSA FURLAN,ok,"coleta própria, perfil público do Instagram via navegador, 2026-09-02 (contagem exata do endpoint de perfil)"
2026-09-02,AM,am-sen-dailson-correa,umnovoolharparaoamazonasdc,75,0,Dailson Corrêa,ok,"coleta própria, perfil público do Instagram via navegador, 2026-09-02 (contagem exata do endpoint de perfil)"
2026-09-02,AM,am-sen-eduardo-braga,eduardobraga_am,239023,0,Eduardo Braga,ok,"coleta própria, perfil público do Instagram via navegador, 2026-09-02 (contagem exata do endpoint de perfil)"
2026-09-02,AM,am-sen-ismael-munduruku,cacique_ismael_munduruku,3039,0,Ismael Munduruku 1️⃣8️⃣1️⃣,ok,"coleta própria, perfil público do Instagram via navegador, 2026-09-02 (contagem exata do endpoint de perfil)"
2026-09-02,AM,am-sen-plinio-valerio,plinio.valerio,121114,0,Plínio Valério,ok,"coleta própria, perfil público do Instagram via navegador, 2026-09-02 (contagem exata do endpoint de perfil)"
2026-09-02,AM,am-sen-professora-evany,prof.evany,3563,0,Evany Nascimento,ok,"coleta própria, perfil público do Instagram via navegador, 2026-09-02 (contagem exata do endpoint de perfil)"
2026-09-02,AM,am-sen-wilson-lima,atitude444wl,5390,0,,ok,"coleta própria, perfil público do Instagram via navegador, 2026-09-02 (contagem exata do endpoint de perfil)"
2026-09-02,AM,am-sen-xuxa-do-amazonas,oxuxaoficial,28037,0,Xuxa 🙅🏿‍♂️,ok,"coleta própria, perfil público do Instagram via navegador, 2026-09-02 (contagem exata do endpoint de perfil)"
2026-09-02,BA,ba-sen-gregorio-gould,gregoriomgould,1471,0,Gregorio Motta Gould,ok,"coleta própria, perfil público do Instagram via navegador, 2026-09-02 (contagem exata do endpoint de perfil)"
2026-09-02,BA,ba-sen-jaques-wagner,jaqueswagner,343693,0,Jaques Wagner 130,ok,"coleta própria, perfil público do Instagram via navegador, 2026-09-02 (contagem exata do endpoint de perfil)"
2026-09-02,BA,ba-sen-angelo-coronel,angelo.coronel,336000,1,,aproximado (meta),"coleta própria, perfil público do Instagram via navegador, 2026-09-02 (número arredondado da meta da página do perfil)"
2026-09-02,BA,ba-sen-marcelo-carvalho,marcelocarvalhoba,10425,0,Marcelo Carvalho 180,ok,"coleta própria, perfil público do Instagram via navegador, 2026-09-02 (contagem exata do endpoint de perfil)"
2026-09-02,BA,ba-sen-joao-roma,joaoromaneto,182372,0,João Roma | 222,ok,"coleta própria, perfil público do Instagram via navegador, 2026-09-02 (contagem exata do endpoint de perfil)"
2026-09-02,BA,ba-sen-rui-costa,ruicostaoficial,796089,0,Rui Costa 133,ok,"coleta própria, perfil público do Instagram via navegador, 2026-09-02 (contagem exata do endpoint de perfil)"
2026-09-02,BA,ba-sen-professora-delliana,ronaldomansur.psol,4376,0,Ronaldo Mansur,ok,"coleta própria, perfil público do Instagram via navegador, 2026-09-02 (contagem exata do endpoint de perfil)"
2026-09-02,CE,ce-sen-catarina-matos,catarinamatosup,3294,0,Catarina da Graça Almeida Matos,ok,"coleta própria, perfil público do Instagram via navegador, 2026-09-02 (contagem exata do endpoint de perfil)"
2026-09-02,CE,ce-sen-capitao-wagner,capitaowagnersousa,500813,0,CAPITÃO WAGNER,ok,"coleta própria, perfil público do Instagram via navegador, 2026-09-02 (contagem exata do endpoint de perfil)"
2026-09-02,CE,ce-sen-cid-gomes,senadorcidgomes,154000,1,,aproximado (meta),"coleta própria, perfil público do Instagram via navegador, 2026-09-02 (número arredondado da meta da página do perfil)"
2026-09-02,CE,ce-sen-guilherme-theophilo,generaltheophilo,22000,1,,aproximado (meta),"coleta própria, perfil público do Instagram via navegador, 2026-09-02 (número arredondado da meta da página do perfil)"
2026-09-02,CE,ce-sen-luizianne,luiziannelinsce,165854,0,Luizianne Lins,ok,"coleta própria, perfil público do Instagram via navegador, 2026-09-02 (contagem exata do endpoint de perfil)"
2026-09-02,DF,df-sen-bia-kicis,biakicis,2528813,0,Bia Kicis,ok,"coleta própria, perfil público do Instagram via navegador, 2026-09-02 (contagem exata do endpoint de perfil)"
2026-09-02,DF,df-sen-guto-felicio-dos-santos,gutofeliciodossantos,1033,0,Guto Felicio Dos Santos,ok,"coleta própria, perfil público do Instagram via navegador, 2026-09-02 (contagem exata do endpoint de perfil)"
2026-09-02,DF,df-sen-erika-kokay,erikakokay,318855,0,Erika Kokay,ok,"coleta própria, perfil público do Instagram via navegador, 2026-09-02 (contagem exata do endpoint de perfil)"
2026-09-02,DF,df-sen-leila-do-volei,leiladovolei,174175,0,Leila do Vôlei,ok,"coleta própria, perfil público do Instagram via navegador, 2026-09-02 (contagem exata do endpoint de perfil)"
2026-09-02,DF,df-sen-marley,marleymendonca,306049,0,Marley Mendonça,ok,"coleta própria, perfil público do Instagram via navegador, 2026-09-02 (contagem exata do endpoint de perfil)"
2026-09-02,DF,df-sen-professor-guilherme-amorim,prof.guilhermeamorim,1816,0,prof. GuilhermeAmorim800,ok,"coleta própria, perfil público do Instagram via navegador, 2026-09-02 (contagem exata do endpoint de perfil)"
2026-09-02,DF,df-sen-michelle-bolsonaro,michellebolsonaro,8383636,0,Michelle Bolsonaro,ok,"coleta própria, perfil público do Instagram via navegador, 2026-09-02 (contagem exata do endpoint de perfil)"
2026-09-02,DF,df-sen-sebastiao-coelho,desembargadorsebastiaocoelho,1203552,0,Sebastião Coelho,ok,"coleta própria, perfil público do Instagram via navegador, 2026-09-02 (contagem exata do endpoint de perfil)"
2026-09-02,DF,df-sen-ronaldo-fonseca,ronaldofonseca.oficial,11301,0,Ronaldo Fonseca de Souza,ok,"coleta própria, perfil público do Instagram via navegador, 2026-09-02 (contagem exata do endpoint de perfil)"
2026-09-02,DF,df-sen-tiago,tiagotarsisa,,0,,perfil inexistente (404),"coleta própria, perfil público do Instagram via navegador, 2026-09-02 (perfil sem número legível)"
2026-09-02,ES,es-sen-callegari,callegari_es,52000,1,,aproximado (meta),"coleta própria, perfil público do Instagram via navegador, 2026-09-02 (número arredondado da meta da página do perfil)"
2026-09-02,ES,es-sen-evair-de-melo,evair_de_melo,257000,1,,aproximado (meta),"coleta própria, perfil público do Instagram via navegador, 2026-09-02 (número arredondado da meta da página do perfil)"
2026-09-02,ES,es-sen-fabiano-contarato,fabianocontarato,944000,1,,aproximado (meta),"coleta própria, perfil público do Instagram via navegador, 2026-09-02 (número arredondado da meta da página do perfil)"
2026-09-02,ES,es-sen-leonardo-monjardim,leonardomonjardim,20000,1,,aproximado (meta),"coleta própria, perfil público do Instagram via navegador, 2026-09-02 (número arredondado da meta da página do perfil)"
2026-09-02,ES,es-sen-maguinha-malta,maguinhamalta,,0,,perfil inexistente (404),"coleta própria, perfil público do Instagram via navegador, 2026-09-02 (perfil sem número legível)"
2026-09-02,ES,es-sen-professor-fabian,professorfabian_oficia,,0,,perfil inexistente (404),"coleta própria, perfil público do Instagram via navegador, 2026-09-02 (perfil sem número legível)"
2026-09-02,ES,es-sen-marcos-do-val,marcosdoval,2000000,1,,aproximado (meta),"coleta própria, perfil público do Instagram via navegador, 2026-09-02 (número arredondado da meta da página do perfil)"
2026-09-02,ES,es-sen-rodney-miranda,rodneyrmiranda,9769,0,Rodney Miranda,ok,"coleta própria, perfil público do Instagram via navegador, 2026-09-02 (contagem exata do endpoint de perfil)"
2026-09-02,ES,es-sen-renato-casagrande,renatocasagrande,436850,0,Renato Casagrande,ok,"coleta própria, perfil público do Instagram via navegador, 2026-09-02 (contagem exata do endpoint de perfil)"
2026-09-02,ES,es-sen-rose-de-freitas,senadorarosedefreitas,15000,1,,aproximado (meta),"coleta própria, perfil público do Instagram via navegador, 2026-09-02 (número arredondado da meta da página do perfil)"
2026-09-02,ES,es-sen-sergio-meneguelli,sergiomeneguelli,717000,1,,aproximado (meta),"coleta própria, perfil público do Instagram via navegador, 2026-09-02 (número arredondado da meta da página do perfil)"
2026-09-02,GO,go-sen-dr-zacharias-calil,drzachariascalil,276741,0,Deputado Dr. Zacharias Calil,ok,"coleta própria, perfil público do Instagram via navegador, 2026-09-02 (contagem exata do endpoint de perfil)"
2026-09-02,GO,go-sen-gracinha-caiado,gracinhacaiado,191000,1,,aproximado (meta),"coleta própria, perfil público do Instagram via navegador, 2026-09-02 (número arredondado da meta da página do perfil)"
2026-09-02,GO,go-sen-guilherme-darques,guilhermedarques,758,0,GUILHERME DARQUES,ok,"coleta própria, perfil público do Instagram via navegador, 2026-09-02 (contagem exata do endpoint de perfil)"
2026-09-02,GO,go-sen-gustavo-gayer,gustavo.gayer,1000000,1,,aproximado (meta),"coleta própria, perfil público do Instagram via navegador, 2026-09-02 (número arredondado da meta da página do perfil)"
2026-09-02,GO,go-sen-gustavo-mendanha,gustavommendanha,211407,0,Gustavo Mendanha,ok,"coleta própria, perfil público do Instagram via navegador, 2026-09-02 (contagem exata do endpoint de perfil)"
2026-09-02,GO,go-sen-oseias-varao,oseiasvarao,299518,0,Oséias Varão 🇧🇷,ok,"coleta própria, perfil público do Instagram via navegador, 2026-09-02 (contagem exata do endpoint de perfil)"
2026-09-02,MA,ma-sen-cidonio-goncalves,cidoniogoncalves,10455,0,Cidônio Gonçalves | Candidato a Senador MA,ok,"coleta própria, perfil público do Instagram via navegador, 2026-09-02 (contagem exata do endpoint de perfil)"
2026-09-02,GO,go-sen-vanderlan-cardoso,vanderlancardosooficial,107000,1,,aproximado (meta),"coleta própria, perfil público do Instagram via navegador, 2026-09-02 (número arredondado da meta da página do perfil)"
2026-09-02,MA,ma-sen-eliziane-gama,elizianegama,202937,0,Eliziane | Senadora 1️⃣3️⃣3️⃣,ok,"coleta própria, perfil público do Instagram via navegador, 2026-09-02 (contagem exata do endpoint de perfil)"
2026-09-02,MA,ma-sen-dr-hilton-goncalo,drhiltongoncalo_,37000,1,,aproximado (meta),"coleta própria, perfil público do Instagram via navegador, 2026-09-02 (número arredondado da meta da página do perfil)"
2026-09-02,MA,ma-sen-enilton-rodrigues,enilton_rodrigues,14508,0,Enilton Senador 500,ok,"coleta própria, perfil público do Instagram via navegador, 2026-09-02 (contagem exata do endpoint de perfil)"
2026-09-02,MA,ma-sen-fufuca,andre_fufuca,141530,0,Fufuca,ok,"coleta própria, perfil público do Instagram via navegador, 2026-09-02 (contagem exata do endpoint de perfil)"
2026-09-02,MA,ma-sen-lahesio-bonfim,lahesiobonfimoficial,201000,1,,aproximado (meta),"coleta própria, perfil público do Instagram via navegador, 2026-09-02 (número arredondado da meta da página do perfil)"
2026-09-02,MA,ma-sen-roseana-sarney,roseanasarney,316000,1,,aproximado (meta),"coleta própria, perfil público do Instagram via navegador, 2026-09-02 (número arredondado da meta da página do perfil)"
2026-09-02,MA,ma-sen-weverton-rocha,wevertonrochasenador,158669,0,Weverton,ok,"coleta própria, perfil público do Instagram via navegador, 2026-09-02 (contagem exata do endpoint de perfil)"
2026-09-02,MA,ma-sen-simplicio-araujo,simplicioaraujo,57308,0,Simplicio Araújo | Pré Candidato a Senador,ok,"coleta própria, perfil público do Instagram via navegador, 2026-09-02 (contagem exata do endpoint de perfil)"
2026-09-02,MT,mt-sen-beny-godoy,benygodoysenador,30,0,,ok,"coleta própria, perfil público do Instagram via navegador, 2026-09-02 (contagem exata do endpoint de perfil)"
2026-09-02,MT,mt-sen-coronel-darwin,coronel_darwin_oficial,525,0,Darwin,ok,"coleta própria, perfil público do Instagram via navegador, 2026-09-02 (contagem exata do endpoint de perfil)"
2026-09-02,MT,mt-sen-galvan,antoniogalvan.mt,43971,0,Antonio Galvan,ok,"coleta própria, perfil público do Instagram via navegador, 2026-09-02 (contagem exata do endpoint de perfil)"
2026-09-02,MT,mt-sen-favaro,carloshbfavaro,73313,0,Carlos Fávaro,ok,"coleta própria, perfil público do Instagram via navegador, 2026-09-02 (contagem exata do endpoint de perfil)"
2026-09-02,MT,mt-sen-janaina-riva,janainariva,241000,1,,aproximado (meta),"coleta própria, perfil público do Instagram via navegador, 2026-09-02 (número arredondado da meta da página do perfil)"
2026-09-02,MT,mt-sen-mauro-mendes,mauromendesoficial,379138,0,Mauro Mendes,ok,"coleta própria, perfil público do Instagram via navegador, 2026-09-02 (contagem exata do endpoint de perfil)"
2026-09-02,MT,mt-sen-margareth-buzetti,margarethbuzetti,115000,1,,aproximado (meta),"coleta própria, perfil público do Instagram via navegador, 2026-09-02 (número arredondado da meta da página do perfil)"
2026-09-02,MT,mt-sen-professor-nelson-ferreira,nelsonferreiraju,28181,0,Nelson Ferreira Junior...ATLETA OLÍMPICO.,ok,"coleta própria, perfil público do Instagram via navegador, 2026-09-02 (contagem exata do endpoint de perfil)"
2026-09-02,MT,mt-sen-pedro-taques,pedrotaques,48855,0,Pedro Taques,ok,"coleta própria, perfil público do Instagram via navegador, 2026-09-02 (contagem exata do endpoint de perfil)"
2026-09-02,MS,ms-sen-capitao-contar,capitaocontar,126097,0,Capitão Contar,ok,"coleta própria, perfil público do Instagram via navegador, 2026-09-02 (contagem exata do endpoint de perfil)"
2026-09-02,MS,ms-sen-daniel-junior,daniel_junior_terenos2024,1118,0,Daniel Junior,ok,"coleta própria, perfil público do Instagram via navegador, 2026-09-02 (contagem exata do endpoint de perfil)"
2026-09-02,MS,ms-sen-luiz-lemes,luizantonio_lemes,,0,,perfil inexistente (404),"coleta própria, perfil público do Instagram via navegador, 2026-09-02 (perfil sem número legível)"
2026-09-02,MS,ms-sen-reinaldo-azambuja,reinaldoazambuja,84053,0,Reinaldo Azambuja,ok,"coleta própria, perfil público do Instagram via navegador, 2026-09-02 (contagem exata do endpoint de perfil)"
2026-09-02,MS,ms-sen-roberto-oshiro,robertooshiro,5218,0,Roberto Oshiro,ok,"coleta própria, perfil público do Instagram via navegador, 2026-09-02 (contagem exata do endpoint de perfil)"
2026-09-02,MS,ms-sen-soraya,sorayathronicke,482000,1,,aproximado (meta),"coleta própria, perfil público do Instagram via navegador, 2026-09-02 (número arredondado da meta da página do perfil)"
2026-09-02,MS,ms-sen-valter-da-comagran,valterdacomagran258,4,0,Valter da Comagran 258,ok,"coleta própria, perfil público do Instagram via navegador, 2026-09-02 (contagem exata do endpoint de perfil)"
2026-09-02,MS,ms-sen-vander-loubet,vanderloubet,23000,1,,aproximado (meta),"coleta própria, perfil público do Instagram via navegador, 2026-09-02 (número arredondado da meta da página do perfil)"
2026-09-02,MG,mg-sen-aecio-neves,aecionevesoficial,338000,1,,aproximado (meta),"coleta própria, perfil público do Instagram via navegador, 2026-09-02 (número arredondado da meta da página do perfil)"
2026-09-02,MG,mg-sen-ana-luiza-do-mlb,ana_da_mgs,,0,,perfil inexistente (404),"coleta própria, perfil público do Instagram via navegador, 2026-09-02 (perfil sem número legível)"
2026-09-02,MG,mg-sen-arcanjo-pimenta,arcanjopimenta,3,0,,aproximado (meta),"coleta própria, perfil público do Instagram via navegador, 2026-09-02 (número inteiro da meta da página do perfil)"
2026-09-02,MG,mg-sen-carlin-moura,eucarlinmoura,10627,0,𝗖𝗮𝗿𝗹𝗶𝗻 𝗠𝗼𝘂𝗿𝗮,ok,"coleta própria, perfil público do Instagram via navegador, 2026-09-02 (contagem exata do endpoint de perfil)"
2026-09-02,MG,mg-sen-carlos-viana,carlosviana,1079673,0,Senador Carlos Viana | VOTE 555,ok,"coleta própria, perfil público do Instagram via navegador, 2026-09-02 (contagem exata do endpoint de perfil)"
2026-09-02,MG,mg-sen-aurea-carolina,aureacarolina,128000,1,,aproximado (meta),"coleta própria, perfil público do Instagram via navegador, 2026-09-02 (número arredondado da meta da página do perfil)"
2026-09-02,MG,mg-sen-fidelis-alcantara,fidelis.alcantara.up,2877,0,Fidélis 800,ok,"coleta própria, perfil público do Instagram via navegador, 2026-09-02 (contagem exata do endpoint de perfil)"
2026-09-02,MG,mg-sen-domingos-savio,domingossaviomg,134000,1,,aproximado (meta),"coleta própria, perfil público do Instagram via navegador, 2026-09-02 (número arredondado da meta da página do perfil)"
2026-09-02,MG,mg-sen-marcelo-aro,marceloaro,614044,0,Marcelo Aro,ok,"coleta própria, perfil público do Instagram via navegador, 2026-09-02 (contagem exata do endpoint de perfil)"
2026-09-02,MG,mg-sen-manoel-carvalho,manoelcarvalhofilho,23000,1,,aproximado (meta),"coleta própria, perfil público do Instagram via navegador, 2026-09-02 (número arredondado da meta da página do perfil)"
2026-09-02,MG,mg-sen-marilia-campos,mariliacampos.mg,185402,0,Marília Campos,ok,"coleta própria, perfil público do Instagram via navegador, 2026-09-02 (contagem exata do endpoint de perfil)"
2026-09-02,MG,mg-sen-marco-antonio-superman,marco.antonio.costa,1000000,1,,aproximado (meta),"coleta própria, perfil público do Instagram via navegador, 2026-09-02 (número arredondado da meta da página do perfil)"
2026-09-02,PA,pa-sen-breno-guimaraes,brenoguimaraes.pa,4958,0,Breno Guimarães,ok,"coleta própria, perfil público do Instagram via navegador, 2026-09-02 (contagem exata do endpoint de perfil)"
2026-09-02,PA,pa-sen-celso-sabino,celsosabinooficial,126000,1,,aproximado (meta),"coleta própria, perfil público do Instagram via navegador, 2026-09-02 (número arredondado da meta da página do perfil)"
2026-09-02,PA,pa-sen-chicao,chicaodopara,54000,1,,aproximado (meta),"coleta própria, perfil público do Instagram via navegador, 2026-09-02 (número arredondado da meta da página do perfil)"
2026-09-02,PA,pa-sen-conti,contimarcelino,13100,0,Conti Marcelino,ok,"coleta própria, perfil público do Instagram via navegador, 2026-09-02 (contagem exata do endpoint de perfil)"
2026-09-02,PA,pa-sen-coronel-jonildo,coroneljonildo,3604,0,Coronel Jonildo,ok,"coleta própria, perfil público do Instagram via navegador, 2026-09-02 (contagem exata do endpoint de perfil)"
2026-09-02,PA,pa-sen-delegado-eder-mauro,edermauropa,474562,0,Delegado Éder Mauro 🇧🇷,ok,"coleta própria, perfil público do Instagram via navegador, 2026-09-02 (contagem exata do endpoint de perfil)"
2026-09-02,PA,pa-sen-edlaine-rodrigues,edlaine_g.rodrigues,827,0,Edlaine Rodrigues,ok,"coleta própria, perfil público do Instagram via navegador, 2026-09-02 (contagem exata do endpoint de perfil)"
2026-09-02,PA,pa-sen-gizelle-freitas,gizellefreitaspsol,8108,0,Gizelle Freitas,ok,"coleta própria, perfil público do Instagram via navegador, 2026-09-02 (contagem exata do endpoint de perfil)"
2026-09-02,PA,pa-sen-helder,helderbarbalho,1000000,1,,aproximado (meta),"coleta própria, perfil público do Instagram via navegador, 2026-09-02 (número arredondado da meta da página do perfil)"
2026-09-02,PA,pa-sen-livia-noronha,eulivianoronha,18324,0,Lívia Noronha • 777,ok,"coleta própria, perfil público do Instagram via navegador, 2026-09-02 (contagem exata do endpoint de perfil)"
2026-09-02,PB,pb-sen-joao-azevedo,prafrentecomjoao,1256,0,Pra Frente com João 💥,ok,"coleta própria, perfil público do Instagram via navegador, 2026-09-02 (contagem exata do endpoint de perfil)"
2026-09-02,PA,pa-sen-zequinha-marinho,zequinhamarinhooficial,100391,0,Zequinha Marinho,ok,"coleta própria, perfil público do Instagram via navegador, 2026-09-02 (contagem exata do endpoint de perfil)"
2026-09-02,PB,pb-sen-major-fabio,major_fabio,,0,,perfil inexistente (404),"coleta própria, perfil público do Instagram via navegador, 2026-09-02 (perfil sem número legível)"
2026-09-02,PB,pb-sen-joao-batista,joaobatista.up,291,0,João Batista,ok,"coleta própria, perfil público do Instagram via navegador, 2026-09-02 (contagem exata do endpoint de perfil)"
2026-09-02,PB,pb-sen-nabor,naborwanderley,103835,0,Nabor Wanderley,ok,"coleta própria, perfil público do Instagram via navegador, 2026-09-02 (contagem exata do endpoint de perfil)"
2026-09-02,PB,pb-sen-rosilene-santana,rosilene_up,2443,0,Rosilene Santana,ok,"coleta própria, perfil público do Instagram via navegador, 2026-09-02 (contagem exata do endpoint de perfil)"
2026-09-02,PB,pb-sen-veneziano,venezianovitalpb,175898,0,Senador Veneziano Vital,ok,"coleta própria, perfil público do Instagram via navegador, 2026-09-02 (contagem exata do endpoint de perfil)"
2026-09-02,PR,pr-sen-alexandre-curi,alexandre.curi,122049,0,Alexandre Curi,ok,"coleta própria, perfil público do Instagram via navegador, 2026-09-02 (contagem exata do endpoint de perfil)"
2026-09-02,PR,pr-sen-cristina-graeml,cristinagraeml,1000000,1,,aproximado (meta),"coleta própria, perfil público do Instagram via navegador, 2026-09-02 (número arredondado da meta da página do perfil)"
2026-09-02,PR,pr-sen-deltan-dallagnol,deltandallagnol,2417504,0,Deltan Dallagnol,ok,"coleta própria, perfil público do Instagram via navegador, 2026-09-02 (contagem exata do endpoint de perfil)"
2026-09-02,PR,pr-sen-dr-rosinha,drrosinha,5161,0,Dr. Rosinha,ok,"coleta própria, perfil público do Instagram via navegador, 2026-09-02 (contagem exata do endpoint de perfil)"
2026-09-02,PR,pr-sen-filipe-barros,filipebarrosoficial,815273,0,Filipe Barros,ok,"coleta própria, perfil público do Instagram via navegador, 2026-09-02 (contagem exata do endpoint de perfil)"
2026-09-02,PR,pr-sen-gleisi,gleisihoffmann,1000000,1,,aproximado (meta),"coleta própria, perfil público do Instagram via navegador, 2026-09-02 (número arredondado da meta da página do perfil)"
2026-09-02,PR,pr-sen-karen-guerreiro,karen.guerreiro7,10,0,,aproximado (meta),"coleta própria, perfil público do Instagram via navegador, 2026-09-02 (número inteiro da meta da página do perfil)"
2026-09-02,PE,pe-sen-carlos-sant-anna,carlossantannape,11629,0,Carlos Sant'Anna,ok,"coleta própria, perfil público do Instagram via navegador, 2026-09-02 (contagem exata do endpoint de perfil)"
2026-09-02,PE,pe-sen-eduardo-da-fonte,eduardodafonte,95000,1,,aproximado (meta),"coleta própria, perfil público do Instagram via navegador, 2026-09-02 (número arredondado da meta da página do perfil)"
2026-09-02,PE,pe-sen-gorett-bitu,mariagorettbitu,,0,,perfil inexistente (404),"coleta própria, perfil público do Instagram via navegador, 2026-09-02 (perfil sem número legível)"
2026-09-02,PE,pe-sen-humberto-costa,senadorhumberto,567000,1,,aproximado (meta),"coleta própria, perfil público do Instagram via navegador, 2026-09-02 (número arredondado da meta da página do perfil)"
2026-09-02,PE,pe-sen-marilia-arraes,mariliaarraes,395000,1,,aproximado (meta),"coleta própria, perfil público do Instagram via navegador, 2026-09-02 (número arredondado da meta da página do perfil)"
2026-09-02,PE,pe-sen-paulo-rubem-santiago,paulorubemsantiagoferreira,,0,,perfil inexistente (404),"coleta própria, perfil público do Instagram via navegador, 2026-09-02 (perfil sem número legível)"
2026-09-02,PE,pe-sen-samuel-timoteo,samueldaup,317,0,Samuel Timoteo,ok,"coleta própria, perfil público do Instagram via navegador, 2026-09-02 (contagem exata do endpoint de perfil)"
2026-09-02,PE,pe-sen-tulio-gadelha,tulio.gadelha,1820263,0,Túlio Gadêlha,ok,"coleta própria, perfil público do Instagram via navegador, 2026-09-02 (contagem exata do endpoint de perfil)"
2026-09-02,PI,pi-sen-alexandre-mariano,alexandremariano67_,801,0,Alexandre Mariano,ok,"coleta própria, perfil público do Instagram via navegador, 2026-09-02 (contagem exata do endpoint de perfil)"
2026-09-02,PI,pi-sen-antonio-jose-lira,antoniojoselirapi,6525,0,Antônio José Lira,ok,"coleta própria, perfil público do Instagram via navegador, 2026-09-02 (contagem exata do endpoint de perfil)"
2026-09-02,PI,pi-sen-antonio-barros,antoniobarrosaf,6,0,,aproximado (meta),"coleta própria, perfil público do Instagram via navegador, 2026-09-02 (número inteiro da meta da página do perfil)"
2026-09-02,PI,pi-sen-ciro-nogueira,piauicomciro,142,0,Piauí com Ciro 💙🤝,ok,"coleta própria, perfil público do Instagram via navegador, 2026-09-02 (contagem exata do endpoint de perfil)"
2026-09-02,PI,pi-sen-danniel-rocha,pstupiaui,1,0,,aproximado (meta),"coleta própria, perfil público do Instagram via navegador, 2026-09-02 (número inteiro da meta da página do perfil)"
2026-09-02,PI,pi-sen-dionisio-carvalho,dionisiodopiaui,2937,0,Dionísio Carvalho Neto,ok,"coleta própria, perfil público do Instagram via navegador, 2026-09-02 (contagem exata do endpoint de perfil)"
2026-09-02,PI,pi-sen-francinaldo-leao,francinaldopsol,4611,0,Francinaldo Leao,ok,"coleta própria, perfil público do Instagram via navegador, 2026-09-02 (contagem exata do endpoint de perfil)"
2026-09-02,PI,pi-sen-jardenya-bezerra,jardenyabezerra,2547,0,Jardenya Bezerra,ok,"coleta própria, perfil público do Instagram via navegador, 2026-09-02 (contagem exata do endpoint de perfil)"
2026-09-02,PI,pi-sen-jorge-lopes,jorgelopespiaui,2162,0,Jorge Lopes,ok,"coleta própria, perfil público do Instagram via navegador, 2026-09-02 (contagem exata do endpoint de perfil)"
2026-09-02,PI,pi-sen-julio-cesar,juliocesardopiaui,63110,0,Júlio César,ok,"coleta própria, perfil público do Instagram via navegador, 2026-09-02 (contagem exata do endpoint de perfil)"
2026-09-02,PI,pi-sen-marcelo-castro,marcelocastropi,93415,0,Marcelo Castro,ok,"coleta própria, perfil público do Instagram via navegador, 2026-09-02 (contagem exata do endpoint de perfil)"
2026-09-02,PI,pi-sen-major-paulo-roberto,majorpauloroberto,1,0,,aproximado (meta),"coleta própria, perfil público do Instagram via navegador, 2026-09-02 (número inteiro da meta da página do perfil)"
2026-09-02,PI,pi-sen-maria-madalena-nunes,madalena.psol,3173,0,Madalena Nunes,ok,"coleta própria, perfil público do Instagram via navegador, 2026-09-02 (contagem exata do endpoint de perfil)"
2026-09-02,PI,pi-sen-missionario-evandro-craveiro,miss.evandrocraveiro,550,0,,aproximado (meta),"coleta própria, perfil público do Instagram via navegador, 2026-09-02 (número inteiro da meta da página do perfil)"
2026-09-02,PI,pi-sen-pedro-laurentino,pedrolaurentinorp,2485,0,PEDRO LAURENTINO REIS PEREIRA,ok,"coleta própria, perfil público do Instagram via navegador, 2026-09-02 (contagem exata do endpoint de perfil)"
2026-09-02,RJ,rj-sen-andre-monteiro,andremonteirorj,11834,0,Andre Monteiro,ok,"coleta própria, perfil público do Instagram via navegador, 2026-09-02 (contagem exata do endpoint de perfil)"
2026-09-02,PI,pi-sen-toinho-dufrango,toinhodufrango,2,0,,aproximado (meta),"coleta própria, perfil público do Instagram via navegador, 2026-09-02 (número inteiro da meta da página do perfil)"
2026-09-02,RJ,rj-sen-carlos-jordy,carlosjordy,1414136,0,Senador Carlos Jordy 221,ok,"coleta própria, perfil público do Instagram via navegador, 2026-09-02 (contagem exata do endpoint de perfil)"
2026-09-02,RJ,rj-sen-carlos-portinho,carlosportinho,173494,0,Carlos Portinho | Candidato a Senador pelo Rio,ok,"coleta própria, perfil público do Instagram via navegador, 2026-09-02 (contagem exata do endpoint de perfil)"
2026-09-02,RJ,rj-sen-benedita-da-silva,instadabene,598000,1,,aproximado (meta),"coleta própria, perfil público do Instagram via navegador, 2026-09-02 (número arredondado da meta da página do perfil)"
2026-09-02,RJ,rj-sen-marcos-dias,marcosdiasoficial_,24786,0,Marcos Dias é Senador 200,ok,"coleta própria, perfil público do Instagram via navegador, 2026-09-02 (contagem exata do endpoint de perfil)"
2026-09-02,RJ,rj-sen-luciano-mattos,lucianomattos.oficial,2672,0,Luciano Mattos 2️⃣8️⃣0️⃣,ok,"coleta própria, perfil público do Instagram via navegador, 2026-09-02 (contagem exata do endpoint de perfil)"
2026-09-02,RJ,rj-sen-michelly-xavier,michellyxerem.up,2645,0,Michelly Xavier,ok,"coleta própria, perfil público do Instagram via navegador, 2026-09-02 (contagem exata do endpoint de perfil)"
2026-09-02,RJ,rj-sen-monica-benicio,monicaterezabenicio,309127,0,Monica Benicio 5️⃣0️⃣0️⃣,ok,"coleta própria, perfil público do Instagram via navegador, 2026-09-02 (contagem exata do endpoint de perfil)"
2026-09-02,RJ,rj-sen-o-clemente,clementesebastiaorj,598,0,,aproximado (meta),"coleta própria, perfil público do Instagram via navegador, 2026-09-02 (número inteiro da meta da página do perfil)"
2026-09-02,RJ,rj-sen-pedro-paulo,rio.pedropaulo,105000,1,,aproximado (meta),"coleta própria, perfil público do Instagram via navegador, 2026-09-02 (número arredondado da meta da página do perfil)"
2026-09-02,RJ,rj-sen-vinicius-benevides,viniciusbenevides.up,1914,0,Vinícius Benevides,ok,"coleta própria, perfil público do Instagram via navegador, 2026-09-02 (contagem exata do endpoint de perfil)"
2026-09-02,RJ,rj-sen-waguinho,waguinhocarneirooficial,108000,1,,aproximado (meta),"coleta própria, perfil público do Instagram via navegador, 2026-09-02 (número arredondado da meta da página do perfil)"
2026-09-02,RN,rn-sen-gari-wendell-batista,wendellbatist,514,0,,aproximado (meta),"coleta própria, perfil público do Instagram via navegador, 2026-09-02 (número inteiro da meta da página do perfil)"
2026-09-02,RN,rn-sen-luciana-mandu,pstu_rn,1506,0,PSTU RN,ok,"coleta própria, perfil público do Instagram via navegador, 2026-09-02 (contagem exata do endpoint de perfil)"
2026-09-02,RN,rn-sen-rafael-motta,rafaelmottarn,115762,0,Rafael Motta,ok,"coleta própria, perfil público do Instagram via navegador, 2026-09-02 (contagem exata do endpoint de perfil)"
2026-09-02,RN,rn-sen-rosalia-fernandes,pstu_rn,1506,0,PSTU RN,ok,"coleta própria, perfil público do Instagram via navegador, 2026-09-02 (contagem exata do endpoint de perfil)"
2026-09-02,RN,rn-sen-samanda-de-lula,samanda,61718,0,Samanda de Lula,ok,"coleta própria, perfil público do Instagram via navegador, 2026-09-02 (contagem exata do endpoint de perfil)"
2026-09-02,RN,rn-sen-sandro-pimentel,sandropimentelpsol,15894,0,Sandro Pimentel,ok,"coleta própria, perfil público do Instagram via navegador, 2026-09-02 (contagem exata do endpoint de perfil)"
2026-09-02,RN,rn-sen-sonia-godeiro,soniagodeiro,3363,0,Sônia Maria Godeiro,ok,"coleta própria, perfil público do Instagram via navegador, 2026-09-02 (contagem exata do endpoint de perfil)"
2026-09-02,RN,rn-sen-styvenson-valentim,capitaostyvensonsenador,264385,0,Senador Styvenson Valentim,ok,"coleta própria, perfil público do Instagram via navegador, 2026-09-02 (contagem exata do endpoint de perfil)"
2026-09-02,RN,rn-sen-tercio-tinoco,terciotinoco,27000,1,,aproximado (meta),"coleta própria, perfil público do Instagram via navegador, 2026-09-02 (número arredondado da meta da página do perfil)"
2026-09-02,RN,rn-sen-zenaide-maia,drazenaide,103000,1,,aproximado (meta),"coleta própria, perfil público do Instagram via navegador, 2026-09-02 (número arredondado da meta da página do perfil)"
2026-09-02,RS,rs-sen-frederico-antunes,depfredericoantunes,19600,0,Frederico Antunes,ok,"coleta própria, perfil público do Instagram via navegador, 2026-09-02 (contagem exata do endpoint de perfil)"
2026-09-02,RS,rs-sen-luciano-do-mlb,lucianodomlb.up,1928,0,Luciano do MLB,ok,"coleta própria, perfil público do Instagram via navegador, 2026-09-02 (contagem exata do endpoint de perfil)"
2026-09-02,RS,rs-sen-manuela-d-avila,manunosenado,34580,0,Manu no Senado 500 🫶✨💜,ok,"coleta própria, perfil público do Instagram via navegador, 2026-09-02 (contagem exata do endpoint de perfil)"
2026-09-02,RS,rs-sen-marcel-van-hattem,marcelvanhattem,2471340,0,Marcel van Hattem,ok,"coleta própria, perfil público do Instagram via navegador, 2026-09-02 (contagem exata do endpoint de perfil)"
2026-09-02,RS,rs-sen-renato-jaguarao,renatojaguarao,9332,0,RENATO JAGUARÃO / OFICIAL®,ok,"coleta própria, perfil público do Instagram via navegador, 2026-09-02 (contagem exata do endpoint de perfil)"
2026-09-02,RS,rs-sen-pimenta,pimenta13br,474423,0,Paulo Pimenta,ok,"coleta própria, perfil público do Instagram via navegador, 2026-09-02 (contagem exata do endpoint de perfil)"
2026-09-02,RS,rs-sen-sanderson,sandersonrs,293704,0,SANDERSON,ok,"coleta própria, perfil público do Instagram via navegador, 2026-09-02 (contagem exata do endpoint de perfil)"
2026-09-02,RS,rs-sen-tania-peres,taninha_peres,,0,,perfil inexistente (404),"coleta própria, perfil público do Instagram via navegador, 2026-09-02 (perfil sem número legível)"
2026-09-02,RS,rs-sen-rigotto,germanorigotto,11000,1,,aproximado (meta),"coleta própria, perfil público do Instagram via navegador, 2026-09-02 (número arredondado da meta da página do perfil)"
2026-09-02,AP,ap-sen-professor-uzian-pinto,uzianpinto,61000,1,,aproximado (meta),"coleta própria, perfil público do Instagram via navegador, 2026-09-02 (número arredondado da meta da página do perfil)"
2026-09-02,AP,ap-sen-randolfe,randolferodrigues,755284,0,Randolfe Rodrigues,ok,"coleta própria, perfil público do Instagram via navegador, 2026-09-02 (contagem exata do endpoint de perfil)"
2026-09-02,RO,ro-sen-acir-gurgacz,acir_gurgacz,22000,1,,aproximado (meta),"coleta própria, perfil público do Instagram via navegador, 2026-09-02 (número arredondado da meta da página do perfil)"
2026-09-02,RO,ro-sen-aires-mota,airesmota,593,0,,aproximado (meta),"coleta própria, perfil público do Instagram via navegador, 2026-09-02 (número inteiro da meta da página do perfil)"
